[System: 192.168.1.54] ERROR | 07/06/2026 17:24:29.477 | General Service|:: CompanyIndex:348 SpName: spADM_GetDataSetParameters :
 'declare @UserID int,@RoleID int,@UserName NVARCHAR(100),@where nvarchar(max),@query nvarchar(max)
set @UserID=1
set @RoleID=1-- Employee:-1
SELECT @UserName=UserName From ADM_Users WITH(NOLOCK) WHERE UserID=@UserID
exec [fnGet_GetAssignedDims] @UserID,@RoleID,@where output
 create table #TblUsrWF(WID int,LevelID int,Type int,CtWef float,LvWef int)
EXEC spRPT_GetReportData @Type=8,@Param1=@UserID,@strXML=null,@RoleID=@RoleID set @query=''  SELECT DT.CostCenterID,DT.DocumentName,DT.DocumentType,DT.IsInventory,count(*) CNT
FROM (
 SELECT INV.CostCenterID
FROM INV_DocDetails INV with(nolock)''
if(@where<>'''')
	set @query=@query+'' join com_docccdata d with(nolock) on INV.INVDocDetailsid=d.INVDocDetailsid''	

set @query=@query+'' ,#TblUsrWF WF
WHERE WF.WID=INV.WorkflowID and (WF.LevelID>INV.WorkFlowLevel or (WF.LevelID+1=INV.WorkFlowLevel and INV.StatusID=372)) and (INV.StatusID=371 or INV.StatusID=372 or INV.StatusID=441) AND (WF.Type=1 or (INV.WorkFlowLevel+1=WF.LevelID and INV.StatusID!=372) or (WF.LevelID+1=INV.WorkFlowLevel and INV.StatusID=372) or (WF.CtWef is not null and INV.WorkFlowLevel>=WF.LvWef
and INV.CreatedDate+WF.CtWef<=convert(float,getdate())))  ''+@where+''
GROUP BY INV.CostCenterID,INV.VoucherNo
UNION ALL
SELECT ACC.CostCenterID
FROM ACC_DocDetails ACC with(nolock)''
if(@where<>'''')
	set @query=@query+'' join com_docccdata d with(nolock) on ACC.ACCDocDetailsid=d.ACCDocDetailsid''	

set @query=@query+'',#TblUsrWF WF
WHERE ACC.LinkedAccDocDetailsID is null and ACC.InvDocDetailsID is null and WF.WID=ACC.WorkflowID and (WF.LevelID>ACC.WorkFlowLevel or (WF.LevelID+1=ACC.WorkFlowLevel and ACC.StatusID=372)) and (ACC.StatusID=371 or ACC.StatusID=372 or ACC.StatusID=441) AND (WF.Type=1 or (ACC.WorkFlowLevel+1=WF.LevelID and ACC.StatusID!=372) or (WF.LevelID+1=ACC.WorkFlowLevel and ACC.StatusID=372) or (WF.CtWef is not null and ACC.WorkFlowLevel>=WF.LvWef
and ACC.CreatedDate+WF.CtWef<=convert(float,getdate())))   ''+@where+''
GROUP BY ACC.CostCenterID,ACC.VoucherNo  ) AS T
JOIN ADM_DocumentTypes DT with(nolock) ON T.CostCenterID=DT.CostCenterID
GROUP BY DT.CostCenterID,DT.DocumentName,DT.DocumentType,DT.IsInventory  
UNION ALL
SELECT DT.FeatureID CostCenterID,DT.Name DocumentName,-DT.FeatureID DocumentType,0 IsInventory,count(*) CNT
FROM (
SELECT INV.CostCenterID FROM REN_Contract INV WITH(NOLOCK),#TblUsrWF WF
WHERE  WF.WID=INV.WorkflowID and WF.LevelID>INV.WorkFlowLevel and (INV.StatusID=440 or INV.StatusID=470 or INV.StatusID=466) AND (WF.Type=1 or (INV.WorkFlowLevel+1=WF.LevelID and INV.StatusID!=470)  or (WF.CtWef is not null and INV.WorkFlowLevel>=WF.LvWef
 and INV.CreatedDate+WF.CtWef<=convert(float,getdate()))) AND INV.RefContractID=0 ) AS T
JOIN ADM_Features DT with(nolock) ON T.CostCenterID=DT.FeatureID
GROUP BY DT.FeatureID,DT.Name 
ORDER BY DocumentName''
exec(@query)

DROP TABLE #TblUsrWF
'
 ,1
 ,1|Cannot open database "PACT2C348" requested by the login. The login failed.
Login failed for user 'sa'.
[System: 192.168.1.54] ERROR | 07/06/2026 17:24:29.508 | General Service|:: CompanyIndex:348 SpName: spADM_GetDataSetParameters :
 'select * from COM_TokenHistory WITH(NOLOCK) where JwtToken=''eyJhbGciOiJIUzI1NiIsInR5cCI6IkpXVCJ9.eyJ1bmlxdWVfbmFtZSI6ImFkbWluLDEsMzQ4LDEiLCJuYmYiOjE3ODMzMzc3NTIsImV4cCI6MTc4MzM2NjU1MiwiaWF0IjoxNzgzMzM3NzUyfQ.7WkBPYGv8x9-Oa6Jnde_7-Juq4KOm5Wq7dNlJ5w5uOA'''
 ,1
 ,1|Cannot open database "PACT2C348" requested by the login. The login failed.
Login failed for user 'sa'.
[System: 192.168.1.54] ERROR | 07/06/2026 17:24:39.455 | General Service|:: CompanyIndex:99 SpName: spADM_GetDataSetParameters :
 'declare @UserID int,@RoleID int,@UserName NVARCHAR(100),@where nvarchar(max),@query nvarchar(max)
set @UserID=1
set @RoleID=1-- Employee:-1
SELECT @UserName=UserName From ADM_Users WITH(NOLOCK) WHERE UserID=@UserID
exec [fnGet_GetAssignedDims] @UserID,@RoleID,@where output
 create table #TblUsrWF(WID int,LevelID int,Type int,CtWef float,LvWef int)
EXEC spRPT_GetReportData @Type=8,@Param1=@UserID,@strXML=null,@RoleID=@RoleID set @query=''  SELECT DT.CostCenterID,DT.DocumentName,DT.DocumentType,DT.IsInventory,count(*) CNT
FROM (
 SELECT INV.CostCenterID
FROM INV_DocDetails INV with(nolock)''
if(@where<>'''')
	set @query=@query+'' join com_docccdata d with(nolock) on INV.INVDocDetailsid=d.INVDocDetailsid''	

set @query=@query+'' ,#TblUsrWF WF
WHERE WF.WID=INV.WorkflowID and (WF.LevelID>INV.WorkFlowLevel or (WF.LevelID+1=INV.WorkFlowLevel and INV.StatusID=372)) and (INV.StatusID=371 or INV.StatusID=372 or INV.StatusID=441) AND (WF.Type=1 or (INV.WorkFlowLevel+1=WF.LevelID and INV.StatusID!=372) or (WF.LevelID+1=INV.WorkFlowLevel and INV.StatusID=372) or (WF.CtWef is not null and INV.WorkFlowLevel>=WF.LvWef
and INV.CreatedDate+WF.CtWef<=convert(float,getdate())))  ''+@where+''
GROUP BY INV.CostCenterID,INV.VoucherNo
UNION ALL
SELECT ACC.CostCenterID
FROM ACC_DocDetails ACC with(nolock)''
if(@where<>'''')
	set @query=@query+'' join com_docccdata d with(nolock) on ACC.ACCDocDetailsid=d.ACCDocDetailsid''	

set @query=@query+'',#TblUsrWF WF
WHERE ACC.LinkedAccDocDetailsID is null and ACC.InvDocDetailsID is null and WF.WID=ACC.WorkflowID and (WF.LevelID>ACC.WorkFlowLevel or (WF.LevelID+1=ACC.WorkFlowLevel and ACC.StatusID=372)) and (ACC.StatusID=371 or ACC.StatusID=372 or ACC.StatusID=441) AND (WF.Type=1 or (ACC.WorkFlowLevel+1=WF.LevelID and ACC.StatusID!=372) or (WF.LevelID+1=ACC.WorkFlowLevel and ACC.StatusID=372) or (WF.CtWef is not null and ACC.WorkFlowLevel>=WF.LvWef
and ACC.CreatedDate+WF.CtWef<=convert(float,getdate())))   ''+@where+''
GROUP BY ACC.CostCenterID,ACC.VoucherNo  ) AS T
JOIN ADM_DocumentTypes DT with(nolock) ON T.CostCenterID=DT.CostCenterID
GROUP BY DT.CostCenterID,DT.DocumentName,DT.DocumentType,DT.IsInventory  
UNION ALL
SELECT DT.FeatureID CostCenterID,DT.Name DocumentName,-DT.FeatureID DocumentType,0 IsInventory,count(*) CNT
FROM (
SELECT INV.CostCenterID FROM REN_Contract INV WITH(NOLOCK),#TblUsrWF WF
WHERE  WF.WID=INV.WorkflowID and WF.LevelID>INV.WorkFlowLevel and (INV.StatusID=440 or INV.StatusID=470 or INV.StatusID=466) AND (WF.Type=1 or (INV.WorkFlowLevel+1=WF.LevelID and INV.StatusID!=470)  or (WF.CtWef is not null and INV.WorkFlowLevel>=WF.LvWef
 and INV.CreatedDate+WF.CtWef<=convert(float,getdate()))) AND INV.RefContractID=0 ) AS T
JOIN ADM_Features DT with(nolock) ON T.CostCenterID=DT.FeatureID
GROUP BY DT.FeatureID,DT.Name 
ORDER BY DocumentName''
exec(@query)

DROP TABLE #TblUsrWF
'
 ,1
 ,1|Cannot open database "PACT2C99" requested by the login. The login failed.
Login failed for user 'sa'.
[System: 192.168.1.54] ERROR | 07/06/2026 17:24:39.455 | General Service|:: CompanyIndex:99 SpName: spADM_GetDataSetParameters :
 'select * from COM_TokenHistory WITH(NOLOCK) where JwtToken=''eyJhbGciOiJIUzI1NiIsInR5cCI6IkpXVCJ9.eyJ1bmlxdWVfbmFtZSI6ImFkbWluLDEsOTksMSIsIm5iZiI6MTc4MzMzNzQxMCwiZXhwIjoxNzgzMzY2MjEwLCJpYXQiOjE3ODMzMzc0MTB9.UrAyl1sH9BDWnRbrGULXONnCFl9Umbq-kfsJrBsZEz8'''
 ,1
 ,1|Cannot open database "PACT2C99" requested by the login. The login failed.
Login failed for user 'sa'.
[System: 192.168.1.54] ERROR | 07/06/2026 17:25:23.432 | General Service|:: CompanyIndex:348 SpName: spADM_GetDataSetParameters :
 'declare @UserID int,@RoleID int,@UserName NVARCHAR(100),@where nvarchar(max),@query nvarchar(max)
set @UserID=1
set @RoleID=1-- Employee:-1
SELECT @UserName=UserName From ADM_Users WITH(NOLOCK) WHERE UserID=@UserID
exec [fnGet_GetAssignedDims] @UserID,@RoleID,@where output
 create table #TblUsrWF(WID int,LevelID int,Type int,CtWef float,LvWef int)
EXEC spRPT_GetReportData @Type=8,@Param1=@UserID,@strXML=null,@RoleID=@RoleID set @query=''  SELECT DT.CostCenterID,DT.DocumentName,DT.DocumentType,DT.IsInventory,count(*) CNT
FROM (
 SELECT INV.CostCenterID
FROM INV_DocDetails INV with(nolock)''
if(@where<>'''')
	set @query=@query+'' join com_docccdata d with(nolock) on INV.INVDocDetailsid=d.INVDocDetailsid''	

set @query=@query+'' ,#TblUsrWF WF
WHERE WF.WID=INV.WorkflowID and (WF.LevelID>INV.WorkFlowLevel or (WF.LevelID+1=INV.WorkFlowLevel and INV.StatusID=372)) and (INV.StatusID=371 or INV.StatusID=372 or INV.StatusID=441) AND (WF.Type=1 or (INV.WorkFlowLevel+1=WF.LevelID and INV.StatusID!=372) or (WF.LevelID+1=INV.WorkFlowLevel and INV.StatusID=372) or (WF.CtWef is not null and INV.WorkFlowLevel>=WF.LvWef
and INV.CreatedDate+WF.CtWef<=convert(float,getdate())))  ''+@where+''
GROUP BY INV.CostCenterID,INV.VoucherNo
UNION ALL
SELECT ACC.CostCenterID
FROM ACC_DocDetails ACC with(nolock)''
if(@where<>'''')
	set @query=@query+'' join com_docccdata d with(nolock) on ACC.ACCDocDetailsid=d.ACCDocDetailsid''	

set @query=@query+'',#TblUsrWF WF
WHERE ACC.LinkedAccDocDetailsID is null and ACC.InvDocDetailsID is null and WF.WID=ACC.WorkflowID and (WF.LevelID>ACC.WorkFlowLevel or (WF.LevelID+1=ACC.WorkFlowLevel and ACC.StatusID=372)) and (ACC.StatusID=371 or ACC.StatusID=372 or ACC.StatusID=441) AND (WF.Type=1 or (ACC.WorkFlowLevel+1=WF.LevelID and ACC.StatusID!=372) or (WF.LevelID+1=ACC.WorkFlowLevel and ACC.StatusID=372) or (WF.CtWef is not null and ACC.WorkFlowLevel>=WF.LvWef
and ACC.CreatedDate+WF.CtWef<=convert(float,getdate())))   ''+@where+''
GROUP BY ACC.CostCenterID,ACC.VoucherNo  ) AS T
JOIN ADM_DocumentTypes DT with(nolock) ON T.CostCenterID=DT.CostCenterID
GROUP BY DT.CostCenterID,DT.DocumentName,DT.DocumentType,DT.IsInventory  
UNION ALL
SELECT DT.FeatureID CostCenterID,DT.Name DocumentName,-DT.FeatureID DocumentType,0 IsInventory,count(*) CNT
FROM (
SELECT INV.CostCenterID FROM REN_Contract INV WITH(NOLOCK),#TblUsrWF WF
WHERE  WF.WID=INV.WorkflowID and WF.LevelID>INV.WorkFlowLevel and (INV.StatusID=440 or INV.StatusID=470 or INV.StatusID=466) AND (WF.Type=1 or (INV.WorkFlowLevel+1=WF.LevelID and INV.StatusID!=470)  or (WF.CtWef is not null and INV.WorkFlowLevel>=WF.LvWef
 and INV.CreatedDate+WF.CtWef<=convert(float,getdate()))) AND INV.RefContractID=0 ) AS T
JOIN ADM_Features DT with(nolock) ON T.CostCenterID=DT.FeatureID
GROUP BY DT.FeatureID,DT.Name 
ORDER BY DocumentName''
exec(@query)

DROP TABLE #TblUsrWF
'
 ,1
 ,1|Cannot open database "PACT2C348" requested by the login. The login failed.
Login failed for user 'sa'.
[System: 192.168.1.54] ERROR | 07/06/2026 17:25:23.432 | General Service|:: CompanyIndex:348 SpName: spADM_GetDataSetParameters :
 'select * from COM_TokenHistory WITH(NOLOCK) where JwtToken=''eyJhbGciOiJIUzI1NiIsInR5cCI6IkpXVCJ9.eyJ1bmlxdWVfbmFtZSI6ImFkbWluLDEsMzQ4LDEiLCJuYmYiOjE3ODMzMzc3NTIsImV4cCI6MTc4MzM2NjU1MiwiaWF0IjoxNzgzMzM3NzUyfQ.7WkBPYGv8x9-Oa6Jnde_7-Juq4KOm5Wq7dNlJ5w5uOA'''
 ,1
 ,1|Cannot open database "PACT2C348" requested by the login. The login failed.
Login failed for user 'sa'.
[System: 192.168.1.54] ERROR | 07/06/2026 17:25:23.479 | General Service|:: CompanyIndex:99 SpName: spCOM_ConfigValuesParameters :
 1
 ,'NotifTime'
 ,''|Cannot open database "PACT2C99" requested by the login. The login failed.
Login failed for user 'sa'.
[System: 192.168.1.54] ERROR | 07/06/2026 17:25:23.479 | General Service|:: CompanyIndex:99 SpName: spADM_GetDataSetParameters :
 'select * from COM_TokenHistory WITH(NOLOCK) where JwtToken=''eyJhbGciOiJIUzI1NiIsInR5cCI6IkpXVCJ9.eyJ1bmlxdWVfbmFtZSI6ImFkbWluLDEsOTksMSIsIm5iZiI6MTc4MzMzNzQxMCwiZXhwIjoxNzgzMzY2MjEwLCJpYXQiOjE3ODMzMzc0MTB9.UrAyl1sH9BDWnRbrGULXONnCFl9Umbq-kfsJrBsZEz8'''
 ,1
 ,1|Cannot open database "PACT2C99" requested by the login. The login failed.
Login failed for user 'sa'.
[System: 192.168.1.54] ERROR | 07/06/2026 17:26:04.454 | General Service|:: CompanyIndex:348 SpName: spCOM_ConfigValuesParameters :
 1
 ,'NotifTime'
 ,''|Cannot open database "PACT2C348" requested by the login. The login failed.
Login failed for user 'sa'.
[System: 192.168.1.54] ERROR | 07/06/2026 17:26:04.454 | General Service|:: CompanyIndex:348 SpName: spADM_GetDataSetParameters :
 'select * from COM_TokenHistory WITH(NOLOCK) where JwtToken=''eyJhbGciOiJIUzI1NiIsInR5cCI6IkpXVCJ9.eyJ1bmlxdWVfbmFtZSI6ImFkbWluLDEsMzQ4LDEiLCJuYmYiOjE3ODMzMzc3NTIsImV4cCI6MTc4MzM2NjU1MiwiaWF0IjoxNzgzMzM3NzUyfQ.7WkBPYGv8x9-Oa6Jnde_7-Juq4KOm5Wq7dNlJ5w5uOA'''
 ,1
 ,1|Cannot open database "PACT2C348" requested by the login. The login failed.
Login failed for user 'sa'.
[System: 192.168.1.54] DEBUG | 07/06/2026 17:37:14.921 | General Service|:: CompanyIndex:0 SpName: spADM_Login 
 4
 ,''
 ,''
 ,''
 ,'declare @AllowSession bit,@GUID nvarchar(50)
set @AllowSession=0
set @GUID=''30988190-bd04-4b98-970d-76528166a56b''
if exists(select [GUID] from ADM_Login with(nolock) where [GUID]=@GUID)
begin
    update ADM_Login  set LastAccessTime=convert(float,getdate()) where [GUID]=@GUID
    set @AllowSession=1
end
select @AllowSession AllowSession
'
 ,''
 ,0
[System: 192.168.1.54] ERROR | 07/06/2026 17:37:24.394 | General Service|:: CompanyIndex:99 SpName: spADM_GetDataSetParameters :
 'select * from COM_TokenHistory WITH(NOLOCK) where JwtToken=''eyJhbGciOiJIUzI1NiIsInR5cCI6IkpXVCJ9.eyJ1bmlxdWVfbmFtZSI6ImFkbWluLDEsOTksMSIsIm5iZiI6MTc4MzMzNzQxMCwiZXhwIjoxNzgzMzY2MjEwLCJpYXQiOjE3ODMzMzc0MTB9.UrAyl1sH9BDWnRbrGULXONnCFl9Umbq-kfsJrBsZEz8'''
 ,1
 ,1|Cannot open database "PACT2C99" requested by the login. The login failed.
Login failed for user 'sa'.
[System: 192.168.1.54] ERROR | 07/06/2026 17:37:24.394 | General Service|:: CompanyIndex:99 SpName: spCOM_ConfigValuesParameters :
 1
 ,'NotifTime'
 ,''|Cannot open database "PACT2C99" requested by the login. The login failed.
Login failed for user 'sa'.
[System: 192.168.1.54] ERROR | 07/06/2026 17:37:24.394 | General Service|:: CompanyIndex:99 SpName: spADM_GetDataSetParameters :
 'declare @UserID int,@RoleID int,@UserName NVARCHAR(100),@where nvarchar(max),@query nvarchar(max)
set @UserID=1
set @RoleID=1-- Employee:-1
SELECT @UserName=UserName From ADM_Users WITH(NOLOCK) WHERE UserID=@UserID
exec [fnGet_GetAssignedDims] @UserID,@RoleID,@where output
 create table #TblUsrWF(WID int,LevelID int,Type int,CtWef float,LvWef int)
EXEC spRPT_GetReportData @Type=8,@Param1=@UserID,@strXML=null,@RoleID=@RoleID set @query=''  SELECT DT.CostCenterID,DT.DocumentName,DT.DocumentType,DT.IsInventory,count(*) CNT
FROM (
 SELECT INV.CostCenterID
FROM INV_DocDetails INV with(nolock)''
if(@where<>'''')
	set @query=@query+'' join com_docccdata d with(nolock) on INV.INVDocDetailsid=d.INVDocDetailsid''	

set @query=@query+'' ,#TblUsrWF WF
WHERE WF.WID=INV.WorkflowID and (WF.LevelID>INV.WorkFlowLevel or (WF.LevelID+1=INV.WorkFlowLevel and INV.StatusID=372)) and (INV.StatusID=371 or INV.StatusID=372 or INV.StatusID=441) AND (WF.Type=1 or (INV.WorkFlowLevel+1=WF.LevelID and INV.StatusID!=372) or (WF.LevelID+1=INV.WorkFlowLevel and INV.StatusID=372) or (WF.CtWef is not null and INV.WorkFlowLevel>=WF.LvWef
and INV.CreatedDate+WF.CtWef<=convert(float,getdate())))  ''+@where+''
GROUP BY INV.CostCenterID,INV.VoucherNo
UNION ALL
SELECT ACC.CostCenterID
FROM ACC_DocDetails ACC with(nolock)''
if(@where<>'''')
	set @query=@query+'' join com_docccdata d with(nolock) on ACC.ACCDocDetailsid=d.ACCDocDetailsid''	

set @query=@query+'',#TblUsrWF WF
WHERE ACC.LinkedAccDocDetailsID is null and ACC.InvDocDetailsID is null and WF.WID=ACC.WorkflowID and (WF.LevelID>ACC.WorkFlowLevel or (WF.LevelID+1=ACC.WorkFlowLevel and ACC.StatusID=372)) and (ACC.StatusID=371 or ACC.StatusID=372 or ACC.StatusID=441) AND (WF.Type=1 or (ACC.WorkFlowLevel+1=WF.LevelID and ACC.StatusID!=372) or (WF.LevelID+1=ACC.WorkFlowLevel and ACC.StatusID=372) or (WF.CtWef is not null and ACC.WorkFlowLevel>=WF.LvWef
and ACC.CreatedDate+WF.CtWef<=convert(float,getdate())))   ''+@where+''
GROUP BY ACC.CostCenterID,ACC.VoucherNo  ) AS T
JOIN ADM_DocumentTypes DT with(nolock) ON T.CostCenterID=DT.CostCenterID
GROUP BY DT.CostCenterID,DT.DocumentName,DT.DocumentType,DT.IsInventory  
UNION ALL
SELECT DT.FeatureID CostCenterID,DT.Name DocumentName,-DT.FeatureID DocumentType,0 IsInventory,count(*) CNT
FROM (
SELECT INV.CostCenterID FROM REN_Contract INV WITH(NOLOCK),#TblUsrWF WF
WHERE  WF.WID=INV.WorkflowID and WF.LevelID>INV.WorkFlowLevel and (INV.StatusID=440 or INV.StatusID=470 or INV.StatusID=466) AND (WF.Type=1 or (INV.WorkFlowLevel+1=WF.LevelID and INV.StatusID!=470)  or (WF.CtWef is not null and INV.WorkFlowLevel>=WF.LvWef
 and INV.CreatedDate+WF.CtWef<=convert(float,getdate()))) AND INV.RefContractID=0 ) AS T
JOIN ADM_Features DT with(nolock) ON T.CostCenterID=DT.FeatureID
GROUP BY DT.FeatureID,DT.Name 
ORDER BY DocumentName''
exec(@query)

DROP TABLE #TblUsrWF
'
 ,1
 ,1|Cannot open database "PACT2C99" requested by the login. The login failed.
Login failed for user 'sa'.
[System: 192.168.1.54] ERROR | 07/06/2026 17:37:34.423 | General Service|:: CompanyIndex:99 SpName: spADM_GetDataSetParameters :
 'select * from COM_TokenHistory WITH(NOLOCK) where JwtToken=''eyJhbGciOiJIUzI1NiIsInR5cCI6IkpXVCJ9.eyJ1bmlxdWVfbmFtZSI6ImFkbWluLDEsOTksMSIsIm5iZiI6MTc4MzMzNzQxMCwiZXhwIjoxNzgzMzY2MjEwLCJpYXQiOjE3ODMzMzc0MTB9.UrAyl1sH9BDWnRbrGULXONnCFl9Umbq-kfsJrBsZEz8'''
 ,1
 ,1|Cannot open database "PACT2C99" requested by the login. The login failed.
Login failed for user 'sa'.
[System: 192.168.1.54] ERROR | 07/06/2026 17:37:34.423 | General Service|:: CompanyIndex:99 SpName: spADM_GetDataSetParameters :
 'select * from COM_TokenHistory WITH(NOLOCK) where JwtToken=''eyJhbGciOiJIUzI1NiIsInR5cCI6IkpXVCJ9.eyJ1bmlxdWVfbmFtZSI6ImFkbWluLDEsOTksMSIsIm5iZiI6MTc4MzMzNzQxMCwiZXhwIjoxNzgzMzY2MjEwLCJpYXQiOjE3ODMzMzc0MTB9.UrAyl1sH9BDWnRbrGULXONnCFl9Umbq-kfsJrBsZEz8'''
 ,1
 ,1|Cannot open database "PACT2C99" requested by the login. The login failed.
Login failed for user 'sa'.
[System: 192.168.1.54] ERROR | 07/06/2026 17:38:03.888 | General Service|:: CompanyIndex:348 SpName: spCOM_ConfigValuesParameters :
 1
 ,'NotifTime'
 ,''|Cannot open database "PACT2C348" requested by the login. The login failed.
Login failed for user 'sa'.
[System: 192.168.1.54] ERROR | 07/06/2026 17:38:03.888 | General Service|:: CompanyIndex:348 SpName: spADM_GetDataSetParameters :
 'declare @UserID int,@RoleID int,@UserName NVARCHAR(100),@where nvarchar(max),@query nvarchar(max)
set @UserID=1
set @RoleID=1-- Employee:-1
SELECT @UserName=UserName From ADM_Users WITH(NOLOCK) WHERE UserID=@UserID
exec [fnGet_GetAssignedDims] @UserID,@RoleID,@where output
 create table #TblUsrWF(WID int,LevelID int,Type int,CtWef float,LvWef int)
EXEC spRPT_GetReportData @Type=8,@Param1=@UserID,@strXML=null,@RoleID=@RoleID set @query=''  SELECT DT.CostCenterID,DT.DocumentName,DT.DocumentType,DT.IsInventory,count(*) CNT
FROM (
 SELECT INV.CostCenterID
FROM INV_DocDetails INV with(nolock)''
if(@where<>'''')
	set @query=@query+'' join com_docccdata d with(nolock) on INV.INVDocDetailsid=d.INVDocDetailsid''	

set @query=@query+'' ,#TblUsrWF WF
WHERE WF.WID=INV.WorkflowID and (WF.LevelID>INV.WorkFlowLevel or (WF.LevelID+1=INV.WorkFlowLevel and INV.StatusID=372)) and (INV.StatusID=371 or INV.StatusID=372 or INV.StatusID=441) AND (WF.Type=1 or (INV.WorkFlowLevel+1=WF.LevelID and INV.StatusID!=372) or (WF.LevelID+1=INV.WorkFlowLevel and INV.StatusID=372) or (WF.CtWef is not null and INV.WorkFlowLevel>=WF.LvWef
and INV.CreatedDate+WF.CtWef<=convert(float,getdate())))  ''+@where+''
GROUP BY INV.CostCenterID,INV.VoucherNo
UNION ALL
SELECT ACC.CostCenterID
FROM ACC_DocDetails ACC with(nolock)''
if(@where<>'''')
	set @query=@query+'' join com_docccdata d with(nolock) on ACC.ACCDocDetailsid=d.ACCDocDetailsid''	

set @query=@query+'',#TblUsrWF WF
WHERE ACC.LinkedAccDocDetailsID is null and ACC.InvDocDetailsID is null and WF.WID=ACC.WorkflowID and (WF.LevelID>ACC.WorkFlowLevel or (WF.LevelID+1=ACC.WorkFlowLevel and ACC.StatusID=372)) and (ACC.StatusID=371 or ACC.StatusID=372 or ACC.StatusID=441) AND (WF.Type=1 or (ACC.WorkFlowLevel+1=WF.LevelID and ACC.StatusID!=372) or (WF.LevelID+1=ACC.WorkFlowLevel and ACC.StatusID=372) or (WF.CtWef is not null and ACC.WorkFlowLevel>=WF.LvWef
and ACC.CreatedDate+WF.CtWef<=convert(float,getdate())))   ''+@where+''
GROUP BY ACC.CostCenterID,ACC.VoucherNo  ) AS T
JOIN ADM_DocumentTypes DT with(nolock) ON T.CostCenterID=DT.CostCenterID
GROUP BY DT.CostCenterID,DT.DocumentName,DT.DocumentType,DT.IsInventory  
UNION ALL
SELECT DT.FeatureID CostCenterID,DT.Name DocumentName,-DT.FeatureID DocumentType,0 IsInventory,count(*) CNT
FROM (
SELECT INV.CostCenterID FROM REN_Contract INV WITH(NOLOCK),#TblUsrWF WF
WHERE  WF.WID=INV.WorkflowID and WF.LevelID>INV.WorkFlowLevel and (INV.StatusID=440 or INV.StatusID=470 or INV.StatusID=466) AND (WF.Type=1 or (INV.WorkFlowLevel+1=WF.LevelID and INV.StatusID!=470)  or (WF.CtWef is not null and INV.WorkFlowLevel>=WF.LvWef
 and INV.CreatedDate+WF.CtWef<=convert(float,getdate()))) AND INV.RefContractID=0 ) AS T
JOIN ADM_Features DT with(nolock) ON T.CostCenterID=DT.FeatureID
GROUP BY DT.FeatureID,DT.Name 
ORDER BY DocumentName''
exec(@query)

DROP TABLE #TblUsrWF
'
 ,1
 ,1|Cannot open database "PACT2C348" requested by the login. The login failed.
Login failed for user 'sa'.
[System: 192.168.1.54] ERROR | 07/06/2026 17:38:03.888 | General Service|:: CompanyIndex:348 SpName: spADM_GetDataSetParameters :
 'select * from COM_TokenHistory WITH(NOLOCK) where JwtToken=''eyJhbGciOiJIUzI1NiIsInR5cCI6IkpXVCJ9.eyJ1bmlxdWVfbmFtZSI6ImFkbWluLDEsMzQ4LDEiLCJuYmYiOjE3ODMzMzc3NTIsImV4cCI6MTc4MzM2NjU1MiwiaWF0IjoxNzgzMzM3NzUyfQ.7WkBPYGv8x9-Oa6Jnde_7-Juq4KOm5Wq7dNlJ5w5uOA'''
 ,1
 ,1|Cannot open database "PACT2C348" requested by the login. The login failed.
Login failed for user 'sa'.
[System: 192.168.1.54] ERROR | 07/06/2026 17:38:03.888 | General Service|:: CompanyIndex:348 SpName: spADM_GetDataSetParameters :
 'select * from COM_TokenHistory WITH(NOLOCK) where JwtToken=''eyJhbGciOiJIUzI1NiIsInR5cCI6IkpXVCJ9.eyJ1bmlxdWVfbmFtZSI6ImFkbWluLDEsMzQ4LDEiLCJuYmYiOjE3ODMzMzc3NTIsImV4cCI6MTc4MzM2NjU1MiwiaWF0IjoxNzgzMzM3NzUyfQ.7WkBPYGv8x9-Oa6Jnde_7-Juq4KOm5Wq7dNlJ5w5uOA'''
 ,1
 ,1|Cannot open database "PACT2C348" requested by the login. The login failed.
Login failed for user 'sa'.
[System: 192.168.1.54] DEBUG | 07/06/2026 17:53:44.484 | General Service|:: CompanyIndex:0 SpName: spADM_Login 
 4
 ,''
 ,''
 ,''
 ,'declare @AllowSession bit,@GUID nvarchar(50)
set @AllowSession=0
set @GUID=''237365a3-ff8f-4c56-8e3b-1b3ce000a083''
if exists(select [GUID] from ADM_Login with(nolock) where [GUID]=@GUID)
begin
    update ADM_Login  set LastAccessTime=convert(float,getdate()) where [GUID]=@GUID
    set @AllowSession=1
end
select @AllowSession AllowSession
'
 ,''
 ,0
[System: 192.168.1.54] ERROR | 07/06/2026 17:53:54.508 | General Service|:: CompanyIndex:348 SpName: spCOM_ConfigValuesParameters :
 1
 ,'NotifTime'
 ,''|Cannot open database "PACT2C348" requested by the login. The login failed.
Login failed for user 'sa'.
[System: 192.168.1.54] ERROR | 07/06/2026 17:53:54.508 | General Service|:: CompanyIndex:348 SpName: spADM_GetDataSetParameters :
 'select * from COM_TokenHistory WITH(NOLOCK) where JwtToken=''eyJhbGciOiJIUzI1NiIsInR5cCI6IkpXVCJ9.eyJ1bmlxdWVfbmFtZSI6ImFkbWluLDEsMzQ4LDEiLCJuYmYiOjE3ODMzMzc3NTIsImV4cCI6MTc4MzM2NjU1MiwiaWF0IjoxNzgzMzM3NzUyfQ.7WkBPYGv8x9-Oa6Jnde_7-Juq4KOm5Wq7dNlJ5w5uOA'''
 ,1
 ,1|Cannot open database "PACT2C348" requested by the login. The login failed.
Login failed for user 'sa'.
[System: 192.168.1.54] ERROR | 07/06/2026 17:54:04.524 | General Service|:: CompanyIndex:348 SpName: spADM_GetDataSetParameters :
 'select * from COM_TokenHistory WITH(NOLOCK) where JwtToken=''eyJhbGciOiJIUzI1NiIsInR5cCI6IkpXVCJ9.eyJ1bmlxdWVfbmFtZSI6ImFkbWluLDEsMzQ4LDEiLCJuYmYiOjE3ODMzMzc3NTIsImV4cCI6MTc4MzM2NjU1MiwiaWF0IjoxNzgzMzM3NzUyfQ.7WkBPYGv8x9-Oa6Jnde_7-Juq4KOm5Wq7dNlJ5w5uOA'''
 ,1
 ,1|Cannot open database "PACT2C348" requested by the login. The login failed.
Login failed for user 'sa'.
[System: 192.168.1.54] ERROR | 07/06/2026 18:00:52.591 | General Service|:: CompanyIndex:348 SpName: spCOM_ConfigValuesParameters :
 1
 ,'NotifTime'
 ,''|Cannot open database "PACT2C348" requested by the login. The login failed.
Login failed for user 'sa'.
[System: 192.168.1.54] ERROR | 07/06/2026 18:00:52.591 | General Service|:: CompanyIndex:348 SpName: spADM_GetDataSetParameters :
 'declare @UserID int,@RoleID int,@UserName NVARCHAR(100),@where nvarchar(max),@query nvarchar(max)
set @UserID=1
set @RoleID=1-- Employee:-1
SELECT @UserName=UserName From ADM_Users WITH(NOLOCK) WHERE UserID=@UserID
exec [fnGet_GetAssignedDims] @UserID,@RoleID,@where output
 create table #TblUsrWF(WID int,LevelID int,Type int,CtWef float,LvWef int)
EXEC spRPT_GetReportData @Type=8,@Param1=@UserID,@strXML=null,@RoleID=@RoleID set @query=''  SELECT DT.CostCenterID,DT.DocumentName,DT.DocumentType,DT.IsInventory,count(*) CNT
FROM (
 SELECT INV.CostCenterID
FROM INV_DocDetails INV with(nolock)''
if(@where<>'''')
	set @query=@query+'' join com_docccdata d with(nolock) on INV.INVDocDetailsid=d.INVDocDetailsid''	

set @query=@query+'' ,#TblUsrWF WF
WHERE WF.WID=INV.WorkflowID and (WF.LevelID>INV.WorkFlowLevel or (WF.LevelID+1=INV.WorkFlowLevel and INV.StatusID=372)) and (INV.StatusID=371 or INV.StatusID=372 or INV.StatusID=441) AND (WF.Type=1 or (INV.WorkFlowLevel+1=WF.LevelID and INV.StatusID!=372) or (WF.LevelID+1=INV.WorkFlowLevel and INV.StatusID=372) or (WF.CtWef is not null and INV.WorkFlowLevel>=WF.LvWef
and INV.CreatedDate+WF.CtWef<=convert(float,getdate())))  ''+@where+''
GROUP BY INV.CostCenterID,INV.VoucherNo
UNION ALL
SELECT ACC.CostCenterID
FROM ACC_DocDetails ACC with(nolock)''
if(@where<>'''')
	set @query=@query+'' join com_docccdata d with(nolock) on ACC.ACCDocDetailsid=d.ACCDocDetailsid''	

set @query=@query+'',#TblUsrWF WF
WHERE ACC.LinkedAccDocDetailsID is null and ACC.InvDocDetailsID is null and WF.WID=ACC.WorkflowID and (WF.LevelID>ACC.WorkFlowLevel or (WF.LevelID+1=ACC.WorkFlowLevel and ACC.StatusID=372)) and (ACC.StatusID=371 or ACC.StatusID=372 or ACC.StatusID=441) AND (WF.Type=1 or (ACC.WorkFlowLevel+1=WF.LevelID and ACC.StatusID!=372) or (WF.LevelID+1=ACC.WorkFlowLevel and ACC.StatusID=372) or (WF.CtWef is not null and ACC.WorkFlowLevel>=WF.LvWef
and ACC.CreatedDate+WF.CtWef<=convert(float,getdate())))   ''+@where+''
GROUP BY ACC.CostCenterID,ACC.VoucherNo  ) AS T
JOIN ADM_DocumentTypes DT with(nolock) ON T.CostCenterID=DT.CostCenterID
GROUP BY DT.CostCenterID,DT.DocumentName,DT.DocumentType,DT.IsInventory  
UNION ALL
SELECT DT.FeatureID CostCenterID,DT.Name DocumentName,-DT.FeatureID DocumentType,0 IsInventory,count(*) CNT
FROM (
SELECT INV.CostCenterID FROM REN_Contract INV WITH(NOLOCK),#TblUsrWF WF
WHERE  WF.WID=INV.WorkflowID and WF.LevelID>INV.WorkFlowLevel and (INV.StatusID=440 or INV.StatusID=470 or INV.StatusID=466) AND (WF.Type=1 or (INV.WorkFlowLevel+1=WF.LevelID and INV.StatusID!=470)  or (WF.CtWef is not null and INV.WorkFlowLevel>=WF.LvWef
 and INV.CreatedDate+WF.CtWef<=convert(float,getdate()))) AND INV.RefContractID=0 ) AS T
JOIN ADM_Features DT with(nolock) ON T.CostCenterID=DT.FeatureID
GROUP BY DT.FeatureID,DT.Name 
ORDER BY DocumentName''
exec(@query)

DROP TABLE #TblUsrWF
'
 ,1
 ,1|Cannot open database "PACT2C348" requested by the login. The login failed.
Login failed for user 'sa'.
[System: 192.168.1.54] ERROR | 07/06/2026 18:01:02.613 | General Service|:: CompanyIndex:348 SpName: spADM_GetDataSetParameters :
 'select * from COM_TokenHistory WITH(NOLOCK) where JwtToken=''eyJhbGciOiJIUzI1NiIsInR5cCI6IkpXVCJ9.eyJ1bmlxdWVfbmFtZSI6ImFkbWluLDEsMzQ4LDEiLCJuYmYiOjE3ODMzMzc3NTIsImV4cCI6MTc4MzM2NjU1MiwiaWF0IjoxNzgzMzM3NzUyfQ.7WkBPYGv8x9-Oa6Jnde_7-Juq4KOm5Wq7dNlJ5w5uOA'''
 ,1
 ,1|Cannot open database "PACT2C348" requested by the login. The login failed.
Login failed for user 'sa'.
[System: 192.168.1.54] ERROR | 07/06/2026 18:01:02.613 | General Service|:: CompanyIndex:348 SpName: spADM_GetDataSetParameters :
 'select * from COM_TokenHistory WITH(NOLOCK) where JwtToken=''eyJhbGciOiJIUzI1NiIsInR5cCI6IkpXVCJ9.eyJ1bmlxdWVfbmFtZSI6ImFkbWluLDEsMzQ4LDEiLCJuYmYiOjE3ODMzMzc3NTIsImV4cCI6MTc4MzM2NjU1MiwiaWF0IjoxNzgzMzM3NzUyfQ.7WkBPYGv8x9-Oa6Jnde_7-Juq4KOm5Wq7dNlJ5w5uOA'''
 ,1
 ,1|Cannot open database "PACT2C348" requested by the login. The login failed.
Login failed for user 'sa'.
[System: 192.168.1.54] DEBUG | 07/06/2026 18:01:33.192 | General Service|:: CompanyIndex:0 SpName: spADM_GetClientUserDetails2C 
 'admin'
 ,1
 ,0
[System: 192.168.1.54] DEBUG | 07/06/2026 18:01:33.270 | General Service|:: CompanyIndex:0 SpName: spADM_UserLoginCheck 
 2
 ,'admin'
 ,0
 ,'192.168.1.54'
 ,'192.168.1.54'
 ,''
 ,'Web'
 ,1
[System: 192.168.1.54] DEBUG | 07/06/2026 18:01:35.398 | General Service|:: CompanyIndex:1 SpName: spADM_GetClientUserDetails 
 'admin'
 ,1
 ,'28.3.9'
 ,0
[System: 192.168.1.54] DEBUG | 07/06/2026 18:01:35.533 | General Service|:: CompanyIndex:0 SpName: spADM_UserLoginCheck 
 2
 ,'admin'
 ,1
 ,'192.168.1.54'
 ,'192.168.1.54'
 ,''
 ,'Web'
 ,1
[System: 192.168.1.54] DEBUG | 07/06/2026 18:01:35.561 | General Service|:: CompanyIndex:0 SpName: spADM_Login 
 1
 ,''
 ,''
 ,''
 ,''
 ,''
 ,1
[System: 192.168.1.54] DEBUG | 07/06/2026 18:01:35.686 | General Service|:: CompanyIndex:1 SpName: spADM_GetDataSet 
 'select Value from ADM_GlobalPreferences with (nolock) where name =''EnableReLogin'''
 ,1
 ,1
[System: 192.168.1.54] DEBUG | 07/06/2026 18:01:35.686 | General Service|:: CompanyIndex:1 SpName: spADM_GetDataSet 
 'select * from COM_TokenHistory WITH(NOLOCK) where JwtToken=''eyJhbGciOiJIUzI1NiIsInR5cCI6IkpXVCJ9.eyJ1bmlxdWVfbmFtZSI6ImFkbWluLDEsMSwxIiwibmJmIjoxNzgzMzQxMDk1LCJleHAiOjE3ODMzNjk4OTUsImlhdCI6MTc4MzM0MTA5NX0.rwNKfVX7bznzeAGTphuhnEFpb2Dtvzgyg3vCg5fSBow'''
 ,1
 ,1
[System: 192.168.1.54] DEBUG | 07/06/2026 18:01:35.707 | General Service|:: CompanyIndex:0 SpName: spADM_Login 
 4
 ,''
 ,''
 ,''
 ,'declare @Cnt int,@ExpiredGUID nvarchar(50),@AllowSession int,@GUID nvarchar(50),@CurrDate float,@UserID INT,@Instances INT,@InstancesExists INT,@LCDBIndex int
set @CurrDate= convert(float,dateadd(minute,-21,getdate()))
set @AllowSession=0
set @GUID=''6ddacbae-9134-4c5c-8db1-5c796e883200''
set @LCDBIndex=1
select top 1 @UserID=UserID,@Instances=InstanceCount from ADM_Users with(nolock) where UserName=''admin''
if exists(select [GUID] from ADM_Login with(nolock) where [GUID]=@GUID)
begin
	update ADM_Login 
	set LastAccessTime=convert(float,getdate()),UserID=@UserID
	where [GUID]=@GUID
    set @AllowSession=1
end
else
begin
	select @Cnt=count(*) from ADM_Login with(nolock) where LCDBIndex=@LCDBIndex and [GUID]!=''ACCESSRIGHTS''  and AP =''WEB''  
    if(@Cnt<100)
		set @AllowSession=1
	else
	begin
		select top 1 @ExpiredGUID=[GUID] from ADM_Login with(nolock)
		where [GUID]!=''ACCESSRIGHTS'' and LCDBIndex=@LCDBIndex and LastAccessTime<@CurrDate  and AP =''WEB''  
 order by LastAccessTime asc

        if @ExpiredGUID is not null
		begin
			delete from ADM_Login where [GUID]=@ExpiredGUID
			set @AllowSession=1
		end
	end
	if @AllowSession=1
	begin
        select @InstancesExists=COUNT(*) from ADM_Login with(nolock)
		where [GUID]!=''ACCESSRIGHTS'' and LCDBIndex=@LCDBIndex and LastAccessTime>=@CurrDate and UserID=@UserID  and AP =''WEB''  
         if (@Instances!=0 and @Instances<=@InstancesExists)
			set @AllowSession=2
		else
		    INSERT INTO ADM_Login([GUID],[SysName],IPAddress,[Status],LoginTime,LastAccessTime,AccessRights,UserID,DBIndex,LCDBIndex,AP)
		    VALUES(@GUID,''WEB'',''192.168.1.54'',1,convert(float,getdate()),convert(float,getdate()),null,@UserID,1,@LCDBIndex, ''WEB'')
	end
end

select @AllowSession AllowSession,@Instances Instances,@InstancesExists InstancesExists
'
 ,''
 ,1
[System: 192.168.1.54] DEBUG | 07/06/2026 18:01:35.723 | General Service|:: CompanyIndex:1 SpName: spADM_GetDataSet 
 'select * from COM_TokenHistory WITH(NOLOCK) where JwtToken=''eyJhbGciOiJIUzI1NiIsInR5cCI6IkpXVCJ9.eyJ1bmlxdWVfbmFtZSI6ImFkbWluLDEsMSwxIiwibmJmIjoxNzgzMzQxMDk1LCJleHAiOjE3ODMzNjk4OTUsImlhdCI6MTc4MzM0MTA5NX0.rwNKfVX7bznzeAGTphuhnEFpb2Dtvzgyg3vCg5fSBow'''
 ,1
 ,1
[System: 192.168.1.54] DEBUG | 07/06/2026 18:01:35.801 | General Service|:: CompanyIndex:1 SpName: spADM_GetDataSet 
 'SELECT (SELECT COUNT(*) FROM COM_Location L WITH(NOLOCK) JOIN COM_Status S WITH(NOLOCK) ON S.StatusID=L.StatusID WHERE L.IsGroup=0 AND S.[Status]=''Active'') ML
,(SELECT COUNT(*) FROM ADM_Features WITH(NOLOCK) WHERE ((FeatureID>50000 AND FeatureID<=50050) OR FeatureID>=51000) AND IsEnabled=1) MD
,(SELECT ISNULL(COUNT(*),0) FROM ADM_RevenUReports WITH(NOLOCK) WHERE IsGroup=0 AND ReportID>10000 AND StaticReportType IN (0,-1)) MR'
 ,1
 ,1
[System: 192.168.1.54] DEBUG | 07/06/2026 18:01:35.801 | General Service|:: CompanyIndex:1 SpName: spADM_GetDataSet 
 'select * from COM_TokenHistory WITH(NOLOCK) where JwtToken=''eyJhbGciOiJIUzI1NiIsInR5cCI6IkpXVCJ9.eyJ1bmlxdWVfbmFtZSI6ImFkbWluLDEsMSwxIiwibmJmIjoxNzgzMzQxMDk1LCJleHAiOjE3ODMzNjk4OTUsImlhdCI6MTc4MzM0MTA5NX0.rwNKfVX7bznzeAGTphuhnEFpb2Dtvzgyg3vCg5fSBow'''
 ,1
 ,1
[System: 192.168.1.54] DEBUG | 07/06/2026 18:01:35.817 | General Service|:: CompanyIndex:1 SpName: spADM_GetDataSet 
 'select ReportID, ReportName from ADM_RevenUReports WITH(NOLOCK)WHERE ReportID IN(30,10220,69,10257) '
 ,1
 ,1
[System: 192.168.1.54] DEBUG | 07/06/2026 18:01:35.832 | General Service|:: CompanyIndex:1 SpName: spADM_GetDataSet 
 'select * from COM_TokenHistory WITH(NOLOCK) where JwtToken=''eyJhbGciOiJIUzI1NiIsInR5cCI6IkpXVCJ9.eyJ1bmlxdWVfbmFtZSI6ImFkbWluLDEsMSwxIiwibmJmIjoxNzgzMzQxMDk1LCJleHAiOjE3ODMzNjk4OTUsImlhdCI6MTc4MzM0MTA5NX0.rwNKfVX7bznzeAGTphuhnEFpb2Dtvzgyg3vCg5fSBow'''
 ,1
 ,1
[System: 192.168.1.54] DEBUG | 07/06/2026 18:01:35.879 | General Service|:: CompanyIndex:1 SpName: spRPT_GetUnApprovedDocsCount 
 ''
 ,'1'
 ,'1'
 ,1
[System: 192.168.1.54] DEBUG | 07/06/2026 18:01:35.879 | General Service|:: CompanyIndex:1 SpName: spADM_GetDataSet 
 'select * from COM_TokenHistory WITH(NOLOCK) where JwtToken=''eyJhbGciOiJIUzI1NiIsInR5cCI6IkpXVCJ9.eyJ1bmlxdWVfbmFtZSI6ImFkbWluLDEsMSwxIiwibmJmIjoxNzgzMzQxMDk1LCJleHAiOjE3ODMzNjk4OTUsImlhdCI6MTc4MzM0MTA5NX0.rwNKfVX7bznzeAGTphuhnEFpb2Dtvzgyg3vCg5fSBow'''
 ,1
 ,1
[System: 192.168.1.54] DEBUG | 07/06/2026 18:01:35.895 | General Service|:: CompanyIndex:1 SpName: spCOM_ConfigValues 
 1
 ,'NotifTime'
 ,''
[System: 192.168.1.54] DEBUG | 07/06/2026 18:01:35.895 | General Service|:: CompanyIndex:1 SpName: spADM_GetDataSet 
 'select * from COM_TokenHistory WITH(NOLOCK) where JwtToken=''eyJhbGciOiJIUzI1NiIsInR5cCI6IkpXVCJ9.eyJ1bmlxdWVfbmFtZSI6ImFkbWluLDEsMSwxIiwibmJmIjoxNzgzMzQxMDk1LCJleHAiOjE3ODMzNjk4OTUsImlhdCI6MTc4MzM0MTA5NX0.rwNKfVX7bznzeAGTphuhnEFpb2Dtvzgyg3vCg5fSBow'''
 ,1
 ,1
[System: 192.168.1.54] DEBUG | 07/06/2026 18:01:38.557 | General Service|:: CompanyIndex:1 SpName: spADM_GetRibbonView 
 1
 ,1
 ,1
 ,1
 ,0
 ,''
[System: 192.168.1.54] DEBUG | 07/06/2026 18:01:38.572 | General Service|:: CompanyIndex:1 SpName: spADM_GetDataSet 
 'select * from COM_TokenHistory WITH(NOLOCK) where JwtToken=''eyJhbGciOiJIUzI1NiIsInR5cCI6IkpXVCJ9.eyJ1bmlxdWVfbmFtZSI6ImFkbWluLDEsMSwxIiwibmJmIjoxNzgzMzQxMDk1LCJleHAiOjE3ODMzNjk4OTUsImlhdCI6MTc4MzM0MTA5NX0.rwNKfVX7bznzeAGTphuhnEFpb2Dtvzgyg3vCg5fSBow'''
 ,1
 ,1
[System: 192.168.1.54] DEBUG | 07/06/2026 18:01:38.876 | General Service|:: CompanyIndex:1 SpName: spRPT_GetReport 
 2
 ,0
 ,'1'
 ,'1'
 ,1
[System: 192.168.1.54] DEBUG | 07/06/2026 18:01:38.876 | General Service|:: CompanyIndex:1 SpName: spADM_GetDataSet 
 'select * from COM_TokenHistory WITH(NOLOCK) where JwtToken=''eyJhbGciOiJIUzI1NiIsInR5cCI6IkpXVCJ9.eyJ1bmlxdWVfbmFtZSI6ImFkbWluLDEsMSwxIiwibmJmIjoxNzgzMzQxMDk1LCJleHAiOjE3ODMzNjk4OTUsImlhdCI6MTc4MzM0MTA5NX0.rwNKfVX7bznzeAGTphuhnEFpb2Dtvzgyg3vCg5fSBow'''
 ,1
 ,1
[System: 192.168.1.54] DEBUG | 07/06/2026 18:01:38.907 | General Service|:: CompanyIndex:1 SpName: spADM_GetDashBoard 
 2
 ,0
 ,0
 ,'1'
 ,'1'
 ,1
[System: 192.168.1.54] DEBUG | 07/06/2026 18:01:38.907 | General Service|:: CompanyIndex:1 SpName: spADM_GetDataSet 
 'select * from COM_TokenHistory WITH(NOLOCK) where JwtToken=''eyJhbGciOiJIUzI1NiIsInR5cCI6IkpXVCJ9.eyJ1bmlxdWVfbmFtZSI6ImFkbWluLDEsMSwxIiwibmJmIjoxNzgzMzQxMDk1LCJleHAiOjE3ODMzNjk4OTUsImlhdCI6MTc4MzM0MTA5NX0.rwNKfVX7bznzeAGTphuhnEFpb2Dtvzgyg3vCg5fSBow'''
 ,1
 ,1
[System: 192.168.1.54] DEBUG | 07/06/2026 18:01:38.922 | General Service|:: CompanyIndex:1 SpName: spCOM_ConfigValues 
 1
 ,'LandingDocs'
 ,'1'
[System: 192.168.1.54] DEBUG | 07/06/2026 18:01:38.922 | General Service|:: CompanyIndex:1 SpName: spADM_GetDataSet 
 'select * from COM_TokenHistory WITH(NOLOCK) where JwtToken=''eyJhbGciOiJIUzI1NiIsInR5cCI6IkpXVCJ9.eyJ1bmlxdWVfbmFtZSI6ImFkbWluLDEsMSwxIiwibmJmIjoxNzgzMzQxMDk1LCJleHAiOjE3ODMzNjk4OTUsImlhdCI6MTc4MzM0MTA5NX0.rwNKfVX7bznzeAGTphuhnEFpb2Dtvzgyg3vCg5fSBow'''
 ,1
 ,1
[System: 192.168.1.54] DEBUG | 07/06/2026 18:01:38.985 | General Service|:: CompanyIndex:1 SpName: spCOM_GetFavorites 
 'GETLIST0'
 ,0
 ,'1'
 ,'1'
 ,1
[System: 192.168.1.54] DEBUG | 07/06/2026 18:01:38.985 | General Service|:: CompanyIndex:1 SpName: spADM_GetDataSet 
 'select * from COM_TokenHistory WITH(NOLOCK) where JwtToken=''eyJhbGciOiJIUzI1NiIsInR5cCI6IkpXVCJ9.eyJ1bmlxdWVfbmFtZSI6ImFkbWluLDEsMSwxIiwibmJmIjoxNzgzMzQxMDk1LCJleHAiOjE3ODMzNjk4OTUsImlhdCI6MTc4MzM0MTA5NX0.rwNKfVX7bznzeAGTphuhnEFpb2Dtvzgyg3vCg5fSBow'''
 ,1
 ,1
[System: 192.168.1.54] DEBUG | 07/06/2026 18:01:38.985 | General Service|:: CompanyIndex:1 SpName: spADM_GetAllListViewsDef 
 1
 ,1
[System: 192.168.1.54] DEBUG | 07/06/2026 18:01:38.985 | General Service|:: CompanyIndex:1 SpName: spADM_GetDataSet 
 'select * from COM_TokenHistory WITH(NOLOCK) where JwtToken=''eyJhbGciOiJIUzI1NiIsInR5cCI6IkpXVCJ9.eyJ1bmlxdWVfbmFtZSI6ImFkbWluLDEsMSwxIiwibmJmIjoxNzgzMzQxMDk1LCJleHAiOjE3ODMzNjk4OTUsImlhdCI6MTc4MzM0MTA5NX0.rwNKfVX7bznzeAGTphuhnEFpb2Dtvzgyg3vCg5fSBow'''
 ,1
 ,1
[System: 192.168.1.54] DEBUG | 07/06/2026 18:01:39.094 | General Service|:: CompanyIndex:1 SpName: spADM_GetAllListViewsDef 
 1
 ,1
[System: 192.168.1.54] DEBUG | 07/06/2026 18:01:39.094 | General Service|:: CompanyIndex:1 SpName: spADM_GetDataSet 
 'select * from COM_TokenHistory WITH(NOLOCK) where JwtToken=''eyJhbGciOiJIUzI1NiIsInR5cCI6IkpXVCJ9.eyJ1bmlxdWVfbmFtZSI6ImFkbWluLDEsMSwxIiwibmJmIjoxNzgzMzQxMDk1LCJleHAiOjE3ODMzNjk4OTUsImlhdCI6MTc4MzM0MTA5NX0.rwNKfVX7bznzeAGTphuhnEFpb2Dtvzgyg3vCg5fSBow'''
 ,1
 ,1
[System: 192.168.1.54] DEBUG | 07/06/2026 18:01:39.219 | General Service|:: CompanyIndex:1 SpName: spADM_GetDataSet 
 'Select CostCenterID,CostCenterColID,CostCenterName,SysTableName,UserColumnName,SysColumnName,ISNULL(UserDefaultValue,'''') UserDefaultValue
From AdM_CostCenterDef WITH(NOLOCK)
Where SysColumnName IN(''CreditAccount'',''DebitAccount'',''ProductID'') 
AND CostCenterID>40000 AND CostCenterID<50000 

SELECT * FROM ADM_Features WITH(NOLOCK) '
 ,1
 ,1
[System: 192.168.1.54] DEBUG | 07/06/2026 18:01:39.219 | General Service|:: CompanyIndex:1 SpName: spADM_GetDataSet 
 'select * from COM_TokenHistory WITH(NOLOCK) where JwtToken=''eyJhbGciOiJIUzI1NiIsInR5cCI6IkpXVCJ9.eyJ1bmlxdWVfbmFtZSI6ImFkbWluLDEsMSwxIiwibmJmIjoxNzgzMzQxMDk1LCJleHAiOjE3ODMzNjk4OTUsImlhdCI6MTc4MzM0MTA5NX0.rwNKfVX7bznzeAGTphuhnEFpb2Dtvzgyg3vCg5fSBow'''
 ,1
 ,1
[System: 192.168.1.54] DEBUG | 07/06/2026 18:01:39.266 | General Service|:: CompanyIndex:1 SpName: spADM_GetDataSet 
 '  SELECT * FROM PAY_PayrollPreferences WITH(NOLOCK) '
 ,1
 ,1
[System: 192.168.1.54] DEBUG | 07/06/2026 18:01:39.282 | General Service|:: CompanyIndex:1 SpName: spADM_GetDataSet 
 'select * from COM_TokenHistory WITH(NOLOCK) where JwtToken=''eyJhbGciOiJIUzI1NiIsInR5cCI6IkpXVCJ9.eyJ1bmlxdWVfbmFtZSI6ImFkbWluLDEsMSwxIiwibmJmIjoxNzgzMzQxMDk1LCJleHAiOjE3ODMzNjk4OTUsImlhdCI6MTc4MzM0MTA5NX0.rwNKfVX7bznzeAGTphuhnEFpb2Dtvzgyg3vCg5fSBow'''
 ,1
 ,1
[System: 192.168.1.54] DEBUG | 07/06/2026 18:01:39.344 | General Service|:: CompanyIndex:1 SpName: spADM_GetDataSet 
 '  --0
                                Select * FROM COM_CC50051 WITH(NOLOCK) WHERE IsGroup=0 AND LoginUserID=''admin''
                                --1                                
                                Select * FROM COM_CC50051 WITH(NOLOCK) WHERE RptManager IN (Select NodeID FROM COM_CC50051 WITH(NOLOCK) WHERE IsGroup=0 AND LoginUserID=''admin'')
                                UNION ALL
                                Select * FROM COM_CC50051 WITH(NOLOCK) WHERE RptManager IN 
                                (
	                                Select NodeID FROM COM_CC50051 WITH(NOLOCK) 
	                                WHERE IsGroup=0 AND LoginUserID IN
	                                (
	                                SELECT fe.LoginUserID
	                                FROM INV_DocDetails a WITH(NOLOCK) 
	                                JOIN COM_DocCCData b WITH(NOLOCK) ON b.InvDocDetailsID=a.InvDocDetailsID
	                                JOIN COM_DocNumData c WITH(NOLOCK) ON c.InvDocDetailsID=a.InvDocDetailsID
	                                JOIN COM_DocTextData d WITH(NOLOCK) ON d.InvDocDetailsID=a.InvDocDetailsID
	                                JOIN COM_CC50051 fe WITH(NOLOCK) on fe.NodeID=b.dcCCNID51
	                                JOIN COM_CC50051 te WITH(NOLOCK) on CONVERT(NVARCHAR,te.NodeID)=d.dcAlpha1
	                                WHERE a.CostCenterID=40098 and a.StatusID=369 AND d.dcAlpha3=''Temporary''
	                                AND te.LoginUserID=''admin'' 
	                                AND ISDATE(d.dcAlpha4)=1 AND ISDATE(d.dcAlpha5)=1 
	                                AND CONVERT(DATETIME,''06 Jul 2026'') BETWEEN CONVERT(DATETIME,d.dcAlpha4) AND CONVERT(DATETIME,d.dcAlpha5)
	                                )
                                )
                                --2
                                Select * FROM ADM_USERS WITH(NOLOCK) WHERE USERID=1
                                --3
                                Select * FROM COM_CostCenterCostCenterMap WITH(NOLOCK) WHERE ParentCostCenterID=7 AND ParentNodeID=1
                                --4                                
                                Select * FROM COM_CostCenterCostCenterMap WITH(NOLOCK) WHERE ParentCostCenterID=7 AND ParentNodeID=1
                                AND CostCenterID IN(Select ColumnCostCenterID From ADM_CostCenterDef Where CostCenterID=50051 AND IsColumnInUse=1 AND SysColumnName LIKE ''CCNID%'')
                                --5
                                Select * from COM_Files WITH(NOLOCK) WHERE FeatureID=50051 AND FeaturePK IN (Select NodeID FROM COM_CC50051 WITH(NOLOCK) WHERE IsGroup=0 AND LoginUserID=''admin'')                         
'
 ,1
 ,1
[System: 192.168.1.54] DEBUG | 07/06/2026 18:01:39.360 | General Service|:: CompanyIndex:1 SpName: spADM_GetDataSet 
 'select * from COM_TokenHistory WITH(NOLOCK) where JwtToken=''eyJhbGciOiJIUzI1NiIsInR5cCI6IkpXVCJ9.eyJ1bmlxdWVfbmFtZSI6ImFkbWluLDEsMSwxIiwibmJmIjoxNzgzMzQxMDk1LCJleHAiOjE3ODMzNjk4OTUsImlhdCI6MTc4MzM0MTA5NX0.rwNKfVX7bznzeAGTphuhnEFpb2Dtvzgyg3vCg5fSBow'''
 ,1
 ,1
[System: 192.168.1.54] DEBUG | 07/06/2026 18:01:39.360 | General Service|:: CompanyIndex:1 SpName: spADM_GetDataSet 
 'UPDATE C SET STATUSID=CASE WHEN ResignType=''Resigned'' THEN 302 WHEN ResignType=''Terminated With Cause'' THEN 303 WHEN ResignType=''Terminated Without Cause'' THEN 304 END 
                            FROM COM_CC50051 C WITH(NOLOCK)
                            WHERE ResignStatus=''Posted'' AND ResignType NOT IN(''Pending'',''Rejected'') 
                            AND DOResign IS NOT NULL AND DORelieve IS NOT NULL
                            AND STATUSID NOT IN(302,303,304)
                            AND DATEDIFF(D,GETDATE(),DORelieve)<0'
 ,1
 ,1
[System: 192.168.1.54] DEBUG | 07/06/2026 18:01:39.360 | General Service|:: CompanyIndex:1 SpName: spADM_GetDataSet 
 'select * from COM_TokenHistory WITH(NOLOCK) where JwtToken=''eyJhbGciOiJIUzI1NiIsInR5cCI6IkpXVCJ9.eyJ1bmlxdWVfbmFtZSI6ImFkbWluLDEsMSwxIiwibmJmIjoxNzgzMzQxMDk1LCJleHAiOjE3ODMzNjk4OTUsImlhdCI6MTc4MzM0MTA5NX0.rwNKfVX7bznzeAGTphuhnEFpb2Dtvzgyg3vCg5fSBow'''
 ,1
 ,1
[System: 192.168.1.54] DEBUG | 07/06/2026 18:01:39.460 | General Service|:: CompanyIndex:1 SpName: spADM_GetDataSet 
 'declare @UserID int,@RoleID int,@UserName NVARCHAR(100),@where nvarchar(max),@query nvarchar(max)
set @UserID=1
set @RoleID=1-- Employee:-1
SELECT @UserName=UserName From ADM_Users WITH(NOLOCK) WHERE UserID=@UserID
exec [fnGet_GetAssignedDims] @UserID,@RoleID,@where output
 create table #TblUsrWF(WID int,LevelID int,Type int,CtWef float,LvWef int)
EXEC spRPT_GetReportData @Type=8,@Param1=@UserID,@strXML=null,@RoleID=@RoleID set @query=''  SELECT DT.CostCenterID,DT.DocumentName,DT.DocumentType,DT.IsInventory,count(*) CNT
FROM (
 SELECT INV.CostCenterID
FROM INV_DocDetails INV with(nolock)''
if(@where<>'''')
	set @query=@query+'' join com_docccdata d with(nolock) on INV.INVDocDetailsid=d.INVDocDetailsid''	

set @query=@query+'' ,#TblUsrWF WF
WHERE WF.WID=INV.WorkflowID and (WF.LevelID>INV.WorkFlowLevel or (WF.LevelID+1=INV.WorkFlowLevel and INV.StatusID=372)) and (INV.StatusID=371 or INV.StatusID=372 or INV.StatusID=441) AND (WF.Type=1 or (INV.WorkFlowLevel+1=WF.LevelID and INV.StatusID!=372) or (WF.LevelID+1=INV.WorkFlowLevel and INV.StatusID=372) or (WF.CtWef is not null and INV.WorkFlowLevel>=WF.LvWef
and INV.CreatedDate+WF.CtWef<=convert(float,getdate())))  ''+@where+''
GROUP BY INV.CostCenterID,INV.VoucherNo
UNION ALL
SELECT ACC.CostCenterID
FROM ACC_DocDetails ACC with(nolock)''
if(@where<>'''')
	set @query=@query+'' join com_docccdata d with(nolock) on ACC.ACCDocDetailsid=d.ACCDocDetailsid''	

set @query=@query+'',#TblUsrWF WF
WHERE ACC.LinkedAccDocDetailsID is null and ACC.InvDocDetailsID is null and WF.WID=ACC.WorkflowID and (WF.LevelID>ACC.WorkFlowLevel or (WF.LevelID+1=ACC.WorkFlowLevel and ACC.StatusID=372)) and (ACC.StatusID=371 or ACC.StatusID=372 or ACC.StatusID=441) AND (WF.Type=1 or (ACC.WorkFlowLevel+1=WF.LevelID and ACC.StatusID!=372) or (WF.LevelID+1=ACC.WorkFlowLevel and ACC.StatusID=372) or (WF.CtWef is not null and ACC.WorkFlowLevel>=WF.LvWef
and ACC.CreatedDate+WF.CtWef<=convert(float,getdate())))   ''+@where+''
GROUP BY ACC.CostCenterID,ACC.VoucherNo  ) AS T
JOIN ADM_DocumentTypes DT with(nolock) ON T.CostCenterID=DT.CostCenterID
GROUP BY DT.CostCenterID,DT.DocumentName,DT.DocumentType,DT.IsInventory  
UNION ALL
SELECT DT.FeatureID CostCenterID,DT.Name DocumentName,-DT.FeatureID DocumentType,0 IsInventory,count(*) CNT
FROM (
SELECT INV.CostCenterID FROM REN_Contract INV WITH(NOLOCK),#TblUsrWF WF
WHERE  WF.WID=INV.WorkflowID and WF.LevelID>INV.WorkFlowLevel and (INV.StatusID=440 or INV.StatusID=470 or INV.StatusID=466) AND (WF.Type=1 or (INV.WorkFlowLevel+1=WF.LevelID and INV.StatusID!=470)  or (WF.CtWef is not null and INV.WorkFlowLevel>=WF.LvWef
 and INV.CreatedDate+WF.CtWef<=convert(float,getdate()))) AND INV.RefContractID=0 ) AS T
JOIN ADM_Features DT with(nolock) ON T.CostCenterID=DT.FeatureID
GROUP BY DT.FeatureID,DT.Name 
ORDER BY DocumentName''
exec(@query)

DROP TABLE #TblUsrWF
'
 ,1
 ,1
[System: 192.168.1.54] DEBUG | 07/06/2026 18:01:39.460 | General Service|:: CompanyIndex:1 SpName: spADM_GetDataSet 
 'select * from COM_TokenHistory WITH(NOLOCK) where JwtToken=''eyJhbGciOiJIUzI1NiIsInR5cCI6IkpXVCJ9.eyJ1bmlxdWVfbmFtZSI6ImFkbWluLDEsMSwxIiwibmJmIjoxNzgzMzQxMDk1LCJleHAiOjE3ODMzNjk4OTUsImlhdCI6MTc4MzM0MTA5NX0.rwNKfVX7bznzeAGTphuhnEFpb2Dtvzgyg3vCg5fSBow'''
 ,1
 ,1
[System: 192.168.1.54] DEBUG | 07/06/2026 18:01:39.523 | General Service|:: CompanyIndex:1 SpName: spADM_GetDataSet 
 'select * from COM_TokenHistory WITH(NOLOCK) where JwtToken=''eyJhbGciOiJIUzI1NiIsInR5cCI6IkpXVCJ9.eyJ1bmlxdWVfbmFtZSI6ImFkbWluLDEsMSwxIiwibmJmIjoxNzgzMzQxMDk1LCJleHAiOjE3ODMzNjk4OTUsImlhdCI6MTc4MzM0MTA5NX0.rwNKfVX7bznzeAGTphuhnEFpb2Dtvzgyg3vCg5fSBow'''
 ,1
 ,1
[System: 192.168.1.54] DEBUG | 07/06/2026 18:01:39.722 | General Service|:: CompanyIndex:1 SpName: spCOM_GetFavorites 
 'GETLIST0'
 ,0
 ,'1'
 ,'1'
 ,1
[System: 192.168.1.54] DEBUG | 07/06/2026 18:01:39.722 | General Service|:: CompanyIndex:1 SpName: spADM_GetDataSet 
 'select * from COM_TokenHistory WITH(NOLOCK) where JwtToken=''eyJhbGciOiJIUzI1NiIsInR5cCI6IkpXVCJ9.eyJ1bmlxdWVfbmFtZSI6ImFkbWluLDEsMSwxIiwibmJmIjoxNzgzMzQxMDk1LCJleHAiOjE3ODMzNjk4OTUsImlhdCI6MTc4MzM0MTA5NX0.rwNKfVX7bznzeAGTphuhnEFpb2Dtvzgyg3vCg5fSBow'''
 ,1
 ,1
[System: 192.168.1.54] DEBUG | 07/06/2026 18:01:39.768 | General Service|:: CompanyIndex:1 SpName: spCOM_GetFavorites 
 'VIEW'
 ,8
 ,'1'
 ,'1'
 ,1
[System: 192.168.1.54] DEBUG | 07/06/2026 18:01:39.768 | General Service|:: CompanyIndex:1 SpName: spADM_GetDataSet 
 'select * from COM_TokenHistory WITH(NOLOCK) where JwtToken=''eyJhbGciOiJIUzI1NiIsInR5cCI6IkpXVCJ9.eyJ1bmlxdWVfbmFtZSI6ImFkbWluLDEsMSwxIiwibmJmIjoxNzgzMzQxMDk1LCJleHAiOjE3ODMzNjk4OTUsImlhdCI6MTc4MzM0MTA5NX0.rwNKfVX7bznzeAGTphuhnEFpb2Dtvzgyg3vCg5fSBow'''
 ,1
 ,1
[System: 192.168.1.54] DEBUG | 07/06/2026 18:01:42.322 | General Service|:: CompanyIndex:1 SpName: spADM_GetDataSet 
 'select CostCenterID,DocumentName,WebReportID,IsInventory,DocumentType from ADM_DocumentTypes with(nolock) where CostCenterID in (40007) order by DocumentName
declare @Tbl as Table(CostCenterID int,DocumentName nvarchar(100))
--Linked From
insert into @Tbl
select D.CostCenterID,D.DocumentName
from COM_DocumentLinkDef L with(nolock)
JOIN ADM_DocumentTypes D with(nolock) on D.CostCenterID=L.CostCenterIDLinked
where L.CostCenterIDBase in (40007)
order by DocumentName

select * from @Tbl

--Generate
select L.DocumentLinkDefID,L.CostCenterIDLinked CCID,D.CostCenterID,D.DocumentName
from COM_DocumentLinkDef L with(nolock)
JOIN ADM_DocumentTypes D with(nolock) on D.CostCenterID=L.CostCenterIDBase
JOIN @Tbl T on T.CostCenterID=L.CostCenterIDLinked
union
select L.DocumentLinkDefID,L.CostCenterIDLinked CCID,D.CostCenterID,D.DocumentName
from COM_DocumentLinkDef L with(nolock)
JOIN ADM_DocumentTypes D with(nolock) on D.CostCenterID=L.CostCenterIDBase
where L.CostCenterIDLinked in (40007)
order by CCID,DocumentName

select D.CostCenterID,D.PrefName,D.PrefValue from COM_DocumentPreferences D with(nolock)
where D.CostCenterID in (40007) and PrefName in (''DonotupdateAccounts'',''Selective'')
union all
select D.CostCenterID,D.PrefName,D.PrefValue from COM_DocumentPreferences D with(nolock)
JOIN @Tbl T on T.CostCenterID=D.CostCenterID
where PrefName in (''DonotupdateAccounts'',''Selective'')
'
 ,1
 ,1
[System: 192.168.1.54] DEBUG | 07/06/2026 18:01:42.322 | General Service|:: CompanyIndex:1 SpName: spADM_GetDataSet 
 'select * from COM_TokenHistory WITH(NOLOCK) where JwtToken=''eyJhbGciOiJIUzI1NiIsInR5cCI6IkpXVCJ9.eyJ1bmlxdWVfbmFtZSI6ImFkbWluLDEsMSwxIiwibmJmIjoxNzgzMzQxMDk1LCJleHAiOjE3ODMzNjk4OTUsImlhdCI6MTc4MzM0MTA5NX0.rwNKfVX7bznzeAGTphuhnEFpb2Dtvzgyg3vCg5fSBow'''
 ,1
 ,1
[System: 192.168.1.54] DEBUG | 07/06/2026 18:01:42.369 | General Service|:: CompanyIndex:1 SpName: spRPT_GetExecutedQtyQueryNew 
 0
 ,'40007'
 ,NULL
 ,NULL
 ,False
 ,False
 ,'1'
 ,1
[System: 192.168.1.54] DEBUG | 07/06/2026 18:01:42.369 | General Service|:: CompanyIndex:1 SpName: spADM_GetDataSet 
 'select * from COM_TokenHistory WITH(NOLOCK) where JwtToken=''eyJhbGciOiJIUzI1NiIsInR5cCI6IkpXVCJ9.eyJ1bmlxdWVfbmFtZSI6ImFkbWluLDEsMSwxIiwibmJmIjoxNzgzMzQxMDk1LCJleHAiOjE3ODMzNjk4OTUsImlhdCI6MTc4MzM0MTA5NX0.rwNKfVX7bznzeAGTphuhnEFpb2Dtvzgyg3vCg5fSBow'''
 ,1
 ,1
[System: 192.168.1.54] DEBUG | 07/06/2026 18:01:42.385 | General Service|:: CompanyIndex:1 SpName: spADM_GetDataSet 
 'SELECT StaticReportType FROM ADM_RevenUReports WITH(NOLOCK) WHERE ReportID=217'
 ,1
 ,1
[System: 192.168.1.54] DEBUG | 07/06/2026 18:01:42.385 | General Service|:: CompanyIndex:1 SpName: spADM_GetDataSet 
 'select * from COM_TokenHistory WITH(NOLOCK) where JwtToken=''eyJhbGciOiJIUzI1NiIsInR5cCI6IkpXVCJ9.eyJ1bmlxdWVfbmFtZSI6ImFkbWluLDEsMSwxIiwibmJmIjoxNzgzMzQxMDk1LCJleHAiOjE3ODMzNjk4OTUsImlhdCI6MTc4MzM0MTA5NX0.rwNKfVX7bznzeAGTphuhnEFpb2Dtvzgyg3vCg5fSBow'''
 ,1
 ,1
[System: 192.168.1.54] DEBUG | 07/06/2026 18:01:42.463 | General Service|:: CompanyIndex:1 SpName: spRPT_GetReport 
 0
 ,217
 ,'1'
 ,'1'
 ,1
[System: 192.168.1.54] DEBUG | 07/06/2026 18:01:42.463 | General Service|:: CompanyIndex:1 SpName: spADM_GetDataSet 
 'select * from COM_TokenHistory WITH(NOLOCK) where JwtToken=''eyJhbGciOiJIUzI1NiIsInR5cCI6IkpXVCJ9.eyJ1bmlxdWVfbmFtZSI6ImFkbWluLDEsMSwxIiwibmJmIjoxNzgzMzQxMDk1LCJleHAiOjE3ODMzNjk4OTUsImlhdCI6MTc4MzM0MTA5NX0.rwNKfVX7bznzeAGTphuhnEFpb2Dtvzgyg3vCg5fSBow'''
 ,1
 ,1
[System: 192.168.1.54] DEBUG | 07/06/2026 18:01:42.494 | General Service|:: CompanyIndex:1 SpName: spDOC_GetVPTPrintCopies 
 4
 ,50
 ,217
 ,2
 ,4
 ,'View~3e1c70e0-7845-4eb0-97fc-5e1c5df7c30e'
 ,'admin'
 ,1
[System: 192.168.1.54] DEBUG | 07/06/2026 18:01:42.494 | General Service|:: CompanyIndex:1 SpName: spADM_GetDataSet 
 'select * from COM_TokenHistory WITH(NOLOCK) where JwtToken=''eyJhbGciOiJIUzI1NiIsInR5cCI6IkpXVCJ9.eyJ1bmlxdWVfbmFtZSI6ImFkbWluLDEsMSwxIiwibmJmIjoxNzgzMzQxMDk1LCJleHAiOjE3ODMzNjk4OTUsImlhdCI6MTc4MzM0MTA5NX0.rwNKfVX7bznzeAGTphuhnEFpb2Dtvzgyg3vCg5fSBow'''
 ,1
 ,1
[System: 192.168.1.54] DEBUG | 07/06/2026 18:01:42.591 | General Service|:: CompanyIndex:1 SpName: spRPT_GetReportCategoryandField 
 -1
 ,0
 ,1
 ,0
 ,'1'
 ,1
[System: 192.168.1.54] DEBUG | 07/06/2026 18:01:42.591 | General Service|:: CompanyIndex:1 SpName: spADM_GetDataSet 
 'select * from COM_TokenHistory WITH(NOLOCK) where JwtToken=''eyJhbGciOiJIUzI1NiIsInR5cCI6IkpXVCJ9.eyJ1bmlxdWVfbmFtZSI6ImFkbWluLDEsMSwxIiwibmJmIjoxNzgzMzQxMDk1LCJleHAiOjE3ODMzNjk4OTUsImlhdCI6MTc4MzM0MTA5NX0.rwNKfVX7bznzeAGTphuhnEFpb2Dtvzgyg3vCg5fSBow'''
 ,1
 ,1
[System: 192.168.1.54] DEBUG | 07/06/2026 18:01:42.685 | General Service|:: CompanyIndex:1 SpName: spRPT_GetReportFields 
 400
 ,0
 ,'1'
 ,1
[System: 192.168.1.54] DEBUG | 07/06/2026 18:01:42.685 | General Service|:: CompanyIndex:1 SpName: spADM_GetDataSet 
 'select * from COM_TokenHistory WITH(NOLOCK) where JwtToken=''eyJhbGciOiJIUzI1NiIsInR5cCI6IkpXVCJ9.eyJ1bmlxdWVfbmFtZSI6ImFkbWluLDEsMSwxIiwibmJmIjoxNzgzMzQxMDk1LCJleHAiOjE3ODMzNjk4OTUsImlhdCI6MTc4MzM0MTA5NX0.rwNKfVX7bznzeAGTphuhnEFpb2Dtvzgyg3vCg5fSBow'''
 ,1
 ,1
[System: 192.168.1.54] DEBUG | 07/06/2026 18:01:43.202 | General Service|:: CompanyIndex:1 SpName: spADM_GetDataSet 
 'with rows as ( SELECT row_number() over (order by DDocID desc) rowno,* from (SELECT (select sum(DExQty) from (select  (case when D.LinkStatusID=445 then (CASE  WHEN D.costcenterid=40007 THEN D.Quantity WHEN D.costcenterid=40007 THEN D.Quantity WHEN D.costcenterid=40007 THEN D.Quantity ELSE D.Quantity END ) else (SELECT ISNULL(SUM(Qty),0) FROM (SELECT B.Quantity Qty FROM INV_DocDetails B with(nolock) WHERE D.InvDocDetailsID=B.LinkedInvDocDetailsID AND D.costcenterid=40007 AND B.costcenterid=40011 AND B.StatusID<>376 AND B.StatusID<>372 UNION ALL SELECT B.Quantity Qty FROM INV_DocDetails B with(nolock) WHERE D.InvDocDetailsID=B.LinkedInvDocDetailsID AND D.costcenterid=40007 AND B.costcenterid=40012 AND B.StatusID<>376 AND B.StatusID<>372 UNION ALL SELECT B.Quantity Qty FROM INV_DocDetails B with(nolock) WHERE D.InvDocDetailsID=B.LinkedInvDocDetailsID AND D.costcenterid=40007 AND B.costcenterid=40210 AND B.StatusID<>376 AND B.StatusID<>372) AS T) end ) DExQty
from INV_DocDetails D with(nolock) where D.DocID=INV.DocID
) AS T)
DExQty
, sum(INV.Quantity) DQty
,INV.DocID DDocID
,max(CONVERT(DATETIME,INV.DocDate)) DocDate,max(INV.VoucherNo) DocNo,max(T1.Status) Status,max(T1.StatusID) _StatusID,max(INV.CommonNarration) Narration,max(T2.AccountName) DrAccount,max(T3.AccountName) CrAccount
FROM INV_DocDetails INV with(nolock) left join COM_Status T1 with(nolock) on INV.StatusID=T1.StatusID left join ACC_Accounts T2 with(nolock) on INV.DebitAccount=T2.AccountID left join ACC_Accounts T3 with(nolock) on INV.CreditAccount=T3.AccountID
WHERE CONVERT(DATETIME,INV.DocDate) BETWEEN ''06 Jul 2025'' AND ''06 Jul 2026'' and INV.CostCenterID=40007
GROUP BY INV.DocID,INV.VoucherNo) AS T) select * from rows WHERE rowno>0 and rowno<=20 order by rowno
select S.StatusID,S.Status,count(*) CNT from (
SELECT INV.StatusID,INV.DocID
FROM INV_DocDetails INV with(nolock) left join COM_Status T1 with(nolock) on INV.StatusID=T1.StatusID left join ACC_Accounts T2 with(nolock) on INV.DebitAccount=T2.AccountID left join ACC_Accounts T3 with(nolock) on INV.CreditAccount=T3.AccountID
WHERE CONVERT(DATETIME,INV.DocDate) BETWEEN ''06 Jul 2025'' AND ''06 Jul 2026'' and INV.CostCenterID=40007
GROUP BY INV.StatusID,INV.DocID,INV.VoucherNo) AS T
join COM_Status S with(nolock) on S.StatusID=T.StatusID
group by S.StatusID,S.Status'
 ,1
 ,1
[System: 192.168.1.54] DEBUG | 07/06/2026 18:01:43.218 | General Service|:: CompanyIndex:1 SpName: spADM_GetDataSet 
 'select * from COM_TokenHistory WITH(NOLOCK) where JwtToken=''eyJhbGciOiJIUzI1NiIsInR5cCI6IkpXVCJ9.eyJ1bmlxdWVfbmFtZSI6ImFkbWluLDEsMSwxIiwibmJmIjoxNzgzMzQxMDk1LCJleHAiOjE3ODMzNjk4OTUsImlhdCI6MTc4MzM0MTA5NX0.rwNKfVX7bznzeAGTphuhnEFpb2Dtvzgyg3vCg5fSBow'''
 ,1
 ,1
[System: 192.168.1.54] DEBUG | 07/06/2026 18:01:43.233 | General Service|:: CompanyIndex:1 SpName: spADM_GetDataSet 
 '
        select StatusID,count(*) CNT from(
        select DocID,case when sum(DExQty)=0 then -1 when sum(Quantity)>sum(DExQty) then -3 else -2 end StatusID from (
        SELECT INV.DocID,INV.Quantity,case when INV.LinkStatusID=445 then (CASE  WHEN INV.costcenterid=40007 THEN INV.Quantity WHEN INV.costcenterid=40007 THEN INV.Quantity WHEN INV.costcenterid=40007 THEN INV.Quantity ELSE INV.Quantity END ) else (SELECT ISNULL(SUM(Qty),0) FROM (SELECT B.Quantity Qty FROM INV_DocDetails B with(nolock) WHERE INV.InvDocDetailsID=B.LinkedInvDocDetailsID AND INV.costcenterid=40007 AND B.costcenterid=40011 AND B.StatusID<>376 AND B.StatusID<>372 UNION ALL SELECT B.Quantity Qty FROM INV_DocDetails B with(nolock) WHERE INV.InvDocDetailsID=B.LinkedInvDocDetailsID AND INV.costcenterid=40007 AND B.costcenterid=40012 AND B.StatusID<>376 AND B.StatusID<>372 UNION ALL SELECT B.Quantity Qty FROM INV_DocDetails B with(nolock) WHERE INV.InvDocDetailsID=B.LinkedInvDocDetailsID AND INV.costcenterid=40007 AND B.costcenterid=40210 AND B.StatusID<>376 AND B.StatusID<>372) AS T) end  DExQty
        FROM INV_DocDetails INV with(nolock) left join COM_Status T1 with(nolock) on INV.StatusID=T1.StatusID left join ACC_Accounts T2 with(nolock) on INV.DebitAccount=T2.AccountID left join ACC_Accounts T3 with(nolock) on INV.CreditAccount=T3.AccountID
        WHERE CONVERT(DATETIME,INV.DocDate) BETWEEN ''06 Jul 2025'' AND ''06 Jul 2026'' and INV.CostCenterID=40007
        ) AS T GROUP BY DocID) AS T group by StatusID order by StatusID desc'
 ,1
 ,1
[System: 192.168.1.54] DEBUG | 07/06/2026 18:01:43.249 | General Service|:: CompanyIndex:1 SpName: spADM_GetDataSet 
 'select * from COM_TokenHistory WITH(NOLOCK) where JwtToken=''eyJhbGciOiJIUzI1NiIsInR5cCI6IkpXVCJ9.eyJ1bmlxdWVfbmFtZSI6ImFkbWluLDEsMSwxIiwibmJmIjoxNzgzMzQxMDk1LCJleHAiOjE3ODMzNjk4OTUsImlhdCI6MTc4MzM0MTA5NX0.rwNKfVX7bznzeAGTphuhnEFpb2Dtvzgyg3vCg5fSBow'''
 ,1
 ,1
[System: 192.168.1.54] DEBUG | 07/06/2026 18:01:44.527 | General Service|:: CompanyIndex:1 SpName: spDOC_GetDocumentDetailsByVoucherNo 
 'SOD-1120'
 ,'1'
 ,1
[System: 192.168.1.54] DEBUG | 07/06/2026 18:01:44.527 | General Service|:: CompanyIndex:1 SpName: spADM_GetDataSet 
 'declare @DocNo nvarchar(100),@DetailsID bigint
set @DocNo=''SOD-1120''
select @DetailsID=min(InvDocDetailsID) from INV_DocDetails with(nolock) where VoucherNo=@DocNo
select CreatedBy,CONVERT(Datetime,CreatedDate) CreateDate from INV_DocDetails with(nolock)
where InvDocDetailsID=@DetailsID

select @DetailsID=max(InvDocDetailsID) from INV_DocDetails with(nolock) where VoucherNo=@DocNo
select ModifiedBy,CONVERT(Datetime,ModifiedDate) ModifiedDate from INV_DocDetails with(nolock)
where InvDocDetailsID=@DetailsID

select A.AccountName,sum(Dr) Dr,sum(Cr) Cr
from(
select DebitAccount Account,Amount Dr, 0 Cr
from ACC_DocDetails with(nolock)
where VoucherNo=@DocNo
union all
select CreditAccount,0,Amount
from ACC_DocDetails with(nolock)
where VoucherNo=@DocNo
) AS T
join ACC_Accounts A with(nolock) on A.AccountID=T.Account
Group By A.AccountName
order by Dr desc,Cr desc'
 ,1
 ,1
[System: 192.168.1.54] DEBUG | 07/06/2026 18:01:44.527 | General Service|:: CompanyIndex:1 SpName: spADM_GetDataSet 
 'select * from COM_TokenHistory WITH(NOLOCK) where JwtToken=''eyJhbGciOiJIUzI1NiIsInR5cCI6IkpXVCJ9.eyJ1bmlxdWVfbmFtZSI6ImFkbWluLDEsMSwxIiwibmJmIjoxNzgzMzQxMDk1LCJleHAiOjE3ODMzNjk4OTUsImlhdCI6MTc4MzM0MTA5NX0.rwNKfVX7bznzeAGTphuhnEFpb2Dtvzgyg3vCg5fSBow'''
 ,1
 ,1
[System: 192.168.1.54] DEBUG | 07/06/2026 18:01:44.527 | General Service|:: CompanyIndex:1 SpName: spADM_GetDataSet 
 'select * from COM_TokenHistory WITH(NOLOCK) where JwtToken=''eyJhbGciOiJIUzI1NiIsInR5cCI6IkpXVCJ9.eyJ1bmlxdWVfbmFtZSI6ImFkbWluLDEsMSwxIiwibmJmIjoxNzgzMzQxMDk1LCJleHAiOjE3ODMzNjk4OTUsImlhdCI6MTc4MzM0MTA5NX0.rwNKfVX7bznzeAGTphuhnEFpb2Dtvzgyg3vCg5fSBow'''
 ,1
 ,1
[System: 192.168.1.54] DEBUG | 07/06/2026 18:01:44.821 | General Service|:: CompanyIndex:1 SpName: spDOC_GetDocumentDefinition 
 40007
 ,NULL
 ,NULL
 ,''
 ,1
 ,'admin'
 ,1
 ,1
 ,1
[System: 192.168.1.54] DEBUG | 07/06/2026 18:01:44.821 | General Service|:: CompanyIndex:1 SpName: spADM_GetDataSet 
 'select * from COM_TokenHistory WITH(NOLOCK) where JwtToken=''eyJhbGciOiJIUzI1NiIsInR5cCI6IkpXVCJ9.eyJ1bmlxdWVfbmFtZSI6ImFkbWluLDEsMSwxIiwibmJmIjoxNzgzMzQxMDk1LCJleHAiOjE3ODMzNjk4OTUsImlhdCI6MTc4MzM0MTA5NX0.rwNKfVX7bznzeAGTphuhnEFpb2Dtvzgyg3vCg5fSBow'''
 ,1
 ,1
[System: 192.168.1.54] DEBUG | 07/06/2026 18:01:44.852 | General Service|:: CompanyIndex:1 SpName: spDoc_GetCurrencyExchangeRate 
 1
 ,'06-Jul-2026'
 ,1
 ,0
 ,1
[System: 192.168.1.54] DEBUG | 07/06/2026 18:01:44.852 | General Service|:: CompanyIndex:1 SpName: spADM_GetDataSet 
 'select * from COM_TokenHistory WITH(NOLOCK) where JwtToken=''eyJhbGciOiJIUzI1NiIsInR5cCI6IkpXVCJ9.eyJ1bmlxdWVfbmFtZSI6ImFkbWluLDEsMSwxIiwibmJmIjoxNzgzMzQxMDk1LCJleHAiOjE3ODMzNjk4OTUsImlhdCI6MTc4MzM0MTA5NX0.rwNKfVX7bznzeAGTphuhnEFpb2Dtvzgyg3vCg5fSBow'''
 ,1
 ,1
[System: 192.168.1.54] DEBUG | 07/06/2026 18:01:44.883 | General Service|:: CompanyIndex:1 SpName: spDOC_GetCurrentCodeNumber 
 40007
 ,''
 ,1
 ,1
[System: 192.168.1.54] DEBUG | 07/06/2026 18:01:44.883 | General Service|:: CompanyIndex:1 SpName: spADM_GetDataSet 
 'select * from COM_TokenHistory WITH(NOLOCK) where JwtToken=''eyJhbGciOiJIUzI1NiIsInR5cCI6IkpXVCJ9.eyJ1bmlxdWVfbmFtZSI6ImFkbWluLDEsMSwxIiwibmJmIjoxNzgzMzQxMDk1LCJleHAiOjE3ODMzNjk4OTUsImlhdCI6MTc4MzM0MTA5NX0.rwNKfVX7bznzeAGTphuhnEFpb2Dtvzgyg3vCg5fSBow'''
 ,1
 ,1
[System: 192.168.1.54] DEBUG | 07/06/2026 18:01:44.930 | General Service|:: CompanyIndex:1 SpName: spCOM_GetDimensionTabGridData 
 40007
 ,144
 ,1
 ,1
[System: 192.168.1.54] DEBUG | 07/06/2026 18:01:44.930 | General Service|:: CompanyIndex:1 SpName: spADM_GetDataSet 
 'select * from COM_TokenHistory WITH(NOLOCK) where JwtToken=''eyJhbGciOiJIUzI1NiIsInR5cCI6IkpXVCJ9.eyJ1bmlxdWVfbmFtZSI6ImFkbWluLDEsMSwxIiwibmJmIjoxNzgzMzQxMDk1LCJleHAiOjE3ODMzNjk4OTUsImlhdCI6MTc4MzM0MTA5NX0.rwNKfVX7bznzeAGTphuhnEFpb2Dtvzgyg3vCg5fSBow'''
 ,1
 ,1
[System: 192.168.1.54] DEBUG | 07/06/2026 18:01:45.819 | General Service|:: CompanyIndex:1 SpName: SPCRM_GetActivitiesCustomFields 
 40007
 ,0
 ,'admin'
 ,1
 ,1
 ,1
[System: 192.168.1.54] DEBUG | 07/06/2026 18:01:45.819 | General Service|:: CompanyIndex:1 SpName: spADM_GetDataSet 
 'select * from COM_TokenHistory WITH(NOLOCK) where JwtToken=''eyJhbGciOiJIUzI1NiIsInR5cCI6IkpXVCJ9.eyJ1bmlxdWVfbmFtZSI6ImFkbWluLDEsMSwxIiwibmJmIjoxNzgzMzQxMDk1LCJleHAiOjE3ODMzNjk4OTUsImlhdCI6MTc4MzM0MTA5NX0.rwNKfVX7bznzeAGTphuhnEFpb2Dtvzgyg3vCg5fSBow'''
 ,1
 ,1
[System: 192.168.1.54] DEBUG | 07/06/2026 18:01:45.835 | General Service|:: CompanyIndex:1 SpName: spADM_GetDataSet 
 ' select Name,value from [com_Costcenterpreferences] with(nolock) where CostCenterID=1000 '
 ,1
 ,1
[System: 192.168.1.54] DEBUG | 07/06/2026 18:01:45.835 | General Service|:: CompanyIndex:1 SpName: spADM_GetDataSet 
 'select * from COM_TokenHistory WITH(NOLOCK) where JwtToken=''eyJhbGciOiJIUzI1NiIsInR5cCI6IkpXVCJ9.eyJ1bmlxdWVfbmFtZSI6ImFkbWluLDEsMSwxIiwibmJmIjoxNzgzMzQxMDk1LCJleHAiOjE3ODMzNjk4OTUsImlhdCI6MTc4MzM0MTA5NX0.rwNKfVX7bznzeAGTphuhnEFpb2Dtvzgyg3vCg5fSBow'''
 ,1
 ,1
[System: 192.168.1.54] DEBUG | 07/06/2026 18:01:45.851 | General Service|:: CompanyIndex:1 SpName: spADM_GetDataSet 
 'select * from COM_TokenHistory WITH(NOLOCK) where JwtToken=''eyJhbGciOiJIUzI1NiIsInR5cCI6IkpXVCJ9.eyJ1bmlxdWVfbmFtZSI6ImFkbWluLDEsMSwxIiwibmJmIjoxNzgzMzQxMDk1LCJleHAiOjE3ODMzNjk4OTUsImlhdCI6MTc4MzM0MTA5NX0.rwNKfVX7bznzeAGTphuhnEFpb2Dtvzgyg3vCg5fSBow'''
 ,1
 ,1
[System: 192.168.1.54] DEBUG | 07/06/2026 18:01:45.866 | General Service|:: CompanyIndex:1 SpName: spADM_GetDataSet 
 'select UserName,UserID from dbo.adm_users with(nolock) where isuserdeleted=0 and StatusID=1'
 ,1
 ,1
[System: 192.168.1.54] DEBUG | 07/06/2026 18:01:45.866 | General Service|:: CompanyIndex:1 SpName: spADM_GetDataSet 
 'select * from COM_TokenHistory WITH(NOLOCK) where JwtToken=''eyJhbGciOiJIUzI1NiIsInR5cCI6IkpXVCJ9.eyJ1bmlxdWVfbmFtZSI6ImFkbWluLDEsMSwxIiwibmJmIjoxNzgzMzQxMDk1LCJleHAiOjE3ODMzNjk4OTUsImlhdCI6MTc4MzM0MTA5NX0.rwNKfVX7bznzeAGTphuhnEFpb2Dtvzgyg3vCg5fSBow'''
 ,1
 ,1
[System: 192.168.1.54] DEBUG | 07/06/2026 18:01:45.929 | General Service|:: CompanyIndex:1 SpName: spCOM_GetWorkFlowScreenDetails 
 NULL
 ,NULL
 ,'1'
 ,'1'
 ,1
 ,True
[System: 192.168.1.54] DEBUG | 07/06/2026 18:01:45.929 | General Service|:: CompanyIndex:1 SpName: spADM_GetDataSet 
 'select * from COM_TokenHistory WITH(NOLOCK) where JwtToken=''eyJhbGciOiJIUzI1NiIsInR5cCI6IkpXVCJ9.eyJ1bmlxdWVfbmFtZSI6ImFkbWluLDEsMSwxIiwibmJmIjoxNzgzMzQxMDk1LCJleHAiOjE3ODMzNjk4OTUsImlhdCI6MTc4MzM0MTA5NX0.rwNKfVX7bznzeAGTphuhnEFpb2Dtvzgyg3vCg5fSBow'''
 ,1
 ,1
[System: 192.168.1.54] DEBUG | 07/06/2026 18:01:45.945 | General Service|:: CompanyIndex:1 SpName: spADM_GetDataSet 
 'select Name,value from [com_Costcenterpreferences] with(nolock) where CostCenterID=40007'
 ,1
 ,1
[System: 192.168.1.54] DEBUG | 07/06/2026 18:01:45.945 | General Service|:: CompanyIndex:1 SpName: spADM_GetDataSet 
 'select * from COM_TokenHistory WITH(NOLOCK) where JwtToken=''eyJhbGciOiJIUzI1NiIsInR5cCI6IkpXVCJ9.eyJ1bmlxdWVfbmFtZSI6ImFkbWluLDEsMSwxIiwibmJmIjoxNzgzMzQxMDk1LCJleHAiOjE3ODMzNjk4OTUsImlhdCI6MTc4MzM0MTA5NX0.rwNKfVX7bznzeAGTphuhnEFpb2Dtvzgyg3vCg5fSBow'''
 ,1
 ,1
[System: 192.168.1.54] DEBUG | 07/06/2026 18:01:46.133 | General Service|:: CompanyIndex:1 SpName: spDOC_GetInvDocument 
 40007
 ,''
 ,'1120'
 ,'0'
 ,0
 ,' and (b.dcCCNID2=c.CCNID2 or c.CCNID2=0)'
 ,1
 ,1
 ,'admin'
 ,1
[System: 192.168.1.54] DEBUG | 07/06/2026 18:01:46.148 | General Service|:: CompanyIndex:1 SpName: spADM_GetDataSet 
 'select * from COM_TokenHistory WITH(NOLOCK) where JwtToken=''eyJhbGciOiJIUzI1NiIsInR5cCI6IkpXVCJ9.eyJ1bmlxdWVfbmFtZSI6ImFkbWluLDEsMSwxIiwibmJmIjoxNzgzMzQxMDk1LCJleHAiOjE3ODMzNjk4OTUsImlhdCI6MTc4MzM0MTA5NX0.rwNKfVX7bznzeAGTphuhnEFpb2Dtvzgyg3vCg5fSBow'''
 ,1
 ,1
[System: 192.168.1.54] DEBUG | 07/06/2026 18:01:46.164 | General Service|:: CompanyIndex:1 SpName: spADM_GetDataSet 
 ' select BODocID,MRDocID, VendorID from Com_BiddingDocs with (nolock) where QTDocID =36930 and Status = 1
                    and CONVERT(float, Convert(datetime, ''06/Jul/2026 06:01:46 PM'')) between CONVERT(float,BidStartTime) and CONVERT(float,BidEndTime)'
 ,1
 ,1
[System: 192.168.1.54] DEBUG | 07/06/2026 18:01:46.164 | General Service|:: CompanyIndex:1 SpName: spADM_GetDataSet 
 'select * from COM_TokenHistory WITH(NOLOCK) where JwtToken=''eyJhbGciOiJIUzI1NiIsInR5cCI6IkpXVCJ9.eyJ1bmlxdWVfbmFtZSI6ImFkbWluLDEsMSwxIiwibmJmIjoxNzgzMzQxMDk1LCJleHAiOjE3ODMzNjk4OTUsImlhdCI6MTc4MzM0MTA5NX0.rwNKfVX7bznzeAGTphuhnEFpb2Dtvzgyg3vCg5fSBow'''
 ,1
 ,1
[System: 192.168.1.54] DEBUG | 07/06/2026 18:01:46.196 | General Service|:: CompanyIndex:1 SpName: spADM_GetListViewDataByIDs 
 '<XML><Row CCID="2"  TypeID="10"  DBColumnID="4222"  NodeID="1505" /><Row CCID="2"  TypeID="100"  DBColumnID="4222"  NodeID="1505" /><Row CCID="2"  TypeID="10"  DBColumnID="7072"  NodeID="1505" /><Row CCID="2"  TypeID="100"  DBColumnID="7072"  NodeID="1505" /><Row CCID="50058"  TypeID="1"  DBColumnID="7123"  NodeID="1" /><Row CCID="50059"  TypeID="1"  DBColumnID="7192"  NodeID="1" /><Row CCID="50062"  TypeID="1"  DBColumnID="7399"  NodeID="1" /><Row CCID="50061"  TypeID="11"  DBColumnID="7330"  NodeID="14" /><Row CCID="50004"  TypeID="1"  DBColumnID="5046"  NodeID="1" /><Row CCID="50002"  TypeID="1"  DBColumnID="5044"  NodeID="864" /><Row CCID="50009"  TypeID="3"  DBColumnID="5051"  NodeID="1" /><Row CCID="65"  TypeID="2"  DBColumnID="50363"  NodeID="1" /><Row CCID="50063"  TypeID="1"  DBColumnID="7707"  NodeID="1" /><Row CCID="50064"  TypeID="1"  DBColumnID="7781"  NodeID="1" /><Row CCID="50058"  TypeID="1"  DBColumnID="640224"  NodeID="230" /><Row CCID="50071"  TypeID="1"  DBColumnID="721135"  NodeID="1" /><Row CCID="50067"  TypeID="1"  DBColumnID="8003"  NodeID="1" /><Row CCID="50065"  TypeID="1"  DBColumnID="7855"  NodeID="1,1026" /><Row CCID="50060"  TypeID="1"  DBColumnID="7261"  NodeID="1,3" /><Row CCID="50014"  TypeID="3"  DBColumnID="5056"  NodeID="1" /><Row CCID="50007"  TypeID="3"  DBColumnID="5049"  NodeID="1" /><Row CCID="50051"  TypeID="1"  DBColumnID="56349"  NodeID="1" /></XML>'
 ,1
 ,1
[System: 192.168.1.54] DEBUG | 07/06/2026 18:01:46.196 | General Service|:: CompanyIndex:1 SpName: spADM_GetDataSet 
 'select * from COM_TokenHistory WITH(NOLOCK) where JwtToken=''eyJhbGciOiJIUzI1NiIsInR5cCI6IkpXVCJ9.eyJ1bmlxdWVfbmFtZSI6ImFkbWluLDEsMSwxIiwibmJmIjoxNzgzMzQxMDk1LCJleHAiOjE3ODMzNjk4OTUsImlhdCI6MTc4MzM0MTA5NX0.rwNKfVX7bznzeAGTphuhnEFpb2Dtvzgyg3vCg5fSBow'''
 ,1
 ,1
[System: 192.168.1.54] DEBUG | 07/06/2026 18:01:46.305 | General Service|:: CompanyIndex:1 SpName: spRPT_DocsTree 
 'SOD-1120'
 ,2
 ,True
 ,'1'
 ,1
[System: 192.168.1.54] DEBUG | 07/06/2026 18:01:46.305 | General Service|:: CompanyIndex:1 SpName: spADM_GetDataSet 
 'select * from COM_TokenHistory WITH(NOLOCK) where JwtToken=''eyJhbGciOiJIUzI1NiIsInR5cCI6IkpXVCJ9.eyJ1bmlxdWVfbmFtZSI6ImFkbWluLDEsMSwxIiwibmJmIjoxNzgzMzQxMDk1LCJleHAiOjE3ODMzNjk4OTUsImlhdCI6MTc4MzM0MTA5NX0.rwNKfVX7bznzeAGTphuhnEFpb2Dtvzgyg3vCg5fSBow'''
 ,1
 ,1
[System: 192.168.1.54] DEBUG | 07/06/2026 18:01:46.320 | General Service|:: CompanyIndex:1 SpName: spADM_GetDataSet 
 'select ParentNodeID NodeID from COM_CostCenterCostCenterMap where CostCenterID in (8,300) and ParentCostCenterId=50004 and NodeID=40007'
 ,1
 ,1
[System: 192.168.1.54] DEBUG | 07/06/2026 18:01:46.336 | General Service|:: CompanyIndex:1 SpName: spADM_GetDataSet 
 'select * from COM_TokenHistory WITH(NOLOCK) where JwtToken=''eyJhbGciOiJIUzI1NiIsInR5cCI6IkpXVCJ9.eyJ1bmlxdWVfbmFtZSI6ImFkbWluLDEsMSwxIiwibmJmIjoxNzgzMzQxMDk1LCJleHAiOjE3ODMzNjk4OTUsImlhdCI6MTc4MzM0MTA5NX0.rwNKfVX7bznzeAGTphuhnEFpb2Dtvzgyg3vCg5fSBow'''
 ,1
 ,1
[System: 192.168.1.54] DEBUG | 07/06/2026 18:01:46.336 | General Service|:: CompanyIndex:1 SpName: spADM_GetDataSet 
 'select ParentNodeID NodeID from COM_CostCenterCostCenterMap where CostCenterID in (8,300) and ParentCostCenterId=50004 and NodeID=40007'
 ,1
 ,1
[System: 192.168.1.54] DEBUG | 07/06/2026 18:01:46.352 | General Service|:: CompanyIndex:1 SpName: spADM_GetDataSet 
 'select * from COM_TokenHistory WITH(NOLOCK) where JwtToken=''eyJhbGciOiJIUzI1NiIsInR5cCI6IkpXVCJ9.eyJ1bmlxdWVfbmFtZSI6ImFkbWluLDEsMSwxIiwibmJmIjoxNzgzMzQxMDk1LCJleHAiOjE3ODMzNjk4OTUsImlhdCI6MTc4MzM0MTA5NX0.rwNKfVX7bznzeAGTphuhnEFpb2Dtvzgyg3vCg5fSBow'''
 ,1
 ,1
[System: 192.168.1.54] DEBUG | 07/06/2026 18:01:46.352 | General Service|:: CompanyIndex:1 SpName: spADM_GetDataSet 
 'select ParentNodeID NodeID from COM_CostCenterCostCenterMap where CostCenterID in (8,300) and ParentCostCenterId=50004 and NodeID=40007'
 ,1
 ,1
[System: 192.168.1.54] DEBUG | 07/06/2026 18:01:46.367 | General Service|:: CompanyIndex:1 SpName: spADM_GetDataSet 
 'select * from COM_TokenHistory WITH(NOLOCK) where JwtToken=''eyJhbGciOiJIUzI1NiIsInR5cCI6IkpXVCJ9.eyJ1bmlxdWVfbmFtZSI6ImFkbWluLDEsMSwxIiwibmJmIjoxNzgzMzQxMDk1LCJleHAiOjE3ODMzNjk4OTUsImlhdCI6MTc4MzM0MTA5NX0.rwNKfVX7bznzeAGTphuhnEFpb2Dtvzgyg3vCg5fSBow'''
 ,1
 ,1
[System: 192.168.1.54] DEBUG | 07/06/2026 18:01:46.398 | General Service|:: CompanyIndex:1 SpName: spADM_GetDataSet 
 ' SELECT * FROM CRM_ASSIGNMENT WITH(NOLOCK) WHERE CCID=40007 AND CCNODEID=36930 AND ISFROMACTIVITY IS NOT NULL     SELECT a.* FROM COM_FILES a WITH(NOLOCK) join CRM_Activities b WITH(NOLOCK) on a.FEATUREPK=b.ActivityID WHERE a.FEATUREID=144 and b.CostCenterID=40007 and b.NodeID=36930   exec spCRM_GetAssignedListForActivities 40007,36930 ,0 '
 ,1
 ,1
[System: 192.168.1.54] DEBUG | 07/06/2026 18:01:46.398 | General Service|:: CompanyIndex:1 SpName: spADM_GetDataSet 
 'select * from COM_TokenHistory WITH(NOLOCK) where JwtToken=''eyJhbGciOiJIUzI1NiIsInR5cCI6IkpXVCJ9.eyJ1bmlxdWVfbmFtZSI6ImFkbWluLDEsMSwxIiwibmJmIjoxNzgzMzQxMDk1LCJleHAiOjE3ODMzNjk4OTUsImlhdCI6MTc4MzM0MTA5NX0.rwNKfVX7bznzeAGTphuhnEFpb2Dtvzgyg3vCg5fSBow'''
 ,1
 ,1
[System: 192.168.1.54] DEBUG | 07/06/2026 18:01:46.539 | General Service|:: CompanyIndex:1 SpName: spADM_GetCostCenterListViewData 
 NULL
 ,''
 ,''
 ,''
 ,''
 ,''
 ,8
 ,False
 ,''
 ,''
 ,''
 ,''
 ,''
 ,0
 ,False
 ,''
 ,''
 ,'1'
 ,'1'
 ,1
 message=Missing required parametrer.
[System: 192.168.1.54] INFO | 07/06/2026 18:01:46.539 | OnStartup: Logger Instance Created Successfully
[System: 192.168.1.54] INFO | 07/06/2026 18:01:46.539 | OnStartup: Application Starting...
[System: 192.168.1.54] ERROR | 07/06/2026 18:01:46.539 | General Service|:: CompanyIndex:1 SpName: spADM_GetCostCenterListViewDataParameters :
 NULL
 ,''
 ,''
 ,''
 ,''
 ,''
 ,8
 ,False
 ,''
 ,''
 ,''
 ,''
 ,''
 ,0
 ,False
 ,''
 ,''
 ,'1'
 ,'1'
 ,1|Missing required parametrer.
[System: 192.168.1.54] DEBUG | 07/06/2026 18:01:46.555 | General Service|:: CompanyIndex:1 SpName: spADM_GetDataSet 
 'select * from COM_TokenHistory WITH(NOLOCK) where JwtToken=''eyJhbGciOiJIUzI1NiIsInR5cCI6IkpXVCJ9.eyJ1bmlxdWVfbmFtZSI6ImFkbWluLDEsMSwxIiwibmJmIjoxNzgzMzQxMDk1LCJleHAiOjE3ODMzNjk4OTUsImlhdCI6MTc4MzM0MTA5NX0.rwNKfVX7bznzeAGTphuhnEFpb2Dtvzgyg3vCg5fSBow'''
 ,1
 ,1
[System: 192.168.1.54] DEBUG | 07/06/2026 18:01:46.617 | General Service|:: CompanyIndex:1 SpName: spADM_GetCostCenterListViewData 
 NULL
 ,''
 ,''
 ,''
 ,''
 ,''
 ,8
 ,False
 ,''
 ,''
 ,''
 ,''
 ,''
 ,0
 ,False
 ,''
 ,''
 ,'1'
 ,'1'
 ,1
 message=Missing required parametrer.
[System: 192.168.1.54] INFO | 07/06/2026 18:01:46.617 | OnStartup: Logger Instance Created Successfully
[System: 192.168.1.54] INFO | 07/06/2026 18:01:46.617 | OnStartup: Application Starting...
[System: 192.168.1.54] ERROR | 07/06/2026 18:01:46.617 | General Service|:: CompanyIndex:1 SpName: spADM_GetCostCenterListViewDataParameters :
 NULL
 ,''
 ,''
 ,''
 ,''
 ,''
 ,8
 ,False
 ,''
 ,''
 ,''
 ,''
 ,''
 ,0
 ,False
 ,''
 ,''
 ,'1'
 ,'1'
 ,1|Missing required parametrer.
[System: 192.168.1.54] DEBUG | 07/06/2026 18:01:46.617 | General Service|:: CompanyIndex:1 SpName: spADM_GetDataSet 
 'select * from COM_TokenHistory WITH(NOLOCK) where JwtToken=''eyJhbGciOiJIUzI1NiIsInR5cCI6IkpXVCJ9.eyJ1bmlxdWVfbmFtZSI6ImFkbWluLDEsMSwxIiwibmJmIjoxNzgzMzQxMDk1LCJleHAiOjE3ODMzNjk4OTUsImlhdCI6MTc4MzM0MTA5NX0.rwNKfVX7bznzeAGTphuhnEFpb2Dtvzgyg3vCg5fSBow'''
 ,1
 ,1
[System: 192.168.1.54] DEBUG | 07/06/2026 18:01:46.680 | General Service|:: CompanyIndex:1 SpName: spADM_GetCostCenterListViewData 
 NULL
 ,''
 ,''
 ,''
 ,''
 ,''
 ,8
 ,False
 ,''
 ,''
 ,''
 ,''
 ,''
 ,0
 ,False
 ,''
 ,''
 ,'1'
 ,'1'
 ,1
 message=Missing required parametrer.
[System: 192.168.1.54] INFO | 07/06/2026 18:01:46.680 | OnStartup: Logger Instance Created Successfully
[System: 192.168.1.54] INFO | 07/06/2026 18:01:46.680 | OnStartup: Application Starting...
[System: 192.168.1.54] ERROR | 07/06/2026 18:01:46.680 | General Service|:: CompanyIndex:1 SpName: spADM_GetCostCenterListViewDataParameters :
 NULL
 ,''
 ,''
 ,''
 ,''
 ,''
 ,8
 ,False
 ,''
 ,''
 ,''
 ,''
 ,''
 ,0
 ,False
 ,''
 ,''
 ,'1'
 ,'1'
 ,1|Missing required parametrer.
[System: 192.168.1.54] DEBUG | 07/06/2026 18:01:46.695 | General Service|:: CompanyIndex:1 SpName: spADM_GetDataSet 
 'select * from COM_TokenHistory WITH(NOLOCK) where JwtToken=''eyJhbGciOiJIUzI1NiIsInR5cCI6IkpXVCJ9.eyJ1bmlxdWVfbmFtZSI6ImFkbWluLDEsMSwxIiwibmJmIjoxNzgzMzQxMDk1LCJleHAiOjE3ODMzNjk4OTUsImlhdCI6MTc4MzM0MTA5NX0.rwNKfVX7bznzeAGTphuhnEFpb2Dtvzgyg3vCg5fSBow'''
 ,1
 ,1
[System: 192.168.1.54] DEBUG | 07/06/2026 18:01:46.758 | General Service|:: CompanyIndex:1 SpName: spADM_GetCostCenterListViewData 
 NULL
 ,''
 ,''
 ,''
 ,''
 ,''
 ,8
 ,False
 ,''
 ,''
 ,''
 ,''
 ,''
 ,0
 ,False
 ,''
 ,''
 ,'1'
 ,'1'
 ,1
 message=Missing required parametrer.
[System: 192.168.1.54] INFO | 07/06/2026 18:01:46.758 | OnStartup: Logger Instance Created Successfully
[System: 192.168.1.54] INFO | 07/06/2026 18:01:46.758 | OnStartup: Application Starting...
[System: 192.168.1.54] ERROR | 07/06/2026 18:01:46.758 | General Service|:: CompanyIndex:1 SpName: spADM_GetCostCenterListViewDataParameters :
 NULL
 ,''
 ,''
 ,''
 ,''
 ,''
 ,8
 ,False
 ,''
 ,''
 ,''
 ,''
 ,''
 ,0
 ,False
 ,''
 ,''
 ,'1'
 ,'1'
 ,1|Missing required parametrer.
[System: 192.168.1.54] DEBUG | 07/06/2026 18:01:46.758 | General Service|:: CompanyIndex:1 SpName: spADM_GetDataSet 
 'select * from COM_TokenHistory WITH(NOLOCK) where JwtToken=''eyJhbGciOiJIUzI1NiIsInR5cCI6IkpXVCJ9.eyJ1bmlxdWVfbmFtZSI6ImFkbWluLDEsMSwxIiwibmJmIjoxNzgzMzQxMDk1LCJleHAiOjE3ODMzNjk4OTUsImlhdCI6MTc4MzM0MTA5NX0.rwNKfVX7bznzeAGTphuhnEFpb2Dtvzgyg3vCg5fSBow'''
 ,1
 ,1
[System: 192.168.1.54] DEBUG | 07/06/2026 18:01:46.820 | General Service|:: CompanyIndex:1 SpName: spADM_GetCostCenterListViewData 
 NULL
 ,''
 ,''
 ,''
 ,''
 ,''
 ,8
 ,False
 ,''
 ,''
 ,''
 ,''
 ,''
 ,0
 ,False
 ,''
 ,''
 ,'1'
 ,'1'
 ,1
 message=Missing required parametrer.
[System: 192.168.1.54] INFO | 07/06/2026 18:01:46.820 | OnStartup: Logger Instance Created Successfully
[System: 192.168.1.54] INFO | 07/06/2026 18:01:46.820 | OnStartup: Application Starting...
[System: 192.168.1.54] ERROR | 07/06/2026 18:01:46.820 | General Service|:: CompanyIndex:1 SpName: spADM_GetCostCenterListViewDataParameters :
 NULL
 ,''
 ,''
 ,''
 ,''
 ,''
 ,8
 ,False
 ,''
 ,''
 ,''
 ,''
 ,''
 ,0
 ,False
 ,''
 ,''
 ,'1'
 ,'1'
 ,1|Missing required parametrer.
[System: 192.168.1.54] DEBUG | 07/06/2026 18:01:46.836 | General Service|:: CompanyIndex:1 SpName: spADM_GetDataSet 
 'select * from COM_TokenHistory WITH(NOLOCK) where JwtToken=''eyJhbGciOiJIUzI1NiIsInR5cCI6IkpXVCJ9.eyJ1bmlxdWVfbmFtZSI6ImFkbWluLDEsMSwxIiwibmJmIjoxNzgzMzQxMDk1LCJleHAiOjE3ODMzNjk4OTUsImlhdCI6MTc4MzM0MTA5NX0.rwNKfVX7bznzeAGTphuhnEFpb2Dtvzgyg3vCg5fSBow'''
 ,1
 ,1
[System: 192.168.1.54] DEBUG | 07/06/2026 18:01:46.867 | General Service|:: CompanyIndex:1 SpName: spCOM_GetCostCenterSelectionBoxData 
 40007
 ,'dcAlpha9'
 ,'1'
 ,1
[System: 192.168.1.54] DEBUG | 07/06/2026 18:01:46.867 | General Service|:: CompanyIndex:1 SpName: spADM_GetDataSet 
 'select * from COM_TokenHistory WITH(NOLOCK) where JwtToken=''eyJhbGciOiJIUzI1NiIsInR5cCI6IkpXVCJ9.eyJ1bmlxdWVfbmFtZSI6ImFkbWluLDEsMSwxIiwibmJmIjoxNzgzMzQxMDk1LCJleHAiOjE3ODMzNjk4OTUsImlhdCI6MTc4MzM0MTA5NX0.rwNKfVX7bznzeAGTphuhnEFpb2Dtvzgyg3vCg5fSBow'''
 ,1
 ,1
[System: 192.168.1.54] DEBUG | 07/06/2026 18:01:46.945 | General Service|:: CompanyIndex:1 SpName: spADM_GetCostCenterListViewData 
 NULL
 ,''
 ,''
 ,''
 ,''
 ,''
 ,8
 ,False
 ,''
 ,''
 ,''
 ,''
 ,''
 ,0
 ,False
 ,''
 ,''
 ,'1'
 ,'1'
 ,1
 message=Missing required parametrer.
[System: 192.168.1.54] INFO | 07/06/2026 18:01:46.945 | OnStartup: Logger Instance Created Successfully
[System: 192.168.1.54] INFO | 07/06/2026 18:01:46.945 | OnStartup: Application Starting...
[System: 192.168.1.54] ERROR | 07/06/2026 18:01:46.945 | General Service|:: CompanyIndex:1 SpName: spADM_GetCostCenterListViewDataParameters :
 NULL
 ,''
 ,''
 ,''
 ,''
 ,''
 ,8
 ,False
 ,''
 ,''
 ,''
 ,''
 ,''
 ,0
 ,False
 ,''
 ,''
 ,'1'
 ,'1'
 ,1|Missing required parametrer.
[System: 192.168.1.54] DEBUG | 07/06/2026 18:01:46.945 | General Service|:: CompanyIndex:1 SpName: spADM_GetDataSet 
 'select * from COM_TokenHistory WITH(NOLOCK) where JwtToken=''eyJhbGciOiJIUzI1NiIsInR5cCI6IkpXVCJ9.eyJ1bmlxdWVfbmFtZSI6ImFkbWluLDEsMSwxIiwibmJmIjoxNzgzMzQxMDk1LCJleHAiOjE3ODMzNjk4OTUsImlhdCI6MTc4MzM0MTA5NX0.rwNKfVX7bznzeAGTphuhnEFpb2Dtvzgyg3vCg5fSBow'''
 ,1
 ,1
[System: 192.168.1.54] DEBUG | 07/06/2026 18:01:47.008 | General Service|:: CompanyIndex:1 SpName: spADM_GetCostCenterListViewData 
 NULL
 ,''
 ,''
 ,''
 ,''
 ,''
 ,8
 ,False
 ,''
 ,''
 ,''
 ,''
 ,''
 ,0
 ,False
 ,''
 ,''
 ,'1'
 ,'1'
 ,1
 message=Missing required parametrer.
[System: 192.168.1.54] INFO | 07/06/2026 18:01:47.008 | OnStartup: Logger Instance Created Successfully
[System: 192.168.1.54] INFO | 07/06/2026 18:01:47.008 | OnStartup: Application Starting...
[System: 192.168.1.54] ERROR | 07/06/2026 18:01:47.008 | General Service|:: CompanyIndex:1 SpName: spADM_GetCostCenterListViewDataParameters :
 NULL
 ,''
 ,''
 ,''
 ,''
 ,''
 ,8
 ,False
 ,''
 ,''
 ,''
 ,''
 ,''
 ,0
 ,False
 ,''
 ,''
 ,'1'
 ,'1'
 ,1|Missing required parametrer.
[System: 192.168.1.54] DEBUG | 07/06/2026 18:01:47.023 | General Service|:: CompanyIndex:1 SpName: spADM_GetDataSet 
 'select * from COM_TokenHistory WITH(NOLOCK) where JwtToken=''eyJhbGciOiJIUzI1NiIsInR5cCI6IkpXVCJ9.eyJ1bmlxdWVfbmFtZSI6ImFkbWluLDEsMSwxIiwibmJmIjoxNzgzMzQxMDk1LCJleHAiOjE3ODMzNjk4OTUsImlhdCI6MTc4MzM0MTA5NX0.rwNKfVX7bznzeAGTphuhnEFpb2Dtvzgyg3vCg5fSBow'''
 ,1
 ,1
[System: 192.168.1.54] DEBUG | 07/06/2026 18:01:47.086 | General Service|:: CompanyIndex:1 SpName: spADM_GetCostCenterListViewData 
 NULL
 ,''
 ,''
 ,''
 ,''
 ,''
 ,8
 ,False
 ,''
 ,''
 ,''
 ,''
 ,''
 ,0
 ,False
 ,''
 ,''
 ,'1'
 ,'1'
 ,1
 message=Missing required parametrer.
[System: 192.168.1.54] INFO | 07/06/2026 18:01:47.086 | OnStartup: Logger Instance Created Successfully
[System: 192.168.1.54] INFO | 07/06/2026 18:01:47.086 | OnStartup: Application Starting...
[System: 192.168.1.54] ERROR | 07/06/2026 18:01:47.086 | General Service|:: CompanyIndex:1 SpName: spADM_GetCostCenterListViewDataParameters :
 NULL
 ,''
 ,''
 ,''
 ,''
 ,''
 ,8
 ,False
 ,''
 ,''
 ,''
 ,''
 ,''
 ,0
 ,False
 ,''
 ,''
 ,'1'
 ,'1'
 ,1|Missing required parametrer.
[System: 192.168.1.54] DEBUG | 07/06/2026 18:01:47.086 | General Service|:: CompanyIndex:1 SpName: spADM_GetDataSet 
 'select * from COM_TokenHistory WITH(NOLOCK) where JwtToken=''eyJhbGciOiJIUzI1NiIsInR5cCI6IkpXVCJ9.eyJ1bmlxdWVfbmFtZSI6ImFkbWluLDEsMSwxIiwibmJmIjoxNzgzMzQxMDk1LCJleHAiOjE3ODMzNjk4OTUsImlhdCI6MTc4MzM0MTA5NX0.rwNKfVX7bznzeAGTphuhnEFpb2Dtvzgyg3vCg5fSBow'''
 ,1
 ,1
[System: 192.168.1.54] DEBUG | 07/06/2026 18:01:47.164 | General Service|:: CompanyIndex:1 SpName: spADM_GetCostCenterListViewData 
 NULL
 ,''
 ,''
 ,''
 ,''
 ,''
 ,8
 ,False
 ,''
 ,''
 ,''
 ,''
 ,''
 ,0
 ,False
 ,''
 ,''
 ,'1'
 ,'1'
 ,1
 message=Missing required parametrer.
[System: 192.168.1.54] INFO | 07/06/2026 18:01:47.164 | OnStartup: Logger Instance Created Successfully
[System: 192.168.1.54] INFO | 07/06/2026 18:01:47.164 | OnStartup: Application Starting...
[System: 192.168.1.54] ERROR | 07/06/2026 18:01:47.164 | General Service|:: CompanyIndex:1 SpName: spADM_GetCostCenterListViewDataParameters :
 NULL
 ,''
 ,''
 ,''
 ,''
 ,''
 ,8
 ,False
 ,''
 ,''
 ,''
 ,''
 ,''
 ,0
 ,False
 ,''
 ,''
 ,'1'
 ,'1'
 ,1|Missing required parametrer.
[System: 192.168.1.54] DEBUG | 07/06/2026 18:01:47.164 | General Service|:: CompanyIndex:1 SpName: spADM_GetDataSet 
 'select * from COM_TokenHistory WITH(NOLOCK) where JwtToken=''eyJhbGciOiJIUzI1NiIsInR5cCI6IkpXVCJ9.eyJ1bmlxdWVfbmFtZSI6ImFkbWluLDEsMSwxIiwibmJmIjoxNzgzMzQxMDk1LCJleHAiOjE3ODMzNjk4OTUsImlhdCI6MTc4MzM0MTA5NX0.rwNKfVX7bznzeAGTphuhnEFpb2Dtvzgyg3vCg5fSBow'''
 ,1
 ,1
[System: 192.168.1.54] DEBUG | 07/06/2026 18:01:47.430 | General Service|:: CompanyIndex:1 SpName: spDOC_GetDocumentHistory 
 40007
 ,36930
 ,'1'
 ,'1'
 ,'admin'
 ,1
[System: 192.168.1.54] DEBUG | 07/06/2026 18:01:47.430 | General Service|:: CompanyIndex:1 SpName: spADM_GetDataSet 
 'select * from COM_TokenHistory WITH(NOLOCK) where JwtToken=''eyJhbGciOiJIUzI1NiIsInR5cCI6IkpXVCJ9.eyJ1bmlxdWVfbmFtZSI6ImFkbWluLDEsMSwxIiwibmJmIjoxNzgzMzQxMDk1LCJleHAiOjE3ODMzNjk4OTUsImlhdCI6MTc4MzM0MTA5NX0.rwNKfVX7bznzeAGTphuhnEFpb2Dtvzgyg3vCg5fSBow'''
 ,1
 ,1
[System: 192.168.1.54] DEBUG | 07/06/2026 18:01:49.163 | General Service|:: CompanyIndex:1 SpName: spDOC_GetInvDocument 
 40007
 ,''
 ,'1119'
 ,'1'
 ,0
 ,' and (b.dcCCNID2=c.CCNID2 or c.CCNID2=0)'
 ,1
 ,1
 ,'admin'
 ,1
[System: 192.168.1.54] DEBUG | 07/06/2026 18:01:49.163 | General Service|:: CompanyIndex:1 SpName: spADM_GetDataSet 
 'select * from COM_TokenHistory WITH(NOLOCK) where JwtToken=''eyJhbGciOiJIUzI1NiIsInR5cCI6IkpXVCJ9.eyJ1bmlxdWVfbmFtZSI6ImFkbWluLDEsMSwxIiwibmJmIjoxNzgzMzQxMDk1LCJleHAiOjE3ODMzNjk4OTUsImlhdCI6MTc4MzM0MTA5NX0.rwNKfVX7bznzeAGTphuhnEFpb2Dtvzgyg3vCg5fSBow'''
 ,1
 ,1
[System: 192.168.1.54] DEBUG | 07/06/2026 18:01:49.179 | General Service|:: CompanyIndex:1 SpName: spADM_GetDataSet 
 ' select BODocID,MRDocID, VendorID from Com_BiddingDocs with (nolock) where QTDocID =36807 and Status = 1
                    and CONVERT(float, Convert(datetime, ''06/Jul/2026 06:01:49 PM'')) between CONVERT(float,BidStartTime) and CONVERT(float,BidEndTime)'
 ,1
 ,1
[System: 192.168.1.54] DEBUG | 07/06/2026 18:01:49.179 | General Service|:: CompanyIndex:1 SpName: spADM_GetDataSet 
 'select * from COM_TokenHistory WITH(NOLOCK) where JwtToken=''eyJhbGciOiJIUzI1NiIsInR5cCI6IkpXVCJ9.eyJ1bmlxdWVfbmFtZSI6ImFkbWluLDEsMSwxIiwibmJmIjoxNzgzMzQxMDk1LCJleHAiOjE3ODMzNjk4OTUsImlhdCI6MTc4MzM0MTA5NX0.rwNKfVX7bznzeAGTphuhnEFpb2Dtvzgyg3vCg5fSBow'''
 ,1
 ,1
[System: 192.168.1.54] DEBUG | 07/06/2026 18:01:49.210 | General Service|:: CompanyIndex:1 SpName: spADM_GetListViewDataByIDs 
 '<XML><Row CCID="2"  TypeID="10"  DBColumnID="4222"  NodeID="1505" /><Row CCID="2"  TypeID="100"  DBColumnID="4222"  NodeID="1505" /><Row CCID="2"  TypeID="10"  DBColumnID="7072"  NodeID="1505" /><Row CCID="2"  TypeID="100"  DBColumnID="7072"  NodeID="1505" /><Row CCID="50058"  TypeID="1"  DBColumnID="7123"  NodeID="1" /><Row CCID="50059"  TypeID="1"  DBColumnID="7192"  NodeID="1" /><Row CCID="50062"  TypeID="1"  DBColumnID="7399"  NodeID="1" /><Row CCID="50061"  TypeID="11"  DBColumnID="7330"  NodeID="14" /><Row CCID="50004"  TypeID="1"  DBColumnID="5046"  NodeID="1" /><Row CCID="50002"  TypeID="1"  DBColumnID="5044"  NodeID="1" /><Row CCID="50009"  TypeID="3"  DBColumnID="5051"  NodeID="1" /><Row CCID="65"  TypeID="2"  DBColumnID="50363"  NodeID="1" /><Row CCID="50063"  TypeID="1"  DBColumnID="7707"  NodeID="1" /><Row CCID="50064"  TypeID="1"  DBColumnID="7781"  NodeID="1" /><Row CCID="50058"  TypeID="1"  DBColumnID="640224"  NodeID="230" /><Row CCID="50071"  TypeID="1"  DBColumnID="721135"  NodeID="1" /><Row CCID="50067"  TypeID="1"  DBColumnID="8003"  NodeID="1" /><Row CCID="50065"  TypeID="1"  DBColumnID="7855"  NodeID="1,1026" /><Row CCID="50060"  TypeID="1"  DBColumnID="7261"  NodeID="1,3" /><Row CCID="50014"  TypeID="3"  DBColumnID="5056"  NodeID="1" /><Row CCID="50007"  TypeID="3"  DBColumnID="5049"  NodeID="1" /><Row CCID="50051"  TypeID="1"  DBColumnID="56349"  NodeID="1" /></XML>'
 ,1
 ,1
[System: 192.168.1.54] DEBUG | 07/06/2026 18:01:49.210 | General Service|:: CompanyIndex:1 SpName: spADM_GetDataSet 
 'select * from COM_TokenHistory WITH(NOLOCK) where JwtToken=''eyJhbGciOiJIUzI1NiIsInR5cCI6IkpXVCJ9.eyJ1bmlxdWVfbmFtZSI6ImFkbWluLDEsMSwxIiwibmJmIjoxNzgzMzQxMDk1LCJleHAiOjE3ODMzNjk4OTUsImlhdCI6MTc4MzM0MTA5NX0.rwNKfVX7bznzeAGTphuhnEFpb2Dtvzgyg3vCg5fSBow'''
 ,1
 ,1
[System: 192.168.1.54] DEBUG | 07/06/2026 18:01:49.257 | General Service|:: CompanyIndex:1 SpName: spRPT_DocsTree 
 'SOD-1119/2'
 ,2
 ,True
 ,'1'
 ,1
[System: 192.168.1.54] DEBUG | 07/06/2026 18:01:49.257 | General Service|:: CompanyIndex:1 SpName: spADM_GetDataSet 
 'select * from COM_TokenHistory WITH(NOLOCK) where JwtToken=''eyJhbGciOiJIUzI1NiIsInR5cCI6IkpXVCJ9.eyJ1bmlxdWVfbmFtZSI6ImFkbWluLDEsMSwxIiwibmJmIjoxNzgzMzQxMDk1LCJleHAiOjE3ODMzNjk4OTUsImlhdCI6MTc4MzM0MTA5NX0.rwNKfVX7bznzeAGTphuhnEFpb2Dtvzgyg3vCg5fSBow'''
 ,1
 ,1
[System: 192.168.1.54] DEBUG | 07/06/2026 18:01:49.272 | General Service|:: CompanyIndex:1 SpName: spADM_GetDataSet 
 ' SELECT * FROM CRM_ASSIGNMENT WITH(NOLOCK) WHERE CCID=40007 AND CCNODEID=36807 AND ISFROMACTIVITY IS NOT NULL     SELECT a.* FROM COM_FILES a WITH(NOLOCK) join CRM_Activities b WITH(NOLOCK) on a.FEATUREPK=b.ActivityID WHERE a.FEATUREID=144 and b.CostCenterID=40007 and b.NodeID=36807   exec spCRM_GetAssignedListForActivities 40007,36807 ,0 '
 ,1
 ,1
[System: 192.168.1.54] DEBUG | 07/06/2026 18:01:49.272 | General Service|:: CompanyIndex:1 SpName: spADM_GetDataSet 
 'select * from COM_TokenHistory WITH(NOLOCK) where JwtToken=''eyJhbGciOiJIUzI1NiIsInR5cCI6IkpXVCJ9.eyJ1bmlxdWVfbmFtZSI6ImFkbWluLDEsMSwxIiwibmJmIjoxNzgzMzQxMDk1LCJleHAiOjE3ODMzNjk4OTUsImlhdCI6MTc4MzM0MTA5NX0.rwNKfVX7bznzeAGTphuhnEFpb2Dtvzgyg3vCg5fSBow'''
 ,1
 ,1
[System: 192.168.1.54] DEBUG | 07/06/2026 18:01:49.304 | General Service|:: CompanyIndex:1 SpName: spDOC_GetDocumentHistory 
 40007
 ,36807
 ,'1'
 ,'1'
 ,'admin'
 ,1
[System: 192.168.1.54] DEBUG | 07/06/2026 18:01:49.304 | General Service|:: CompanyIndex:1 SpName: spADM_GetDataSet 
 'select * from COM_TokenHistory WITH(NOLOCK) where JwtToken=''eyJhbGciOiJIUzI1NiIsInR5cCI6IkpXVCJ9.eyJ1bmlxdWVfbmFtZSI6ImFkbWluLDEsMSwxIiwibmJmIjoxNzgzMzQxMDk1LCJleHAiOjE3ODMzNjk4OTUsImlhdCI6MTc4MzM0MTA5NX0.rwNKfVX7bznzeAGTphuhnEFpb2Dtvzgyg3vCg5fSBow'''
 ,1
 ,1
[System: 192.168.1.54] DEBUG | 07/06/2026 18:01:53.874 | General Service|:: CompanyIndex:1 SpName: spDOC_SetTempInvDoc 
 40007
 ,36807
 ,''
 ,'1119'
 ,'08/Sep/2025'
 ,'08/Sep/2025'
 ,''
 ,'<Row><AccountsXML></AccountsXML><Transactions DocSeqNo="1"  DocDetailsID="266794" LinkedInvDocDetailsID="0" LinkedFieldName="" IsScheme="" ProductID="7218" Quantity="2" Unit="89" UOMConversion="1" UOMConvertedQty="2" Rate="3" Gross="6" LineNarration="" RefNO=""  IsQtyIgnored="1" AverageRate="0" StockValue="6" Net="18.000" StockValueFC="6" CurrencyID="1" ExchangeRate="1" ActDocDate="21/Mar/2025" CommonNarration="01-101-0002"  DebitAccount="1505"  CreditAccount="1505"  ></Transactions><Numeric Query="dcNum6=0.000, dcCalcNum6=0, dcNum7=0.000, dcCalcNum7=0, dcNum4=0.000, dcCalcNum4=0, dcNum10=0.000, dcCalcNum10=0, dcNum2=6.000, dcCalcNum2=6, dcNum1=2.000, dcCalcNum1=2, dcNum51=8.000, dcCalcNum51=8, dcNum52=0.000, dcCalcNum52=0, dcNum53=0.000, dcCalcNum53=0, dcNum54=0.000, dcCalcNum54=0, dcNum55=0.000, dcCalcNum55=0, dcNum56=0.000, dcCalcNum56=0, dcNum57=0.000, dcCalcNum57=0, dcNum58=0.000, dcCalcNum58=0, dcNum59=0.000, dcCalcNum59=0, dcNum60=0.000, dcCalcNum60=0, dcNum61=0.000, dcCalcNum61=0, dcNum62=0.000, dcCalcNum62=0, dcNum63=8.000, dcCalcNum63=8, dcNum64=0.000, dcCalcNum64=0, dcNum65=0.000, dcCalcNum65=0, dcNum66=0.000, dcCalcNum66=0, dcNum67=0.000, dcCalcNum67=0, dcNum71=0.000, dcCalcNum71=0, dcNum68=0.000, dcCalcNum68=0, dcNum69=0.000, dcCalcNum69=0, dcNum70=0.000, dcCalcNum70=0, dcNum3=0.000, dcCalcNum3=0, dcNum31=0.000, dcCalcNum31=0, dcNum11=6.000, dcCalcNum11=6, dcNum12=0.000, dcCalcNum12=0, dcNum5=0.000, dcCalcNum5=0, " ></Numeric><Alpha Query="dcAlpha1=NULL,dcAlpha139=N''Taxable'', dcAlpha152=N''Goods'', dcAlpha140=N''Inputs'', dcAlpha153=N''Exclusive'', dcAlpha10=N'''', dcAlpha8=N'''', dcAlpha6=N'''', dcAlpha12=N'''', dcAlpha13=N'''', dcAlpha14=N'''', dcAlpha21=NULL,dcAlpha23=N''0'', dcAlpha154=N'''', dcAlpha24=N'''', dcAlpha151=N''230'', dcAlpha9=NULL, dcAlpha16=NULL, dcAlpha18=NULL, dcAlpha20=NULL, dcAlpha78=NULL, dcAlpha4=N''0'', dcAlpha134=NULL, dcAlpha135=N''N'', dcAlpha141=N''EXCLUSIVE'', dcAlpha131=N''Regular'', dcAlpha132=N''OE'', dcAlpha137=NULL, dcAlpha133=NULL, dcAlpha138=N''Deemed Export'', " ></Alpha><CostCenters Query="dcCCNID71=1, dcCCNID67=1, dcCCNID65=1, dcCCNID60=1, dcCCNID14=1, dcCCNID7=1, dcCCNID51=1, dcCCNID58=1, dcCCNID59=1, dcCCNID62=1, dcCCNID61=14, dcCCNID4=1, dcCCNID2=1, dcCCNID9=1, ContactID=1, dcCCNID63=1, dcCCNID64=1, " ></CostCenters><EXTRAXML></EXTRAXML></Row><Row><AccountsXML></AccountsXML><Transactions DocSeqNo="2"  DocDetailsID="266795" LinkedInvDocDetailsID="0" LinkedFieldName="" IsScheme="" ProductID="7219" Quantity="3" Unit="1" UOMConversion="1" UOMConvertedQty="3" Rate="4" Gross="12" LineNarration="" RefNO=""  IsQtyIgnored="1" AverageRate="0" StockValue="12" Net="18.000" StockValueFC="12" CurrencyID="1" ExchangeRate="1" ActDocDate="21/Mar/2025" CommonNarration="01-101-0002"  DebitAccount="1505"  CreditAccount="1505"  ></Transactions><Numeric Query="dcNum6=0.000, dcCalcNum6=0, dcNum7=0.000, dcCalcNum7=0, dcNum4=0.000, dcCalcNum4=0, dcNum10=0.000, dcCalcNum10=0, dcNum2=12.000, dcCalcNum2=12, dcNum1=4.000, dcCalcNum1=4, dcNum51=16.000, dcCalcNum51=16, dcNum52=0.000, dcCalcNum52=0, dcNum53=0.000, dcCalcNum53=0, dcNum54=0.000, dcCalcNum54=0, dcNum55=0.000, dcCalcNum55=0, dcNum56=0.000, dcCalcNum56=0, dcNum57=0.000, dcCalcNum57=0, dcNum58=0.000, dcCalcNum58=0, dcNum59=0.000, dcCalcNum59=0, dcNum60=0.000, dcCalcNum60=0, dcNum61=0.000, dcCalcNum61=0, dcNum62=0.000, dcCalcNum62=0, dcNum63=16.000, dcCalcNum63=16, dcNum64=0.000, dcCalcNum64=0, dcNum65=0.000, dcCalcNum65=0, dcNum66=0.000, dcCalcNum66=0, dcNum67=0.000, dcCalcNum67=0, dcNum71=0.000, dcCalcNum71=0, dcNum68=0.000, dcCalcNum68=0, dcNum69=0.000, dcCalcNum69=0, dcNum70=0.000, dcCalcNum70=0, dcNum3=0.000, dcCalcNum3=0, dcNum31=0.000, dcCalcNum31=0, dcNum11=12.000, dcCalcNum11=12, dcNum12=0.000, dcCalcNum12=0, dcNum5=0.000, dcCalcNum5=0, " ></Numeric><Alpha Query="dcAlpha1=NULL,dcAlpha139=N''Taxable'', dcAlpha152=N''Goods'', dcAlpha140=N''Inputs'', dcAlpha153=N''Exclusive'', dcAlpha10=N'''', dcAlpha8=N'''', dcAlpha6=N'''', dcAlpha12=N'''', dcAlpha13=N'''', dcAlpha14=N'''', dcAlpha21=NULL,dcAlpha23=N''0'', dcAlpha154=N'''', dcAlpha24=N'''', dcAlpha151=N''230'', dcAlpha9=NULL, dcAlpha16=NULL, dcAlpha18=NULL, dcAlpha20=NULL, dcAlpha78=NULL, dcAlpha4=N''0'', dcAlpha134=NULL, dcAlpha135=N''N'', dcAlpha141=N''EXCLUSIVE'', dcAlpha131=N''Regular'', dcAlpha132=N''OE'', dcAlpha137=NULL, dcAlpha133=NULL, dcAlpha138=N''Deemed Export'', " ></Alpha><CostCenters Query="dcCCNID71=1, dcCCNID67=1, dcCCNID65=1026, dcCCNID60=3, dcCCNID14=1, dcCCNID7=1, dcCCNID51=1, dcCCNID58=1, dcCCNID59=1, dcCCNID62=1, dcCCNID61=14, dcCCNID4=1, dcCCNID2=1, dcCCNID9=1, ContactID=1, dcCCNID63=1, dcCCNID64=1, " ></CostCenters><EXTRAXML></EXTRAXML></Row>'
 ,''
 ,''
 ,''
 ,'<XML    LockDims=" and (c.ccnid2 =1 or c.ccnid2=0)"  SysInfo="/Web" AP="/Web"  CheckStock="true"  WorkFlow="NO" Guid="" CCGuid="D20D3B7B-F448-41D5-8286-4B05342B5C93" FinancialSartDate="1/Apr/2025" FinancialEndDate="31/Mar/2026" DetailIds="266794~266795" ><ScheduleActivityXml><Row  rowno="0"  ActivityID="1509" ScheduleID="0" SchID="0" Status="" FreqType="" FreqInterval="" FreqSubdayType="" FreqSubdayInterval="" FreqRelativeInterval="" FreqRecurrenceFactor="" CStartDate="" CEndDate="" StartTime="" isRecu="0" ActivityTypeID="1" CostCenterID="40007" NodeID="36807" StatusID="412" Subject="qwqwq" Priority="2" PctComplete="0" Location="" IsAllDayActivity="0" ActualCloseDate="14/Oct/2025" ActualCloseTime="" CustomerID="01-101-0002" ContactID="0" Remarks="&lt;FlowDocument FontFamily=&quot;Calibri&quot; FontSize=&quot;12.0000003576279&quot; PagePadding=&quot;5,0,5,0&quot; AllowDrop=&quot;False&quot; xmlns=&quot;http://schemas.microsoft.com/winfx/2006/xaml/presentation&quot;>&lt;Paragraph>&lt;Run FontSize=&quot;10&quot; Foreground=&quot;#FFB22222&quot;>[14/Oct/2025 12:39:28 PM] admin:&lt;/Run>&lt;Run FontSize=&quot;12&quot;>asas&lt;/Run>&lt;/Paragraph>&lt;Paragraph>&lt;Run FontSize=&quot;10&quot; Foreground=&quot;#FFB22222&quot;>[14/Oct/2025 12:39:30 PM] admin:&lt;/Run>&lt;Run FontSize=&quot;12&quot;>qwqw&lt;/Run>&lt;/Paragraph>&lt;Paragraph>&lt;Run FontSize=&quot;10&quot; Foreground=&quot;#FFB22222&quot;>[14/Oct/2025 12:39:33 PM] admin:&lt;/Run>&lt;Run FontSize=&quot;12&quot;> xaa &lt;/Run>&lt;/Paragraph>&lt;/FlowDocument>" AssignGroupID="1" AssignRoleID="1" AssignUserID="1" ActStartDate="14/Oct/2025" ActEndDate="14/Oct/2025" ActStartTime="10:00:00 AM" ActEndTime="11:00:00 AM" UsersXML="" RolesXML="" GroupXML="" TeamNodeID="" UserID="" isTeam="" ExtraUserDefinedFields ="Alpha1=''Oct 14 2025 12:09PM'' ,Alpha2=''asfd'' ,Alpha3=''10/14/2025 12:00:00 AM'' ,CCNID2=''1''"  AttachmentXML =""  isEdited="0"/></ScheduleActivityXml>null</XML>'
 ,'false'
 ,0
 ,0
 ,'0'
 ,'1'
 ,''
 ,0
 ,0
 ,'3e1c70e0-7845-4eb0-97fc-5e1c5df7c30e'
 ,'admin'
 ,'1'
 ,1
 ,False
 message=-125
[System: 192.168.1.54] DEBUG | 07/06/2026 18:01:53.874 | General Service|:: CompanyIndex:1 SpName: spDOC_SetTempInvDoc 
 40007
 ,36807
 ,''
 ,'1119'
 ,'08/Sep/2025'
 ,'08/Sep/2025'
 ,''
 ,'<Row><AccountsXML></AccountsXML><Transactions DocSeqNo="1"  DocDetailsID="266794" LinkedInvDocDetailsID="0" LinkedFieldName="" IsScheme="" ProductID="7218" Quantity="2" Unit="89" UOMConversion="1" UOMConvertedQty="2" Rate="3" Gross="6" LineNarration="" RefNO=""  IsQtyIgnored="1" AverageRate="0" StockValue="6" Net="18.000" StockValueFC="6" CurrencyID="1" ExchangeRate="1" ActDocDate="21/Mar/2025" CommonNarration="01-101-0002"  DebitAccount="1505"  CreditAccount="1505"  ></Transactions><Numeric Query="dcNum6=0.000, dcCalcNum6=0, dcNum7=0.000, dcCalcNum7=0, dcNum4=0.000, dcCalcNum4=0, dcNum10=0.000, dcCalcNum10=0, dcNum2=6.000, dcCalcNum2=6, dcNum1=2.000, dcCalcNum1=2, dcNum51=8.000, dcCalcNum51=8, dcNum52=0.000, dcCalcNum52=0, dcNum53=0.000, dcCalcNum53=0, dcNum54=0.000, dcCalcNum54=0, dcNum55=0.000, dcCalcNum55=0, dcNum56=0.000, dcCalcNum56=0, dcNum57=0.000, dcCalcNum57=0, dcNum58=0.000, dcCalcNum58=0, dcNum59=0.000, dcCalcNum59=0, dcNum60=0.000, dcCalcNum60=0, dcNum61=0.000, dcCalcNum61=0, dcNum62=0.000, dcCalcNum62=0, dcNum63=8.000, dcCalcNum63=8, dcNum64=0.000, dcCalcNum64=0, dcNum65=0.000, dcCalcNum65=0, dcNum66=0.000, dcCalcNum66=0, dcNum67=0.000, dcCalcNum67=0, dcNum71=0.000, dcCalcNum71=0, dcNum68=0.000, dcCalcNum68=0, dcNum69=0.000, dcCalcNum69=0, dcNum70=0.000, dcCalcNum70=0, dcNum3=0.000, dcCalcNum3=0, dcNum31=0.000, dcCalcNum31=0, dcNum11=6.000, dcCalcNum11=6, dcNum12=0.000, dcCalcNum12=0, dcNum5=0.000, dcCalcNum5=0, " ></Numeric><Alpha Query="dcAlpha1=NULL,dcAlpha139=N''Taxable'', dcAlpha152=N''Goods'', dcAlpha140=N''Inputs'', dcAlpha153=N''Exclusive'', dcAlpha10=N'''', dcAlpha8=N'''', dcAlpha6=N'''', dcAlpha12=N'''', dcAlpha13=N'''', dcAlpha14=N'''', dcAlpha21=NULL,dcAlpha23=N''0'', dcAlpha154=N'''', dcAlpha24=N'''', dcAlpha151=N''230'', dcAlpha9=NULL, dcAlpha16=NULL, dcAlpha18=NULL, dcAlpha20=NULL, dcAlpha78=NULL, dcAlpha4=N''0'', dcAlpha134=NULL, dcAlpha135=N''N'', dcAlpha141=N''EXCLUSIVE'', dcAlpha131=N''Regular'', dcAlpha132=N''OE'', dcAlpha137=NULL, dcAlpha133=NULL, dcAlpha138=N''Deemed Export'', " ></Alpha><CostCenters Query="dcCCNID71=1, dcCCNID67=1, dcCCNID65=1, dcCCNID60=1, dcCCNID14=1, dcCCNID7=1, dcCCNID51=1, dcCCNID58=1, dcCCNID59=1, dcCCNID62=1, dcCCNID61=14, dcCCNID4=1, dcCCNID2=1, dcCCNID9=1, ContactID=1, dcCCNID63=1, dcCCNID64=1, " ></CostCenters><EXTRAXML></EXTRAXML></Row><Row><AccountsXML></AccountsXML><Transactions DocSeqNo="2"  DocDetailsID="266795" LinkedInvDocDetailsID="0" LinkedFieldName="" IsScheme="" ProductID="7219" Quantity="3" Unit="1" UOMConversion="1" UOMConvertedQty="3" Rate="4" Gross="12" LineNarration="" RefNO=""  IsQtyIgnored="1" AverageRate="0" StockValue="12" Net="18.000" StockValueFC="12" CurrencyID="1" ExchangeRate="1" ActDocDate="21/Mar/2025" CommonNarration="01-101-0002"  DebitAccount="1505"  CreditAccount="1505"  ></Transactions><Numeric Query="dcNum6=0.000, dcCalcNum6=0, dcNum7=0.000, dcCalcNum7=0, dcNum4=0.000, dcCalcNum4=0, dcNum10=0.000, dcCalcNum10=0, dcNum2=12.000, dcCalcNum2=12, dcNum1=4.000, dcCalcNum1=4, dcNum51=16.000, dcCalcNum51=16, dcNum52=0.000, dcCalcNum52=0, dcNum53=0.000, dcCalcNum53=0, dcNum54=0.000, dcCalcNum54=0, dcNum55=0.000, dcCalcNum55=0, dcNum56=0.000, dcCalcNum56=0, dcNum57=0.000, dcCalcNum57=0, dcNum58=0.000, dcCalcNum58=0, dcNum59=0.000, dcCalcNum59=0, dcNum60=0.000, dcCalcNum60=0, dcNum61=0.000, dcCalcNum61=0, dcNum62=0.000, dcCalcNum62=0, dcNum63=16.000, dcCalcNum63=16, dcNum64=0.000, dcCalcNum64=0, dcNum65=0.000, dcCalcNum65=0, dcNum66=0.000, dcCalcNum66=0, dcNum67=0.000, dcCalcNum67=0, dcNum71=0.000, dcCalcNum71=0, dcNum68=0.000, dcCalcNum68=0, dcNum69=0.000, dcCalcNum69=0, dcNum70=0.000, dcCalcNum70=0, dcNum3=0.000, dcCalcNum3=0, dcNum31=0.000, dcCalcNum31=0, dcNum11=12.000, dcCalcNum11=12, dcNum12=0.000, dcCalcNum12=0, dcNum5=0.000, dcCalcNum5=0, " ></Numeric><Alpha Query="dcAlpha1=NULL,dcAlpha139=N''Taxable'', dcAlpha152=N''Goods'', dcAlpha140=N''Inputs'', dcAlpha153=N''Exclusive'', dcAlpha10=N'''', dcAlpha8=N'''', dcAlpha6=N'''', dcAlpha12=N'''', dcAlpha13=N'''', dcAlpha14=N'''', dcAlpha21=NULL,dcAlpha23=N''0'', dcAlpha154=N'''', dcAlpha24=N'''', dcAlpha151=N''230'', dcAlpha9=NULL, dcAlpha16=NULL, dcAlpha18=NULL, dcAlpha20=NULL, dcAlpha78=NULL, dcAlpha4=N''0'', dcAlpha134=NULL, dcAlpha135=N''N'', dcAlpha141=N''EXCLUSIVE'', dcAlpha131=N''Regular'', dcAlpha132=N''OE'', dcAlpha137=NULL, dcAlpha133=NULL, dcAlpha138=N''Deemed Export'', " ></Alpha><CostCenters Query="dcCCNID71=1, dcCCNID67=1, dcCCNID65=1026, dcCCNID60=3, dcCCNID14=1, dcCCNID7=1, dcCCNID51=1, dcCCNID58=1, dcCCNID59=1, dcCCNID62=1, dcCCNID61=14, dcCCNID4=1, dcCCNID2=1, dcCCNID9=1, ContactID=1, dcCCNID63=1, dcCCNID64=1, " ></CostCenters><EXTRAXML></EXTRAXML></Row>'
 ,''
 ,''
 ,''
 ,'<XML    LockDims=" and (c.ccnid2 =1 or c.ccnid2=0)"  SysInfo="/Web" AP="/Web"  CheckStock="true"  WorkFlow="NO" Guid="" CCGuid="D20D3B7B-F448-41D5-8286-4B05342B5C93" FinancialSartDate="1/Apr/2025" FinancialEndDate="31/Mar/2026" DetailIds="266794~266795" ><ScheduleActivityXml><Row  rowno="0"  ActivityID="1509" ScheduleID="0" SchID="0" Status="" FreqType="" FreqInterval="" FreqSubdayType="" FreqSubdayInterval="" FreqRelativeInterval="" FreqRecurrenceFactor="" CStartDate="" CEndDate="" StartTime="" isRecu="0" ActivityTypeID="1" CostCenterID="40007" NodeID="36807" StatusID="412" Subject="qwqwq" Priority="2" PctComplete="0" Location="" IsAllDayActivity="0" ActualCloseDate="14/Oct/2025" ActualCloseTime="" CustomerID="01-101-0002" ContactID="0" Remarks="&lt;FlowDocument FontFamily=&quot;Calibri&quot; FontSize=&quot;12.0000003576279&quot; PagePadding=&quot;5,0,5,0&quot; AllowDrop=&quot;False&quot; xmlns=&quot;http://schemas.microsoft.com/winfx/2006/xaml/presentation&quot;>&lt;Paragraph>&lt;Run FontSize=&quot;10&quot; Foreground=&quot;#FFB22222&quot;>[14/Oct/2025 12:39:28 PM] admin:&lt;/Run>&lt;Run FontSize=&quot;12&quot;>asas&lt;/Run>&lt;/Paragraph>&lt;Paragraph>&lt;Run FontSize=&quot;10&quot; Foreground=&quot;#FFB22222&quot;>[14/Oct/2025 12:39:30 PM] admin:&lt;/Run>&lt;Run FontSize=&quot;12&quot;>qwqw&lt;/Run>&lt;/Paragraph>&lt;Paragraph>&lt;Run FontSize=&quot;10&quot; Foreground=&quot;#FFB22222&quot;>[14/Oct/2025 12:39:33 PM] admin:&lt;/Run>&lt;Run FontSize=&quot;12&quot;> xaa &lt;/Run>&lt;/Paragraph>&lt;/FlowDocument>" AssignGroupID="1" AssignRoleID="1" AssignUserID="1" ActStartDate="14/Oct/2025" ActEndDate="14/Oct/2025" ActStartTime="10:00:00 AM" ActEndTime="11:00:00 AM" UsersXML="" RolesXML="" GroupXML="" TeamNodeID="" UserID="" isTeam="" ExtraUserDefinedFields ="Alpha1=''Oct 14 2025 12:09PM'' ,Alpha2=''asfd'' ,Alpha3=''10/14/2025 12:00:00 AM'' ,CCNID2=''1''"  AttachmentXML =""  isEdited="0"/></ScheduleActivityXml>null</XML>'
 ,'false'
 ,0
 ,0
 ,'0'
 ,'1'
 ,''
 ,0
 ,0
 ,'3e1c70e0-7845-4eb0-97fc-5e1c5df7c30e'
 ,'admin'
 ,'1'
 ,1
 ,False
 message=Document Date Locked
[System: 192.168.1.54] INFO | 07/06/2026 18:01:53.874 | OnStartup: Logger Instance Created Successfully
[System: 192.168.1.54] INFO | 07/06/2026 18:01:53.874 | OnStartup: Application Starting...
[System: 192.168.1.54] ERROR | 07/06/2026 18:01:53.874 | General Service|:: CompanyIndex:1 SpName: spDOC_SetTempInvDocParameters :
 40007
 ,36807
 ,''
 ,'1119'
 ,'08/Sep/2025'
 ,'08/Sep/2025'
 ,''
 ,'<Row><AccountsXML></AccountsXML><Transactions DocSeqNo="1"  DocDetailsID="266794" LinkedInvDocDetailsID="0" LinkedFieldName="" IsScheme="" ProductID="7218" Quantity="2" Unit="89" UOMConversion="1" UOMConvertedQty="2" Rate="3" Gross="6" LineNarration="" RefNO=""  IsQtyIgnored="1" AverageRate="0" StockValue="6" Net="18.000" StockValueFC="6" CurrencyID="1" ExchangeRate="1" ActDocDate="21/Mar/2025" CommonNarration="01-101-0002"  DebitAccount="1505"  CreditAccount="1505"  ></Transactions><Numeric Query="dcNum6=0.000, dcCalcNum6=0, dcNum7=0.000, dcCalcNum7=0, dcNum4=0.000, dcCalcNum4=0, dcNum10=0.000, dcCalcNum10=0, dcNum2=6.000, dcCalcNum2=6, dcNum1=2.000, dcCalcNum1=2, dcNum51=8.000, dcCalcNum51=8, dcNum52=0.000, dcCalcNum52=0, dcNum53=0.000, dcCalcNum53=0, dcNum54=0.000, dcCalcNum54=0, dcNum55=0.000, dcCalcNum55=0, dcNum56=0.000, dcCalcNum56=0, dcNum57=0.000, dcCalcNum57=0, dcNum58=0.000, dcCalcNum58=0, dcNum59=0.000, dcCalcNum59=0, dcNum60=0.000, dcCalcNum60=0, dcNum61=0.000, dcCalcNum61=0, dcNum62=0.000, dcCalcNum62=0, dcNum63=8.000, dcCalcNum63=8, dcNum64=0.000, dcCalcNum64=0, dcNum65=0.000, dcCalcNum65=0, dcNum66=0.000, dcCalcNum66=0, dcNum67=0.000, dcCalcNum67=0, dcNum71=0.000, dcCalcNum71=0, dcNum68=0.000, dcCalcNum68=0, dcNum69=0.000, dcCalcNum69=0, dcNum70=0.000, dcCalcNum70=0, dcNum3=0.000, dcCalcNum3=0, dcNum31=0.000, dcCalcNum31=0, dcNum11=6.000, dcCalcNum11=6, dcNum12=0.000, dcCalcNum12=0, dcNum5=0.000, dcCalcNum5=0, " ></Numeric><Alpha Query="dcAlpha1=NULL,dcAlpha139=N''Taxable'', dcAlpha152=N''Goods'', dcAlpha140=N''Inputs'', dcAlpha153=N''Exclusive'', dcAlpha10=N'''', dcAlpha8=N'''', dcAlpha6=N'''', dcAlpha12=N'''', dcAlpha13=N'''', dcAlpha14=N'''', dcAlpha21=NULL,dcAlpha23=N''0'', dcAlpha154=N'''', dcAlpha24=N'''', dcAlpha151=N''230'', dcAlpha9=NULL, dcAlpha16=NULL, dcAlpha18=NULL, dcAlpha20=NULL, dcAlpha78=NULL, dcAlpha4=N''0'', dcAlpha134=NULL, dcAlpha135=N''N'', dcAlpha141=N''EXCLUSIVE'', dcAlpha131=N''Regular'', dcAlpha132=N''OE'', dcAlpha137=NULL, dcAlpha133=NULL, dcAlpha138=N''Deemed Export'', " ></Alpha><CostCenters Query="dcCCNID71=1, dcCCNID67=1, dcCCNID65=1, dcCCNID60=1, dcCCNID14=1, dcCCNID7=1, dcCCNID51=1, dcCCNID58=1, dcCCNID59=1, dcCCNID62=1, dcCCNID61=14, dcCCNID4=1, dcCCNID2=1, dcCCNID9=1, ContactID=1, dcCCNID63=1, dcCCNID64=1, " ></CostCenters><EXTRAXML></EXTRAXML></Row><Row><AccountsXML></AccountsXML><Transactions DocSeqNo="2"  DocDetailsID="266795" LinkedInvDocDetailsID="0" LinkedFieldName="" IsScheme="" ProductID="7219" Quantity="3" Unit="1" UOMConversion="1" UOMConvertedQty="3" Rate="4" Gross="12" LineNarration="" RefNO=""  IsQtyIgnored="1" AverageRate="0" StockValue="12" Net="18.000" StockValueFC="12" CurrencyID="1" ExchangeRate="1" ActDocDate="21/Mar/2025" CommonNarration="01-101-0002"  DebitAccount="1505"  CreditAccount="1505"  ></Transactions><Numeric Query="dcNum6=0.000, dcCalcNum6=0, dcNum7=0.000, dcCalcNum7=0, dcNum4=0.000, dcCalcNum4=0, dcNum10=0.000, dcCalcNum10=0, dcNum2=12.000, dcCalcNum2=12, dcNum1=4.000, dcCalcNum1=4, dcNum51=16.000, dcCalcNum51=16, dcNum52=0.000, dcCalcNum52=0, dcNum53=0.000, dcCalcNum53=0, dcNum54=0.000, dcCalcNum54=0, dcNum55=0.000, dcCalcNum55=0, dcNum56=0.000, dcCalcNum56=0, dcNum57=0.000, dcCalcNum57=0, dcNum58=0.000, dcCalcNum58=0, dcNum59=0.000, dcCalcNum59=0, dcNum60=0.000, dcCalcNum60=0, dcNum61=0.000, dcCalcNum61=0, dcNum62=0.000, dcCalcNum62=0, dcNum63=16.000, dcCalcNum63=16, dcNum64=0.000, dcCalcNum64=0, dcNum65=0.000, dcCalcNum65=0, dcNum66=0.000, dcCalcNum66=0, dcNum67=0.000, dcCalcNum67=0, dcNum71=0.000, dcCalcNum71=0, dcNum68=0.000, dcCalcNum68=0, dcNum69=0.000, dcCalcNum69=0, dcNum70=0.000, dcCalcNum70=0, dcNum3=0.000, dcCalcNum3=0, dcNum31=0.000, dcCalcNum31=0, dcNum11=12.000, dcCalcNum11=12, dcNum12=0.000, dcCalcNum12=0, dcNum5=0.000, dcCalcNum5=0, " ></Numeric><Alpha Query="dcAlpha1=NULL,dcAlpha139=N''Taxable'', dcAlpha152=N''Goods'', dcAlpha140=N''Inputs'', dcAlpha153=N''Exclusive'', dcAlpha10=N'''', dcAlpha8=N'''', dcAlpha6=N'''', dcAlpha12=N'''', dcAlpha13=N'''', dcAlpha14=N'''', dcAlpha21=NULL,dcAlpha23=N''0'', dcAlpha154=N'''', dcAlpha24=N'''', dcAlpha151=N''230'', dcAlpha9=NULL, dcAlpha16=NULL, dcAlpha18=NULL, dcAlpha20=NULL, dcAlpha78=NULL, dcAlpha4=N''0'', dcAlpha134=NULL, dcAlpha135=N''N'', dcAlpha141=N''EXCLUSIVE'', dcAlpha131=N''Regular'', dcAlpha132=N''OE'', dcAlpha137=NULL, dcAlpha133=NULL, dcAlpha138=N''Deemed Export'', " ></Alpha><CostCenters Query="dcCCNID71=1, dcCCNID67=1, dcCCNID65=1026, dcCCNID60=3, dcCCNID14=1, dcCCNID7=1, dcCCNID51=1, dcCCNID58=1, dcCCNID59=1, dcCCNID62=1, dcCCNID61=14, dcCCNID4=1, dcCCNID2=1, dcCCNID9=1, ContactID=1, dcCCNID63=1, dcCCNID64=1, " ></CostCenters><EXTRAXML></EXTRAXML></Row>'
 ,''
 ,''
 ,''
 ,'<XML    LockDims=" and (c.ccnid2 =1 or c.ccnid2=0)"  SysInfo="/Web" AP="/Web"  CheckStock="true"  WorkFlow="NO" Guid="" CCGuid="D20D3B7B-F448-41D5-8286-4B05342B5C93" FinancialSartDate="1/Apr/2025" FinancialEndDate="31/Mar/2026" DetailIds="266794~266795" ><ScheduleActivityXml><Row  rowno="0"  ActivityID="1509" ScheduleID="0" SchID="0" Status="" FreqType="" FreqInterval="" FreqSubdayType="" FreqSubdayInterval="" FreqRelativeInterval="" FreqRecurrenceFactor="" CStartDate="" CEndDate="" StartTime="" isRecu="0" ActivityTypeID="1" CostCenterID="40007" NodeID="36807" StatusID="412" Subject="qwqwq" Priority="2" PctComplete="0" Location="" IsAllDayActivity="0" ActualCloseDate="14/Oct/2025" ActualCloseTime="" CustomerID="01-101-0002" ContactID="0" Remarks="&lt;FlowDocument FontFamily=&quot;Calibri&quot; FontSize=&quot;12.0000003576279&quot; PagePadding=&quot;5,0,5,0&quot; AllowDrop=&quot;False&quot; xmlns=&quot;http://schemas.microsoft.com/winfx/2006/xaml/presentation&quot;>&lt;Paragraph>&lt;Run FontSize=&quot;10&quot; Foreground=&quot;#FFB22222&quot;>[14/Oct/2025 12:39:28 PM] admin:&lt;/Run>&lt;Run FontSize=&quot;12&quot;>asas&lt;/Run>&lt;/Paragraph>&lt;Paragraph>&lt;Run FontSize=&quot;10&quot; Foreground=&quot;#FFB22222&quot;>[14/Oct/2025 12:39:30 PM] admin:&lt;/Run>&lt;Run FontSize=&quot;12&quot;>qwqw&lt;/Run>&lt;/Paragraph>&lt;Paragraph>&lt;Run FontSize=&quot;10&quot; Foreground=&quot;#FFB22222&quot;>[14/Oct/2025 12:39:33 PM] admin:&lt;/Run>&lt;Run FontSize=&quot;12&quot;> xaa &lt;/Run>&lt;/Paragraph>&lt;/FlowDocument>" AssignGroupID="1" AssignRoleID="1" AssignUserID="1" ActStartDate="14/Oct/2025" ActEndDate="14/Oct/2025" ActStartTime="10:00:00 AM" ActEndTime="11:00:00 AM" UsersXML="" RolesXML="" GroupXML="" TeamNodeID="" UserID="" isTeam="" ExtraUserDefinedFields ="Alpha1=''Oct 14 2025 12:09PM'' ,Alpha2=''asfd'' ,Alpha3=''10/14/2025 12:00:00 AM'' ,CCNID2=''1''"  AttachmentXML =""  isEdited="0"/></ScheduleActivityXml>null</XML>'
 ,'false'
 ,0
 ,0
 ,'0'
 ,'1'
 ,''
 ,0
 ,0
 ,'3e1c70e0-7845-4eb0-97fc-5e1c5df7c30e'
 ,'admin'
 ,'1'
 ,1
 ,False|-125
[System: 192.168.1.54] DEBUG | 07/06/2026 18:01:53.889 | General Service|:: CompanyIndex:1 SpName: spADM_GetDataSet 
 'select * from COM_TokenHistory WITH(NOLOCK) where JwtToken=''eyJhbGciOiJIUzI1NiIsInR5cCI6IkpXVCJ9.eyJ1bmlxdWVfbmFtZSI6ImFkbWluLDEsMSwxIiwibmJmIjoxNzgzMzQxMDk1LCJleHAiOjE3ODMzNjk4OTUsImlhdCI6MTc4MzM0MTA5NX0.rwNKfVX7bznzeAGTphuhnEFpb2Dtvzgyg3vCg5fSBow'''
 ,1
 ,1
[System: 192.168.1.54] DEBUG | 07/06/2026 18:01:59.714 | General Service|:: CompanyIndex:1 SpName: spDOC_GetDocumentDetailsByVoucherNo 
 'SOD-1119/2'
 ,'1'
 ,1
[System: 192.168.1.54] DEBUG | 07/06/2026 18:01:59.714 | General Service|:: CompanyIndex:1 SpName: spADM_GetDataSet 
 'declare @DocNo nvarchar(100),@DetailsID bigint
set @DocNo=''SOD-1119/2''
select @DetailsID=min(InvDocDetailsID) from INV_DocDetails with(nolock) where VoucherNo=@DocNo
select CreatedBy,CONVERT(Datetime,CreatedDate) CreateDate from INV_DocDetails with(nolock)
where InvDocDetailsID=@DetailsID

select @DetailsID=max(InvDocDetailsID) from INV_DocDetails with(nolock) where VoucherNo=@DocNo
select ModifiedBy,CONVERT(Datetime,ModifiedDate) ModifiedDate from INV_DocDetails with(nolock)
where InvDocDetailsID=@DetailsID

select A.AccountName,sum(Dr) Dr,sum(Cr) Cr
from(
select DebitAccount Account,Amount Dr, 0 Cr
from ACC_DocDetails with(nolock)
where VoucherNo=@DocNo
union all
select CreditAccount,0,Amount
from ACC_DocDetails with(nolock)
where VoucherNo=@DocNo
) AS T
join ACC_Accounts A with(nolock) on A.AccountID=T.Account
Group By A.AccountName
order by Dr desc,Cr desc'
 ,1
 ,1
[System: 192.168.1.54] DEBUG | 07/06/2026 18:01:59.714 | General Service|:: CompanyIndex:1 SpName: spADM_GetDataSet 
 'select * from COM_TokenHistory WITH(NOLOCK) where JwtToken=''eyJhbGciOiJIUzI1NiIsInR5cCI6IkpXVCJ9.eyJ1bmlxdWVfbmFtZSI6ImFkbWluLDEsMSwxIiwibmJmIjoxNzgzMzQxMDk1LCJleHAiOjE3ODMzNjk4OTUsImlhdCI6MTc4MzM0MTA5NX0.rwNKfVX7bznzeAGTphuhnEFpb2Dtvzgyg3vCg5fSBow'''
 ,1
 ,1
[System: 192.168.1.54] DEBUG | 07/06/2026 18:01:59.714 | General Service|:: CompanyIndex:1 SpName: spADM_GetDataSet 
 'select * from COM_TokenHistory WITH(NOLOCK) where JwtToken=''eyJhbGciOiJIUzI1NiIsInR5cCI6IkpXVCJ9.eyJ1bmlxdWVfbmFtZSI6ImFkbWluLDEsMSwxIiwibmJmIjoxNzgzMzQxMDk1LCJleHAiOjE3ODMzNjk4OTUsImlhdCI6MTc4MzM0MTA5NX0.rwNKfVX7bznzeAGTphuhnEFpb2Dtvzgyg3vCg5fSBow'''
 ,1
 ,1
[System: 192.168.1.54] DEBUG | 07/06/2026 18:02:00.015 | General Service|:: CompanyIndex:1 SpName: spDOC_GetDocumentDefinition 
 40007
 ,NULL
 ,NULL
 ,''
 ,1
 ,'admin'
 ,1
 ,1
 ,1
[System: 192.168.1.54] DEBUG | 07/06/2026 18:02:00.015 | General Service|:: CompanyIndex:1 SpName: spADM_GetDataSet 
 'select * from COM_TokenHistory WITH(NOLOCK) where JwtToken=''eyJhbGciOiJIUzI1NiIsInR5cCI6IkpXVCJ9.eyJ1bmlxdWVfbmFtZSI6ImFkbWluLDEsMSwxIiwibmJmIjoxNzgzMzQxMDk1LCJleHAiOjE3ODMzNjk4OTUsImlhdCI6MTc4MzM0MTA5NX0.rwNKfVX7bznzeAGTphuhnEFpb2Dtvzgyg3vCg5fSBow'''
 ,1
 ,1
[System: 192.168.1.54] DEBUG | 07/06/2026 18:02:00.047 | General Service|:: CompanyIndex:1 SpName: spDoc_GetCurrencyExchangeRate 
 1
 ,'06-Jul-2026'
 ,1
 ,0
 ,1
[System: 192.168.1.54] DEBUG | 07/06/2026 18:02:00.047 | General Service|:: CompanyIndex:1 SpName: spADM_GetDataSet 
 'select * from COM_TokenHistory WITH(NOLOCK) where JwtToken=''eyJhbGciOiJIUzI1NiIsInR5cCI6IkpXVCJ9.eyJ1bmlxdWVfbmFtZSI6ImFkbWluLDEsMSwxIiwibmJmIjoxNzgzMzQxMDk1LCJleHAiOjE3ODMzNjk4OTUsImlhdCI6MTc4MzM0MTA5NX0.rwNKfVX7bznzeAGTphuhnEFpb2Dtvzgyg3vCg5fSBow'''
 ,1
 ,1
[System: 192.168.1.54] DEBUG | 07/06/2026 18:02:00.062 | General Service|:: CompanyIndex:1 SpName: spDOC_GetCurrentCodeNumber 
 40007
 ,''
 ,1
 ,1
[System: 192.168.1.54] DEBUG | 07/06/2026 18:02:00.062 | General Service|:: CompanyIndex:1 SpName: spADM_GetDataSet 
 'select * from COM_TokenHistory WITH(NOLOCK) where JwtToken=''eyJhbGciOiJIUzI1NiIsInR5cCI6IkpXVCJ9.eyJ1bmlxdWVfbmFtZSI6ImFkbWluLDEsMSwxIiwibmJmIjoxNzgzMzQxMDk1LCJleHAiOjE3ODMzNjk4OTUsImlhdCI6MTc4MzM0MTA5NX0.rwNKfVX7bznzeAGTphuhnEFpb2Dtvzgyg3vCg5fSBow'''
 ,1
 ,1
[System: 192.168.1.54] DEBUG | 07/06/2026 18:02:00.109 | General Service|:: CompanyIndex:1 SpName: spCOM_GetDimensionTabGridData 
 40007
 ,144
 ,1
 ,1
[System: 192.168.1.54] DEBUG | 07/06/2026 18:02:00.109 | General Service|:: CompanyIndex:1 SpName: spADM_GetDataSet 
 'select * from COM_TokenHistory WITH(NOLOCK) where JwtToken=''eyJhbGciOiJIUzI1NiIsInR5cCI6IkpXVCJ9.eyJ1bmlxdWVfbmFtZSI6ImFkbWluLDEsMSwxIiwibmJmIjoxNzgzMzQxMDk1LCJleHAiOjE3ODMzNjk4OTUsImlhdCI6MTc4MzM0MTA5NX0.rwNKfVX7bznzeAGTphuhnEFpb2Dtvzgyg3vCg5fSBow'''
 ,1
 ,1
[System: 192.168.1.54] DEBUG | 07/06/2026 18:02:00.125 | General Service|:: CompanyIndex:1 SpName: SPCRM_GetActivitiesCustomFields 
 40007
 ,0
 ,'admin'
 ,1
 ,1
 ,1
[System: 192.168.1.54] DEBUG | 07/06/2026 18:02:00.125 | General Service|:: CompanyIndex:1 SpName: spADM_GetDataSet 
 'select * from COM_TokenHistory WITH(NOLOCK) where JwtToken=''eyJhbGciOiJIUzI1NiIsInR5cCI6IkpXVCJ9.eyJ1bmlxdWVfbmFtZSI6ImFkbWluLDEsMSwxIiwibmJmIjoxNzgzMzQxMDk1LCJleHAiOjE3ODMzNjk4OTUsImlhdCI6MTc4MzM0MTA5NX0.rwNKfVX7bznzeAGTphuhnEFpb2Dtvzgyg3vCg5fSBow'''
 ,1
 ,1
[System: 192.168.1.54] DEBUG | 07/06/2026 18:02:00.141 | General Service|:: CompanyIndex:1 SpName: spADM_GetDataSet 
 ' select Name,value from [com_Costcenterpreferences] with(nolock) where CostCenterID=1000 '
 ,1
 ,1
[System: 192.168.1.54] DEBUG | 07/06/2026 18:02:00.141 | General Service|:: CompanyIndex:1 SpName: spADM_GetDataSet 
 'select * from COM_TokenHistory WITH(NOLOCK) where JwtToken=''eyJhbGciOiJIUzI1NiIsInR5cCI6IkpXVCJ9.eyJ1bmlxdWVfbmFtZSI6ImFkbWluLDEsMSwxIiwibmJmIjoxNzgzMzQxMDk1LCJleHAiOjE3ODMzNjk4OTUsImlhdCI6MTc4MzM0MTA5NX0.rwNKfVX7bznzeAGTphuhnEFpb2Dtvzgyg3vCg5fSBow'''
 ,1
 ,1
[System: 192.168.1.54] DEBUG | 07/06/2026 18:02:00.157 | General Service|:: CompanyIndex:1 SpName: spADM_GetDataSet 
 'select * from COM_TokenHistory WITH(NOLOCK) where JwtToken=''eyJhbGciOiJIUzI1NiIsInR5cCI6IkpXVCJ9.eyJ1bmlxdWVfbmFtZSI6ImFkbWluLDEsMSwxIiwibmJmIjoxNzgzMzQxMDk1LCJleHAiOjE3ODMzNjk4OTUsImlhdCI6MTc4MzM0MTA5NX0.rwNKfVX7bznzeAGTphuhnEFpb2Dtvzgyg3vCg5fSBow'''
 ,1
 ,1
[System: 192.168.1.54] DEBUG | 07/06/2026 18:02:00.172 | General Service|:: CompanyIndex:1 SpName: spADM_GetDataSet 
 'select UserName,UserID from dbo.adm_users with(nolock) where isuserdeleted=0 and StatusID=1'
 ,1
 ,1
[System: 192.168.1.54] DEBUG | 07/06/2026 18:02:00.172 | General Service|:: CompanyIndex:1 SpName: spADM_GetDataSet 
 'select * from COM_TokenHistory WITH(NOLOCK) where JwtToken=''eyJhbGciOiJIUzI1NiIsInR5cCI6IkpXVCJ9.eyJ1bmlxdWVfbmFtZSI6ImFkbWluLDEsMSwxIiwibmJmIjoxNzgzMzQxMDk1LCJleHAiOjE3ODMzNjk4OTUsImlhdCI6MTc4MzM0MTA5NX0.rwNKfVX7bznzeAGTphuhnEFpb2Dtvzgyg3vCg5fSBow'''
 ,1
 ,1
[System: 192.168.1.54] DEBUG | 07/06/2026 18:02:00.188 | General Service|:: CompanyIndex:1 SpName: spCOM_GetWorkFlowScreenDetails 
 NULL
 ,NULL
 ,'1'
 ,'1'
 ,1
 ,True
[System: 192.168.1.54] DEBUG | 07/06/2026 18:02:00.188 | General Service|:: CompanyIndex:1 SpName: spADM_GetDataSet 
 'select * from COM_TokenHistory WITH(NOLOCK) where JwtToken=''eyJhbGciOiJIUzI1NiIsInR5cCI6IkpXVCJ9.eyJ1bmlxdWVfbmFtZSI6ImFkbWluLDEsMSwxIiwibmJmIjoxNzgzMzQxMDk1LCJleHAiOjE3ODMzNjk4OTUsImlhdCI6MTc4MzM0MTA5NX0.rwNKfVX7bznzeAGTphuhnEFpb2Dtvzgyg3vCg5fSBow'''
 ,1
 ,1
[System: 192.168.1.54] DEBUG | 07/06/2026 18:02:00.204 | General Service|:: CompanyIndex:1 SpName: spADM_GetDataSet 
 'select Name,value from [com_Costcenterpreferences] with(nolock) where CostCenterID=40007'
 ,1
 ,1
[System: 192.168.1.54] DEBUG | 07/06/2026 18:02:00.219 | General Service|:: CompanyIndex:1 SpName: spADM_GetDataSet 
 'select * from COM_TokenHistory WITH(NOLOCK) where JwtToken=''eyJhbGciOiJIUzI1NiIsInR5cCI6IkpXVCJ9.eyJ1bmlxdWVfbmFtZSI6ImFkbWluLDEsMSwxIiwibmJmIjoxNzgzMzQxMDk1LCJleHAiOjE3ODMzNjk4OTUsImlhdCI6MTc4MzM0MTA5NX0.rwNKfVX7bznzeAGTphuhnEFpb2Dtvzgyg3vCg5fSBow'''
 ,1
 ,1
[System: 192.168.1.54] DEBUG | 07/06/2026 18:02:00.235 | General Service|:: CompanyIndex:1 SpName: spDOC_GetInvDocument 
 40007
 ,''
 ,'1119'
 ,'0'
 ,0
 ,' and (b.dcCCNID2=c.CCNID2 or c.CCNID2=0)'
 ,1
 ,1
 ,'admin'
 ,1
[System: 192.168.1.54] DEBUG | 07/06/2026 18:02:00.235 | General Service|:: CompanyIndex:1 SpName: spADM_GetDataSet 
 'select * from COM_TokenHistory WITH(NOLOCK) where JwtToken=''eyJhbGciOiJIUzI1NiIsInR5cCI6IkpXVCJ9.eyJ1bmlxdWVfbmFtZSI6ImFkbWluLDEsMSwxIiwibmJmIjoxNzgzMzQxMDk1LCJleHAiOjE3ODMzNjk4OTUsImlhdCI6MTc4MzM0MTA5NX0.rwNKfVX7bznzeAGTphuhnEFpb2Dtvzgyg3vCg5fSBow'''
 ,1
 ,1
[System: 192.168.1.54] DEBUG | 07/06/2026 18:02:00.250 | General Service|:: CompanyIndex:1 SpName: spADM_GetDataSet 
 ' select BODocID,MRDocID, VendorID from Com_BiddingDocs with (nolock) where QTDocID =36807 and Status = 1
                    and CONVERT(float, Convert(datetime, ''06/Jul/2026 06:02:00 PM'')) between CONVERT(float,BidStartTime) and CONVERT(float,BidEndTime)'
 ,1
 ,1
[System: 192.168.1.54] DEBUG | 07/06/2026 18:02:00.250 | General Service|:: CompanyIndex:1 SpName: spADM_GetDataSet 
 'select * from COM_TokenHistory WITH(NOLOCK) where JwtToken=''eyJhbGciOiJIUzI1NiIsInR5cCI6IkpXVCJ9.eyJ1bmlxdWVfbmFtZSI6ImFkbWluLDEsMSwxIiwibmJmIjoxNzgzMzQxMDk1LCJleHAiOjE3ODMzNjk4OTUsImlhdCI6MTc4MzM0MTA5NX0.rwNKfVX7bznzeAGTphuhnEFpb2Dtvzgyg3vCg5fSBow'''
 ,1
 ,1
[System: 192.168.1.54] DEBUG | 07/06/2026 18:02:00.266 | General Service|:: CompanyIndex:1 SpName: spADM_GetListViewDataByIDs 
 '<XML><Row CCID="2"  TypeID="10"  DBColumnID="4222"  NodeID="1505" /><Row CCID="2"  TypeID="100"  DBColumnID="4222"  NodeID="1505" /><Row CCID="2"  TypeID="10"  DBColumnID="7072"  NodeID="1505" /><Row CCID="2"  TypeID="100"  DBColumnID="7072"  NodeID="1505" /><Row CCID="50058"  TypeID="1"  DBColumnID="7123"  NodeID="1" /><Row CCID="50059"  TypeID="1"  DBColumnID="7192"  NodeID="1" /><Row CCID="50062"  TypeID="1"  DBColumnID="7399"  NodeID="1" /><Row CCID="50061"  TypeID="11"  DBColumnID="7330"  NodeID="14" /><Row CCID="50004"  TypeID="1"  DBColumnID="5046"  NodeID="1" /><Row CCID="50002"  TypeID="1"  DBColumnID="5044"  NodeID="1" /><Row CCID="50009"  TypeID="3"  DBColumnID="5051"  NodeID="1" /><Row CCID="65"  TypeID="2"  DBColumnID="50363"  NodeID="1" /><Row CCID="50063"  TypeID="1"  DBColumnID="7707"  NodeID="1" /><Row CCID="50064"  TypeID="1"  DBColumnID="7781"  NodeID="1" /><Row CCID="50058"  TypeID="1"  DBColumnID="640224"  NodeID="230" /><Row CCID="50071"  TypeID="1"  DBColumnID="721135"  NodeID="1" /><Row CCID="50067"  TypeID="1"  DBColumnID="8003"  NodeID="1" /><Row CCID="50065"  TypeID="1"  DBColumnID="7855"  NodeID="1,1026" /><Row CCID="50060"  TypeID="1"  DBColumnID="7261"  NodeID="1,3" /><Row CCID="50014"  TypeID="3"  DBColumnID="5056"  NodeID="1" /><Row CCID="50007"  TypeID="3"  DBColumnID="5049"  NodeID="1" /><Row CCID="50051"  TypeID="1"  DBColumnID="56349"  NodeID="1" /></XML>'
 ,1
 ,1
[System: 192.168.1.54] DEBUG | 07/06/2026 18:02:00.266 | General Service|:: CompanyIndex:1 SpName: spADM_GetDataSet 
 'select * from COM_TokenHistory WITH(NOLOCK) where JwtToken=''eyJhbGciOiJIUzI1NiIsInR5cCI6IkpXVCJ9.eyJ1bmlxdWVfbmFtZSI6ImFkbWluLDEsMSwxIiwibmJmIjoxNzgzMzQxMDk1LCJleHAiOjE3ODMzNjk4OTUsImlhdCI6MTc4MzM0MTA5NX0.rwNKfVX7bznzeAGTphuhnEFpb2Dtvzgyg3vCg5fSBow'''
 ,1
 ,1
[System: 192.168.1.54] DEBUG | 07/06/2026 18:02:00.298 | General Service|:: CompanyIndex:1 SpName: spRPT_DocsTree 
 'SOD-1119/2'
 ,2
 ,True
 ,'1'
 ,1
[System: 192.168.1.54] DEBUG | 07/06/2026 18:02:00.313 | General Service|:: CompanyIndex:1 SpName: spADM_GetDataSet 
 'select * from COM_TokenHistory WITH(NOLOCK) where JwtToken=''eyJhbGciOiJIUzI1NiIsInR5cCI6IkpXVCJ9.eyJ1bmlxdWVfbmFtZSI6ImFkbWluLDEsMSwxIiwibmJmIjoxNzgzMzQxMDk1LCJleHAiOjE3ODMzNjk4OTUsImlhdCI6MTc4MzM0MTA5NX0.rwNKfVX7bznzeAGTphuhnEFpb2Dtvzgyg3vCg5fSBow'''
 ,1
 ,1
[System: 192.168.1.54] DEBUG | 07/06/2026 18:02:00.313 | General Service|:: CompanyIndex:1 SpName: spADM_GetDataSet 
 ' SELECT * FROM CRM_ASSIGNMENT WITH(NOLOCK) WHERE CCID=40007 AND CCNODEID=36807 AND ISFROMACTIVITY IS NOT NULL     SELECT a.* FROM COM_FILES a WITH(NOLOCK) join CRM_Activities b WITH(NOLOCK) on a.FEATUREPK=b.ActivityID WHERE a.FEATUREID=144 and b.CostCenterID=40007 and b.NodeID=36807   exec spCRM_GetAssignedListForActivities 40007,36807 ,0 '
 ,1
 ,1
[System: 192.168.1.54] DEBUG | 07/06/2026 18:02:00.313 | General Service|:: CompanyIndex:1 SpName: spADM_GetDataSet 
 'select * from COM_TokenHistory WITH(NOLOCK) where JwtToken=''eyJhbGciOiJIUzI1NiIsInR5cCI6IkpXVCJ9.eyJ1bmlxdWVfbmFtZSI6ImFkbWluLDEsMSwxIiwibmJmIjoxNzgzMzQxMDk1LCJleHAiOjE3ODMzNjk4OTUsImlhdCI6MTc4MzM0MTA5NX0.rwNKfVX7bznzeAGTphuhnEFpb2Dtvzgyg3vCg5fSBow'''
 ,1
 ,1
[System: 192.168.1.54] DEBUG | 07/06/2026 18:02:00.422 | General Service|:: CompanyIndex:1 SpName: spADM_GetCostCenterListViewData 
 NULL
 ,''
 ,''
 ,''
 ,''
 ,''
 ,8
 ,False
 ,''
 ,''
 ,''
 ,''
 ,''
 ,0
 ,False
 ,''
 ,''
 ,'1'
 ,'1'
 ,1
 message=Missing required parametrer.
[System: 192.168.1.54] INFO | 07/06/2026 18:02:00.422 | OnStartup: Logger Instance Created Successfully
[System: 192.168.1.54] INFO | 07/06/2026 18:02:00.422 | OnStartup: Application Starting...
[System: 192.168.1.54] ERROR | 07/06/2026 18:02:00.422 | General Service|:: CompanyIndex:1 SpName: spADM_GetCostCenterListViewDataParameters :
 NULL
 ,''
 ,''
 ,''
 ,''
 ,''
 ,8
 ,False
 ,''
 ,''
 ,''
 ,''
 ,''
 ,0
 ,False
 ,''
 ,''
 ,'1'
 ,'1'
 ,1|Missing required parametrer.
[System: 192.168.1.54] DEBUG | 07/06/2026 18:02:00.422 | General Service|:: CompanyIndex:1 SpName: spADM_GetDataSet 
 'select * from COM_TokenHistory WITH(NOLOCK) where JwtToken=''eyJhbGciOiJIUzI1NiIsInR5cCI6IkpXVCJ9.eyJ1bmlxdWVfbmFtZSI6ImFkbWluLDEsMSwxIiwibmJmIjoxNzgzMzQxMDk1LCJleHAiOjE3ODMzNjk4OTUsImlhdCI6MTc4MzM0MTA5NX0.rwNKfVX7bznzeAGTphuhnEFpb2Dtvzgyg3vCg5fSBow'''
 ,1
 ,1
[System: 192.168.1.54] DEBUG | 07/06/2026 18:02:00.501 | General Service|:: CompanyIndex:1 SpName: spADM_GetCostCenterListViewData 
 NULL
 ,''
 ,''
 ,''
 ,''
 ,''
 ,8
 ,False
 ,''
 ,''
 ,''
 ,''
 ,''
 ,0
 ,False
 ,''
 ,''
 ,'1'
 ,'1'
 ,1
 message=Missing required parametrer.
[System: 192.168.1.54] INFO | 07/06/2026 18:02:00.501 | OnStartup: Logger Instance Created Successfully
[System: 192.168.1.54] INFO | 07/06/2026 18:02:00.501 | OnStartup: Application Starting...
[System: 192.168.1.54] ERROR | 07/06/2026 18:02:00.501 | General Service|:: CompanyIndex:1 SpName: spADM_GetCostCenterListViewDataParameters :
 NULL
 ,''
 ,''
 ,''
 ,''
 ,''
 ,8
 ,False
 ,''
 ,''
 ,''
 ,''
 ,''
 ,0
 ,False
 ,''
 ,''
 ,'1'
 ,'1'
 ,1|Missing required parametrer.
[System: 192.168.1.54] DEBUG | 07/06/2026 18:02:00.501 | General Service|:: CompanyIndex:1 SpName: spADM_GetDataSet 
 'select * from COM_TokenHistory WITH(NOLOCK) where JwtToken=''eyJhbGciOiJIUzI1NiIsInR5cCI6IkpXVCJ9.eyJ1bmlxdWVfbmFtZSI6ImFkbWluLDEsMSwxIiwibmJmIjoxNzgzMzQxMDk1LCJleHAiOjE3ODMzNjk4OTUsImlhdCI6MTc4MzM0MTA5NX0.rwNKfVX7bznzeAGTphuhnEFpb2Dtvzgyg3vCg5fSBow'''
 ,1
 ,1
[System: 192.168.1.54] DEBUG | 07/06/2026 18:02:00.572 | General Service|:: CompanyIndex:1 SpName: spADM_GetCostCenterListViewData 
 NULL
 ,''
 ,''
 ,''
 ,''
 ,''
 ,8
 ,False
 ,''
 ,''
 ,''
 ,''
 ,''
 ,0
 ,False
 ,''
 ,''
 ,'1'
 ,'1'
 ,1
 message=Missing required parametrer.
[System: 192.168.1.54] INFO | 07/06/2026 18:02:00.572 | OnStartup: Logger Instance Created Successfully
[System: 192.168.1.54] INFO | 07/06/2026 18:02:00.572 | OnStartup: Application Starting...
[System: 192.168.1.54] ERROR | 07/06/2026 18:02:00.572 | General Service|:: CompanyIndex:1 SpName: spADM_GetCostCenterListViewDataParameters :
 NULL
 ,''
 ,''
 ,''
 ,''
 ,''
 ,8
 ,False
 ,''
 ,''
 ,''
 ,''
 ,''
 ,0
 ,False
 ,''
 ,''
 ,'1'
 ,'1'
 ,1|Missing required parametrer.
[System: 192.168.1.54] DEBUG | 07/06/2026 18:02:00.572 | General Service|:: CompanyIndex:1 SpName: spADM_GetDataSet 
 'select * from COM_TokenHistory WITH(NOLOCK) where JwtToken=''eyJhbGciOiJIUzI1NiIsInR5cCI6IkpXVCJ9.eyJ1bmlxdWVfbmFtZSI6ImFkbWluLDEsMSwxIiwibmJmIjoxNzgzMzQxMDk1LCJleHAiOjE3ODMzNjk4OTUsImlhdCI6MTc4MzM0MTA5NX0.rwNKfVX7bznzeAGTphuhnEFpb2Dtvzgyg3vCg5fSBow'''
 ,1
 ,1
[System: 192.168.1.54] DEBUG | 07/06/2026 18:02:00.635 | General Service|:: CompanyIndex:1 SpName: spADM_GetCostCenterListViewData 
 NULL
 ,''
 ,''
 ,''
 ,''
 ,''
 ,8
 ,False
 ,''
 ,''
 ,''
 ,''
 ,''
 ,0
 ,False
 ,''
 ,''
 ,'1'
 ,'1'
 ,1
 message=Missing required parametrer.
[System: 192.168.1.54] INFO | 07/06/2026 18:02:00.635 | OnStartup: Logger Instance Created Successfully
[System: 192.168.1.54] INFO | 07/06/2026 18:02:00.635 | OnStartup: Application Starting...
[System: 192.168.1.54] ERROR | 07/06/2026 18:02:00.635 | General Service|:: CompanyIndex:1 SpName: spADM_GetCostCenterListViewDataParameters :
 NULL
 ,''
 ,''
 ,''
 ,''
 ,''
 ,8
 ,False
 ,''
 ,''
 ,''
 ,''
 ,''
 ,0
 ,False
 ,''
 ,''
 ,'1'
 ,'1'
 ,1|Missing required parametrer.
[System: 192.168.1.54] DEBUG | 07/06/2026 18:02:00.635 | General Service|:: CompanyIndex:1 SpName: spADM_GetDataSet 
 'select * from COM_TokenHistory WITH(NOLOCK) where JwtToken=''eyJhbGciOiJIUzI1NiIsInR5cCI6IkpXVCJ9.eyJ1bmlxdWVfbmFtZSI6ImFkbWluLDEsMSwxIiwibmJmIjoxNzgzMzQxMDk1LCJleHAiOjE3ODMzNjk4OTUsImlhdCI6MTc4MzM0MTA5NX0.rwNKfVX7bznzeAGTphuhnEFpb2Dtvzgyg3vCg5fSBow'''
 ,1
 ,1
[System: 192.168.1.54] DEBUG | 07/06/2026 18:02:00.697 | General Service|:: CompanyIndex:1 SpName: spADM_GetCostCenterListViewData 
 NULL
 ,''
 ,''
 ,''
 ,''
 ,''
 ,8
 ,False
 ,''
 ,''
 ,''
 ,''
 ,''
 ,0
 ,False
 ,''
 ,''
 ,'1'
 ,'1'
 ,1
 message=Missing required parametrer.
[System: 192.168.1.54] INFO | 07/06/2026 18:02:00.697 | OnStartup: Logger Instance Created Successfully
[System: 192.168.1.54] INFO | 07/06/2026 18:02:00.697 | OnStartup: Application Starting...
[System: 192.168.1.54] ERROR | 07/06/2026 18:02:00.697 | General Service|:: CompanyIndex:1 SpName: spADM_GetCostCenterListViewDataParameters :
 NULL
 ,''
 ,''
 ,''
 ,''
 ,''
 ,8
 ,False
 ,''
 ,''
 ,''
 ,''
 ,''
 ,0
 ,False
 ,''
 ,''
 ,'1'
 ,'1'
 ,1|Missing required parametrer.
[System: 192.168.1.54] DEBUG | 07/06/2026 18:02:00.713 | General Service|:: CompanyIndex:1 SpName: spADM_GetDataSet 
 'select * from COM_TokenHistory WITH(NOLOCK) where JwtToken=''eyJhbGciOiJIUzI1NiIsInR5cCI6IkpXVCJ9.eyJ1bmlxdWVfbmFtZSI6ImFkbWluLDEsMSwxIiwibmJmIjoxNzgzMzQxMDk1LCJleHAiOjE3ODMzNjk4OTUsImlhdCI6MTc4MzM0MTA5NX0.rwNKfVX7bznzeAGTphuhnEFpb2Dtvzgyg3vCg5fSBow'''
 ,1
 ,1
[System: 192.168.1.54] DEBUG | 07/06/2026 18:02:00.728 | General Service|:: CompanyIndex:1 SpName: spCOM_GetCostCenterSelectionBoxData 
 40007
 ,'dcAlpha9'
 ,'1'
 ,1
[System: 192.168.1.54] DEBUG | 07/06/2026 18:02:00.728 | General Service|:: CompanyIndex:1 SpName: spADM_GetDataSet 
 'select * from COM_TokenHistory WITH(NOLOCK) where JwtToken=''eyJhbGciOiJIUzI1NiIsInR5cCI6IkpXVCJ9.eyJ1bmlxdWVfbmFtZSI6ImFkbWluLDEsMSwxIiwibmJmIjoxNzgzMzQxMDk1LCJleHAiOjE3ODMzNjk4OTUsImlhdCI6MTc4MzM0MTA5NX0.rwNKfVX7bznzeAGTphuhnEFpb2Dtvzgyg3vCg5fSBow'''
 ,1
 ,1
[System: 192.168.1.54] DEBUG | 07/06/2026 18:02:00.806 | General Service|:: CompanyIndex:1 SpName: spADM_GetCostCenterListViewData 
 NULL
 ,''
 ,''
 ,''
 ,''
 ,''
 ,8
 ,False
 ,''
 ,''
 ,''
 ,''
 ,''
 ,0
 ,False
 ,''
 ,''
 ,'1'
 ,'1'
 ,1
 message=Missing required parametrer.
[System: 192.168.1.54] INFO | 07/06/2026 18:02:00.806 | OnStartup: Logger Instance Created Successfully
[System: 192.168.1.54] INFO | 07/06/2026 18:02:00.806 | OnStartup: Application Starting...
[System: 192.168.1.54] ERROR | 07/06/2026 18:02:00.806 | General Service|:: CompanyIndex:1 SpName: spADM_GetCostCenterListViewDataParameters :
 NULL
 ,''
 ,''
 ,''
 ,''
 ,''
 ,8
 ,False
 ,''
 ,''
 ,''
 ,''
 ,''
 ,0
 ,False
 ,''
 ,''
 ,'1'
 ,'1'
 ,1|Missing required parametrer.
[System: 192.168.1.54] DEBUG | 07/06/2026 18:02:00.806 | General Service|:: CompanyIndex:1 SpName: spADM_GetDataSet 
 'select * from COM_TokenHistory WITH(NOLOCK) where JwtToken=''eyJhbGciOiJIUzI1NiIsInR5cCI6IkpXVCJ9.eyJ1bmlxdWVfbmFtZSI6ImFkbWluLDEsMSwxIiwibmJmIjoxNzgzMzQxMDk1LCJleHAiOjE3ODMzNjk4OTUsImlhdCI6MTc4MzM0MTA5NX0.rwNKfVX7bznzeAGTphuhnEFpb2Dtvzgyg3vCg5fSBow'''
 ,1
 ,1
[System: 192.168.1.54] DEBUG | 07/06/2026 18:02:00.869 | General Service|:: CompanyIndex:1 SpName: spADM_GetCostCenterListViewData 
 NULL
 ,''
 ,''
 ,''
 ,''
 ,''
 ,8
 ,False
 ,''
 ,''
 ,''
 ,''
 ,''
 ,0
 ,False
 ,''
 ,''
 ,'1'
 ,'1'
 ,1
 message=Missing required parametrer.
[System: 192.168.1.54] INFO | 07/06/2026 18:02:00.869 | OnStartup: Logger Instance Created Successfully
[System: 192.168.1.54] INFO | 07/06/2026 18:02:00.869 | OnStartup: Application Starting...
[System: 192.168.1.54] ERROR | 07/06/2026 18:02:00.869 | General Service|:: CompanyIndex:1 SpName: spADM_GetCostCenterListViewDataParameters :
 NULL
 ,''
 ,''
 ,''
 ,''
 ,''
 ,8
 ,False
 ,''
 ,''
 ,''
 ,''
 ,''
 ,0
 ,False
 ,''
 ,''
 ,'1'
 ,'1'
 ,1|Missing required parametrer.
[System: 192.168.1.54] DEBUG | 07/06/2026 18:02:00.884 | General Service|:: CompanyIndex:1 SpName: spADM_GetDataSet 
 'select * from COM_TokenHistory WITH(NOLOCK) where JwtToken=''eyJhbGciOiJIUzI1NiIsInR5cCI6IkpXVCJ9.eyJ1bmlxdWVfbmFtZSI6ImFkbWluLDEsMSwxIiwibmJmIjoxNzgzMzQxMDk1LCJleHAiOjE3ODMzNjk4OTUsImlhdCI6MTc4MzM0MTA5NX0.rwNKfVX7bznzeAGTphuhnEFpb2Dtvzgyg3vCg5fSBow'''
 ,1
 ,1
[System: 192.168.1.54] DEBUG | 07/06/2026 18:02:00.947 | General Service|:: CompanyIndex:1 SpName: spADM_GetCostCenterListViewData 
 NULL
 ,''
 ,''
 ,''
 ,''
 ,''
 ,8
 ,False
 ,''
 ,''
 ,''
 ,''
 ,''
 ,0
 ,False
 ,''
 ,''
 ,'1'
 ,'1'
 ,1
 message=Missing required parametrer.
[System: 192.168.1.54] INFO | 07/06/2026 18:02:00.947 | OnStartup: Logger Instance Created Successfully
[System: 192.168.1.54] INFO | 07/06/2026 18:02:00.947 | OnStartup: Application Starting...
[System: 192.168.1.54] ERROR | 07/06/2026 18:02:00.947 | General Service|:: CompanyIndex:1 SpName: spADM_GetCostCenterListViewDataParameters :
 NULL
 ,''
 ,''
 ,''
 ,''
 ,''
 ,8
 ,False
 ,''
 ,''
 ,''
 ,''
 ,''
 ,0
 ,False
 ,''
 ,''
 ,'1'
 ,'1'
 ,1|Missing required parametrer.
[System: 192.168.1.54] DEBUG | 07/06/2026 18:02:00.947 | General Service|:: CompanyIndex:1 SpName: spADM_GetDataSet 
 'select * from COM_TokenHistory WITH(NOLOCK) where JwtToken=''eyJhbGciOiJIUzI1NiIsInR5cCI6IkpXVCJ9.eyJ1bmlxdWVfbmFtZSI6ImFkbWluLDEsMSwxIiwibmJmIjoxNzgzMzQxMDk1LCJleHAiOjE3ODMzNjk4OTUsImlhdCI6MTc4MzM0MTA5NX0.rwNKfVX7bznzeAGTphuhnEFpb2Dtvzgyg3vCg5fSBow'''
 ,1
 ,1
[System: 192.168.1.54] DEBUG | 07/06/2026 18:02:01.025 | General Service|:: CompanyIndex:1 SpName: spADM_GetCostCenterListViewData 
 NULL
 ,''
 ,''
 ,''
 ,''
 ,''
 ,8
 ,False
 ,''
 ,''
 ,''
 ,''
 ,''
 ,0
 ,False
 ,''
 ,''
 ,'1'
 ,'1'
 ,1
 message=Missing required parametrer.
[System: 192.168.1.54] INFO | 07/06/2026 18:02:01.025 | OnStartup: Logger Instance Created Successfully
[System: 192.168.1.54] INFO | 07/06/2026 18:02:01.025 | OnStartup: Application Starting...
[System: 192.168.1.54] ERROR | 07/06/2026 18:02:01.025 | General Service|:: CompanyIndex:1 SpName: spADM_GetCostCenterListViewDataParameters :
 NULL
 ,''
 ,''
 ,''
 ,''
 ,''
 ,8
 ,False
 ,''
 ,''
 ,''
 ,''
 ,''
 ,0
 ,False
 ,''
 ,''
 ,'1'
 ,'1'
 ,1|Missing required parametrer.
[System: 192.168.1.54] DEBUG | 07/06/2026 18:02:01.025 | General Service|:: CompanyIndex:1 SpName: spADM_GetDataSet 
 'select * from COM_TokenHistory WITH(NOLOCK) where JwtToken=''eyJhbGciOiJIUzI1NiIsInR5cCI6IkpXVCJ9.eyJ1bmlxdWVfbmFtZSI6ImFkbWluLDEsMSwxIiwibmJmIjoxNzgzMzQxMDk1LCJleHAiOjE3ODMzNjk4OTUsImlhdCI6MTc4MzM0MTA5NX0.rwNKfVX7bznzeAGTphuhnEFpb2Dtvzgyg3vCg5fSBow'''
 ,1
 ,1
[System: 192.168.1.54] DEBUG | 07/06/2026 18:02:01.150 | General Service|:: CompanyIndex:1 SpName: spDOC_GetDocumentHistory 
 40007
 ,36807
 ,'1'
 ,'1'
 ,'admin'
 ,1
[System: 192.168.1.54] DEBUG | 07/06/2026 18:02:01.150 | General Service|:: CompanyIndex:1 SpName: spADM_GetDataSet 
 'select * from COM_TokenHistory WITH(NOLOCK) where JwtToken=''eyJhbGciOiJIUzI1NiIsInR5cCI6IkpXVCJ9.eyJ1bmlxdWVfbmFtZSI6ImFkbWluLDEsMSwxIiwibmJmIjoxNzgzMzQxMDk1LCJleHAiOjE3ODMzNjk4OTUsImlhdCI6MTc4MzM0MTA5NX0.rwNKfVX7bznzeAGTphuhnEFpb2Dtvzgyg3vCg5fSBow'''
 ,1
 ,1
[System: 192.168.1.54] DEBUG | 07/06/2026 18:02:06.998 | General Service|:: CompanyIndex:1 SpName: spDOC_SetTempInvDoc 
 40007
 ,36807
 ,''
 ,'1119'
 ,'08/Sep/2025'
 ,'08/Sep/2025'
 ,''
 ,'<Row><AccountsXML></AccountsXML><Transactions DocSeqNo="1"  DocDetailsID="266794" LinkedInvDocDetailsID="0" LinkedFieldName="" IsScheme="" ProductID="7218" Quantity="2" Unit="89" UOMConversion="1" UOMConvertedQty="2" Rate="3" Gross="6" LineNarration="" RefNO=""  IsQtyIgnored="1" AverageRate="0" StockValue="6" Net="18.000" StockValueFC="6" CurrencyID="1" ExchangeRate="1" ActDocDate="21/Mar/2025" CommonNarration="01-101-0002"  DebitAccount="1505"  CreditAccount="1505"  ></Transactions><Numeric Query="dcNum6=0.000, dcCalcNum6=0, dcNum7=0.000, dcCalcNum7=0, dcNum4=0.000, dcCalcNum4=0, dcNum10=0.000, dcCalcNum10=0, dcNum2=6.000, dcCalcNum2=6, dcNum1=2.000, dcCalcNum1=2, dcNum51=8.000, dcCalcNum51=8, dcNum52=0.000, dcCalcNum52=0, dcNum53=0.000, dcCalcNum53=0, dcNum54=0.000, dcCalcNum54=0, dcNum55=0.000, dcCalcNum55=0, dcNum56=0.000, dcCalcNum56=0, dcNum57=0.000, dcCalcNum57=0, dcNum58=0.000, dcCalcNum58=0, dcNum59=0.000, dcCalcNum59=0, dcNum60=0.000, dcCalcNum60=0, dcNum61=0.000, dcCalcNum61=0, dcNum62=0.000, dcCalcNum62=0, dcNum63=8.000, dcCalcNum63=8, dcNum64=0.000, dcCalcNum64=0, dcNum65=0.000, dcCalcNum65=0, dcNum66=0.000, dcCalcNum66=0, dcNum67=0.000, dcCalcNum67=0, dcNum71=0.000, dcCalcNum71=0, dcNum68=0.000, dcCalcNum68=0, dcNum69=0.000, dcCalcNum69=0, dcNum70=0.000, dcCalcNum70=0, dcNum3=0.000, dcCalcNum3=0, dcNum31=0.000, dcCalcNum31=0, dcNum11=6.000, dcCalcNum11=6, dcNum12=0.000, dcCalcNum12=0, dcNum5=0.000, dcCalcNum5=0, " ></Numeric><Alpha Query="dcAlpha1=NULL,dcAlpha139=N''Taxable'', dcAlpha152=N''Goods'', dcAlpha140=N''Inputs'', dcAlpha153=N''Exclusive'', dcAlpha10=N'''', dcAlpha8=N'''', dcAlpha6=N'''', dcAlpha12=N'''', dcAlpha13=N'''', dcAlpha14=N'''', dcAlpha21=NULL,dcAlpha23=N''0'', dcAlpha154=N'''', dcAlpha24=N'''', dcAlpha151=N''230'', dcAlpha9=NULL, dcAlpha16=NULL, dcAlpha18=NULL, dcAlpha20=NULL, dcAlpha78=NULL, dcAlpha4=N''0'', dcAlpha134=NULL, dcAlpha135=N''N'', dcAlpha141=N''EXCLUSIVE'', dcAlpha131=N''Regular'', dcAlpha132=N''OE'', dcAlpha137=NULL, dcAlpha133=NULL, dcAlpha138=N''Deemed Export'', " ></Alpha><CostCenters Query="dcCCNID71=1, dcCCNID67=1, dcCCNID65=1, dcCCNID60=1, dcCCNID14=1, dcCCNID7=1, dcCCNID51=1, dcCCNID58=1, dcCCNID59=1, dcCCNID62=1, dcCCNID61=14, dcCCNID4=1, dcCCNID2=1, dcCCNID9=1, ContactID=1, dcCCNID63=1, dcCCNID64=1, " ></CostCenters><EXTRAXML></EXTRAXML></Row><Row><AccountsXML></AccountsXML><Transactions DocSeqNo="2"  DocDetailsID="266795" LinkedInvDocDetailsID="0" LinkedFieldName="" IsScheme="" ProductID="7219" Quantity="3" Unit="1" UOMConversion="1" UOMConvertedQty="3" Rate="4" Gross="12" LineNarration="" RefNO=""  IsQtyIgnored="1" AverageRate="0" StockValue="12" Net="18.000" StockValueFC="12" CurrencyID="1" ExchangeRate="1" ActDocDate="21/Mar/2025" CommonNarration="01-101-0002"  DebitAccount="1505"  CreditAccount="1505"  ></Transactions><Numeric Query="dcNum6=0.000, dcCalcNum6=0, dcNum7=0.000, dcCalcNum7=0, dcNum4=0.000, dcCalcNum4=0, dcNum10=0.000, dcCalcNum10=0, dcNum2=12.000, dcCalcNum2=12, dcNum1=4.000, dcCalcNum1=4, dcNum51=16.000, dcCalcNum51=16, dcNum52=0.000, dcCalcNum52=0, dcNum53=0.000, dcCalcNum53=0, dcNum54=0.000, dcCalcNum54=0, dcNum55=0.000, dcCalcNum55=0, dcNum56=0.000, dcCalcNum56=0, dcNum57=0.000, dcCalcNum57=0, dcNum58=0.000, dcCalcNum58=0, dcNum59=0.000, dcCalcNum59=0, dcNum60=0.000, dcCalcNum60=0, dcNum61=0.000, dcCalcNum61=0, dcNum62=0.000, dcCalcNum62=0, dcNum63=16.000, dcCalcNum63=16, dcNum64=0.000, dcCalcNum64=0, dcNum65=0.000, dcCalcNum65=0, dcNum66=0.000, dcCalcNum66=0, dcNum67=0.000, dcCalcNum67=0, dcNum71=0.000, dcCalcNum71=0, dcNum68=0.000, dcCalcNum68=0, dcNum69=0.000, dcCalcNum69=0, dcNum70=0.000, dcCalcNum70=0, dcNum3=0.000, dcCalcNum3=0, dcNum31=0.000, dcCalcNum31=0, dcNum11=12.000, dcCalcNum11=12, dcNum12=0.000, dcCalcNum12=0, dcNum5=0.000, dcCalcNum5=0, " ></Numeric><Alpha Query="dcAlpha1=NULL,dcAlpha139=N''Taxable'', dcAlpha152=N''Goods'', dcAlpha140=N''Inputs'', dcAlpha153=N''Exclusive'', dcAlpha10=N'''', dcAlpha8=N'''', dcAlpha6=N'''', dcAlpha12=N'''', dcAlpha13=N'''', dcAlpha14=N'''', dcAlpha21=NULL,dcAlpha23=N''0'', dcAlpha154=N'''', dcAlpha24=N'''', dcAlpha151=N''230'', dcAlpha9=NULL, dcAlpha16=NULL, dcAlpha18=NULL, dcAlpha20=NULL, dcAlpha78=NULL, dcAlpha4=N''0'', dcAlpha134=NULL, dcAlpha135=N''N'', dcAlpha141=N''EXCLUSIVE'', dcAlpha131=N''Regular'', dcAlpha132=N''OE'', dcAlpha137=NULL, dcAlpha133=NULL, dcAlpha138=N''Deemed Export'', " ></Alpha><CostCenters Query="dcCCNID71=1, dcCCNID67=1, dcCCNID65=1026, dcCCNID60=3, dcCCNID14=1, dcCCNID7=1, dcCCNID51=1, dcCCNID58=1, dcCCNID59=1, dcCCNID62=1, dcCCNID61=14, dcCCNID4=1, dcCCNID2=1, dcCCNID9=1, ContactID=1, dcCCNID63=1, dcCCNID64=1, " ></CostCenters><EXTRAXML></EXTRAXML></Row>'
 ,''
 ,''
 ,''
 ,'<XML    LockDims=" and (c.ccnid2 =1 or c.ccnid2=0)"  SysInfo="/Web" AP="/Web"  CheckStock="true"  WorkFlow="NO" Guid="" CCGuid="D20D3B7B-F448-41D5-8286-4B05342B5C93" FinancialSartDate="1/Apr/2025" FinancialEndDate="31/Mar/2026" DetailIds="266794~266795" ><ScheduleActivityXml><Row  rowno="0"  ActivityID="1509" ScheduleID="0" SchID="0" Status="" FreqType="" FreqInterval="" FreqSubdayType="" FreqSubdayInterval="" FreqRelativeInterval="" FreqRecurrenceFactor="" CStartDate="" CEndDate="" StartTime="" isRecu="0" ActivityTypeID="1" CostCenterID="40007" NodeID="36807" StatusID="412" Subject="qwqwq" Priority="2" PctComplete="0" Location="" IsAllDayActivity="0" ActualCloseDate="14/Oct/2025" ActualCloseTime="" CustomerID="01-101-0002" ContactID="0" Remarks="&lt;FlowDocument FontFamily=&quot;Calibri&quot; FontSize=&quot;12.0000003576279&quot; PagePadding=&quot;5,0,5,0&quot; AllowDrop=&quot;False&quot; xmlns=&quot;http://schemas.microsoft.com/winfx/2006/xaml/presentation&quot;>&lt;Paragraph>&lt;Run FontSize=&quot;10&quot; Foreground=&quot;#FFB22222&quot;>[14/Oct/2025 12:39:28 PM] admin:&lt;/Run>&lt;Run FontSize=&quot;12&quot;>asas&lt;/Run>&lt;/Paragraph>&lt;Paragraph>&lt;Run FontSize=&quot;10&quot; Foreground=&quot;#FFB22222&quot;>[14/Oct/2025 12:39:30 PM] admin:&lt;/Run>&lt;Run FontSize=&quot;12&quot;>qwqw&lt;/Run>&lt;/Paragraph>&lt;Paragraph>&lt;Run FontSize=&quot;10&quot; Foreground=&quot;#FFB22222&quot;>[14/Oct/2025 12:39:33 PM] admin:&lt;/Run>&lt;Run FontSize=&quot;12&quot;> xaa &lt;/Run>&lt;/Paragraph>&lt;/FlowDocument>" AssignGroupID="1" AssignRoleID="1" AssignUserID="1" ActStartDate="14/Oct/2025" ActEndDate="14/Oct/2025" ActStartTime="10:00:00 AM" ActEndTime="11:00:00 AM" UsersXML="" RolesXML="" GroupXML="" TeamNodeID="" UserID="" isTeam="" ExtraUserDefinedFields ="Alpha1=''Oct 14 2025 12:09PM'' ,Alpha2=''asfd'' ,Alpha3=''10/14/2025 12:00:00 AM'' ,CCNID2=''1''"  AttachmentXML =""  isEdited="0"/></ScheduleActivityXml>null</XML>'
 ,'false'
 ,0
 ,0
 ,'0'
 ,'1'
 ,''
 ,0
 ,0
 ,'3e1c70e0-7845-4eb0-97fc-5e1c5df7c30e'
 ,'admin'
 ,'1'
 ,1
 ,False
 message=-125
[System: 192.168.1.54] DEBUG | 07/06/2026 18:02:06.998 | General Service|:: CompanyIndex:1 SpName: spDOC_SetTempInvDoc 
 40007
 ,36807
 ,''
 ,'1119'
 ,'08/Sep/2025'
 ,'08/Sep/2025'
 ,''
 ,'<Row><AccountsXML></AccountsXML><Transactions DocSeqNo="1"  DocDetailsID="266794" LinkedInvDocDetailsID="0" LinkedFieldName="" IsScheme="" ProductID="7218" Quantity="2" Unit="89" UOMConversion="1" UOMConvertedQty="2" Rate="3" Gross="6" LineNarration="" RefNO=""  IsQtyIgnored="1" AverageRate="0" StockValue="6" Net="18.000" StockValueFC="6" CurrencyID="1" ExchangeRate="1" ActDocDate="21/Mar/2025" CommonNarration="01-101-0002"  DebitAccount="1505"  CreditAccount="1505"  ></Transactions><Numeric Query="dcNum6=0.000, dcCalcNum6=0, dcNum7=0.000, dcCalcNum7=0, dcNum4=0.000, dcCalcNum4=0, dcNum10=0.000, dcCalcNum10=0, dcNum2=6.000, dcCalcNum2=6, dcNum1=2.000, dcCalcNum1=2, dcNum51=8.000, dcCalcNum51=8, dcNum52=0.000, dcCalcNum52=0, dcNum53=0.000, dcCalcNum53=0, dcNum54=0.000, dcCalcNum54=0, dcNum55=0.000, dcCalcNum55=0, dcNum56=0.000, dcCalcNum56=0, dcNum57=0.000, dcCalcNum57=0, dcNum58=0.000, dcCalcNum58=0, dcNum59=0.000, dcCalcNum59=0, dcNum60=0.000, dcCalcNum60=0, dcNum61=0.000, dcCalcNum61=0, dcNum62=0.000, dcCalcNum62=0, dcNum63=8.000, dcCalcNum63=8, dcNum64=0.000, dcCalcNum64=0, dcNum65=0.000, dcCalcNum65=0, dcNum66=0.000, dcCalcNum66=0, dcNum67=0.000, dcCalcNum67=0, dcNum71=0.000, dcCalcNum71=0, dcNum68=0.000, dcCalcNum68=0, dcNum69=0.000, dcCalcNum69=0, dcNum70=0.000, dcCalcNum70=0, dcNum3=0.000, dcCalcNum3=0, dcNum31=0.000, dcCalcNum31=0, dcNum11=6.000, dcCalcNum11=6, dcNum12=0.000, dcCalcNum12=0, dcNum5=0.000, dcCalcNum5=0, " ></Numeric><Alpha Query="dcAlpha1=NULL,dcAlpha139=N''Taxable'', dcAlpha152=N''Goods'', dcAlpha140=N''Inputs'', dcAlpha153=N''Exclusive'', dcAlpha10=N'''', dcAlpha8=N'''', dcAlpha6=N'''', dcAlpha12=N'''', dcAlpha13=N'''', dcAlpha14=N'''', dcAlpha21=NULL,dcAlpha23=N''0'', dcAlpha154=N'''', dcAlpha24=N'''', dcAlpha151=N''230'', dcAlpha9=NULL, dcAlpha16=NULL, dcAlpha18=NULL, dcAlpha20=NULL, dcAlpha78=NULL, dcAlpha4=N''0'', dcAlpha134=NULL, dcAlpha135=N''N'', dcAlpha141=N''EXCLUSIVE'', dcAlpha131=N''Regular'', dcAlpha132=N''OE'', dcAlpha137=NULL, dcAlpha133=NULL, dcAlpha138=N''Deemed Export'', " ></Alpha><CostCenters Query="dcCCNID71=1, dcCCNID67=1, dcCCNID65=1, dcCCNID60=1, dcCCNID14=1, dcCCNID7=1, dcCCNID51=1, dcCCNID58=1, dcCCNID59=1, dcCCNID62=1, dcCCNID61=14, dcCCNID4=1, dcCCNID2=1, dcCCNID9=1, ContactID=1, dcCCNID63=1, dcCCNID64=1, " ></CostCenters><EXTRAXML></EXTRAXML></Row><Row><AccountsXML></AccountsXML><Transactions DocSeqNo="2"  DocDetailsID="266795" LinkedInvDocDetailsID="0" LinkedFieldName="" IsScheme="" ProductID="7219" Quantity="3" Unit="1" UOMConversion="1" UOMConvertedQty="3" Rate="4" Gross="12" LineNarration="" RefNO=""  IsQtyIgnored="1" AverageRate="0" StockValue="12" Net="18.000" StockValueFC="12" CurrencyID="1" ExchangeRate="1" ActDocDate="21/Mar/2025" CommonNarration="01-101-0002"  DebitAccount="1505"  CreditAccount="1505"  ></Transactions><Numeric Query="dcNum6=0.000, dcCalcNum6=0, dcNum7=0.000, dcCalcNum7=0, dcNum4=0.000, dcCalcNum4=0, dcNum10=0.000, dcCalcNum10=0, dcNum2=12.000, dcCalcNum2=12, dcNum1=4.000, dcCalcNum1=4, dcNum51=16.000, dcCalcNum51=16, dcNum52=0.000, dcCalcNum52=0, dcNum53=0.000, dcCalcNum53=0, dcNum54=0.000, dcCalcNum54=0, dcNum55=0.000, dcCalcNum55=0, dcNum56=0.000, dcCalcNum56=0, dcNum57=0.000, dcCalcNum57=0, dcNum58=0.000, dcCalcNum58=0, dcNum59=0.000, dcCalcNum59=0, dcNum60=0.000, dcCalcNum60=0, dcNum61=0.000, dcCalcNum61=0, dcNum62=0.000, dcCalcNum62=0, dcNum63=16.000, dcCalcNum63=16, dcNum64=0.000, dcCalcNum64=0, dcNum65=0.000, dcCalcNum65=0, dcNum66=0.000, dcCalcNum66=0, dcNum67=0.000, dcCalcNum67=0, dcNum71=0.000, dcCalcNum71=0, dcNum68=0.000, dcCalcNum68=0, dcNum69=0.000, dcCalcNum69=0, dcNum70=0.000, dcCalcNum70=0, dcNum3=0.000, dcCalcNum3=0, dcNum31=0.000, dcCalcNum31=0, dcNum11=12.000, dcCalcNum11=12, dcNum12=0.000, dcCalcNum12=0, dcNum5=0.000, dcCalcNum5=0, " ></Numeric><Alpha Query="dcAlpha1=NULL,dcAlpha139=N''Taxable'', dcAlpha152=N''Goods'', dcAlpha140=N''Inputs'', dcAlpha153=N''Exclusive'', dcAlpha10=N'''', dcAlpha8=N'''', dcAlpha6=N'''', dcAlpha12=N'''', dcAlpha13=N'''', dcAlpha14=N'''', dcAlpha21=NULL,dcAlpha23=N''0'', dcAlpha154=N'''', dcAlpha24=N'''', dcAlpha151=N''230'', dcAlpha9=NULL, dcAlpha16=NULL, dcAlpha18=NULL, dcAlpha20=NULL, dcAlpha78=NULL, dcAlpha4=N''0'', dcAlpha134=NULL, dcAlpha135=N''N'', dcAlpha141=N''EXCLUSIVE'', dcAlpha131=N''Regular'', dcAlpha132=N''OE'', dcAlpha137=NULL, dcAlpha133=NULL, dcAlpha138=N''Deemed Export'', " ></Alpha><CostCenters Query="dcCCNID71=1, dcCCNID67=1, dcCCNID65=1026, dcCCNID60=3, dcCCNID14=1, dcCCNID7=1, dcCCNID51=1, dcCCNID58=1, dcCCNID59=1, dcCCNID62=1, dcCCNID61=14, dcCCNID4=1, dcCCNID2=1, dcCCNID9=1, ContactID=1, dcCCNID63=1, dcCCNID64=1, " ></CostCenters><EXTRAXML></EXTRAXML></Row>'
 ,''
 ,''
 ,''
 ,'<XML    LockDims=" and (c.ccnid2 =1 or c.ccnid2=0)"  SysInfo="/Web" AP="/Web"  CheckStock="true"  WorkFlow="NO" Guid="" CCGuid="D20D3B7B-F448-41D5-8286-4B05342B5C93" FinancialSartDate="1/Apr/2025" FinancialEndDate="31/Mar/2026" DetailIds="266794~266795" ><ScheduleActivityXml><Row  rowno="0"  ActivityID="1509" ScheduleID="0" SchID="0" Status="" FreqType="" FreqInterval="" FreqSubdayType="" FreqSubdayInterval="" FreqRelativeInterval="" FreqRecurrenceFactor="" CStartDate="" CEndDate="" StartTime="" isRecu="0" ActivityTypeID="1" CostCenterID="40007" NodeID="36807" StatusID="412" Subject="qwqwq" Priority="2" PctComplete="0" Location="" IsAllDayActivity="0" ActualCloseDate="14/Oct/2025" ActualCloseTime="" CustomerID="01-101-0002" ContactID="0" Remarks="&lt;FlowDocument FontFamily=&quot;Calibri&quot; FontSize=&quot;12.0000003576279&quot; PagePadding=&quot;5,0,5,0&quot; AllowDrop=&quot;False&quot; xmlns=&quot;http://schemas.microsoft.com/winfx/2006/xaml/presentation&quot;>&lt;Paragraph>&lt;Run FontSize=&quot;10&quot; Foreground=&quot;#FFB22222&quot;>[14/Oct/2025 12:39:28 PM] admin:&lt;/Run>&lt;Run FontSize=&quot;12&quot;>asas&lt;/Run>&lt;/Paragraph>&lt;Paragraph>&lt;Run FontSize=&quot;10&quot; Foreground=&quot;#FFB22222&quot;>[14/Oct/2025 12:39:30 PM] admin:&lt;/Run>&lt;Run FontSize=&quot;12&quot;>qwqw&lt;/Run>&lt;/Paragraph>&lt;Paragraph>&lt;Run FontSize=&quot;10&quot; Foreground=&quot;#FFB22222&quot;>[14/Oct/2025 12:39:33 PM] admin:&lt;/Run>&lt;Run FontSize=&quot;12&quot;> xaa &lt;/Run>&lt;/Paragraph>&lt;/FlowDocument>" AssignGroupID="1" AssignRoleID="1" AssignUserID="1" ActStartDate="14/Oct/2025" ActEndDate="14/Oct/2025" ActStartTime="10:00:00 AM" ActEndTime="11:00:00 AM" UsersXML="" RolesXML="" GroupXML="" TeamNodeID="" UserID="" isTeam="" ExtraUserDefinedFields ="Alpha1=''Oct 14 2025 12:09PM'' ,Alpha2=''asfd'' ,Alpha3=''10/14/2025 12:00:00 AM'' ,CCNID2=''1''"  AttachmentXML =""  isEdited="0"/></ScheduleActivityXml>null</XML>'
 ,'false'
 ,0
 ,0
 ,'0'
 ,'1'
 ,''
 ,0
 ,0
 ,'3e1c70e0-7845-4eb0-97fc-5e1c5df7c30e'
 ,'admin'
 ,'1'
 ,1
 ,False
 message=Document Date Locked
[System: 192.168.1.54] INFO | 07/06/2026 18:02:06.998 | OnStartup: Logger Instance Created Successfully
[System: 192.168.1.54] INFO | 07/06/2026 18:02:06.998 | OnStartup: Application Starting...
[System: 192.168.1.54] ERROR | 07/06/2026 18:02:06.998 | General Service|:: CompanyIndex:1 SpName: spDOC_SetTempInvDocParameters :
 40007
 ,36807
 ,''
 ,'1119'
 ,'08/Sep/2025'
 ,'08/Sep/2025'
 ,''
 ,'<Row><AccountsXML></AccountsXML><Transactions DocSeqNo="1"  DocDetailsID="266794" LinkedInvDocDetailsID="0" LinkedFieldName="" IsScheme="" ProductID="7218" Quantity="2" Unit="89" UOMConversion="1" UOMConvertedQty="2" Rate="3" Gross="6" LineNarration="" RefNO=""  IsQtyIgnored="1" AverageRate="0" StockValue="6" Net="18.000" StockValueFC="6" CurrencyID="1" ExchangeRate="1" ActDocDate="21/Mar/2025" CommonNarration="01-101-0002"  DebitAccount="1505"  CreditAccount="1505"  ></Transactions><Numeric Query="dcNum6=0.000, dcCalcNum6=0, dcNum7=0.000, dcCalcNum7=0, dcNum4=0.000, dcCalcNum4=0, dcNum10=0.000, dcCalcNum10=0, dcNum2=6.000, dcCalcNum2=6, dcNum1=2.000, dcCalcNum1=2, dcNum51=8.000, dcCalcNum51=8, dcNum52=0.000, dcCalcNum52=0, dcNum53=0.000, dcCalcNum53=0, dcNum54=0.000, dcCalcNum54=0, dcNum55=0.000, dcCalcNum55=0, dcNum56=0.000, dcCalcNum56=0, dcNum57=0.000, dcCalcNum57=0, dcNum58=0.000, dcCalcNum58=0, dcNum59=0.000, dcCalcNum59=0, dcNum60=0.000, dcCalcNum60=0, dcNum61=0.000, dcCalcNum61=0, dcNum62=0.000, dcCalcNum62=0, dcNum63=8.000, dcCalcNum63=8, dcNum64=0.000, dcCalcNum64=0, dcNum65=0.000, dcCalcNum65=0, dcNum66=0.000, dcCalcNum66=0, dcNum67=0.000, dcCalcNum67=0, dcNum71=0.000, dcCalcNum71=0, dcNum68=0.000, dcCalcNum68=0, dcNum69=0.000, dcCalcNum69=0, dcNum70=0.000, dcCalcNum70=0, dcNum3=0.000, dcCalcNum3=0, dcNum31=0.000, dcCalcNum31=0, dcNum11=6.000, dcCalcNum11=6, dcNum12=0.000, dcCalcNum12=0, dcNum5=0.000, dcCalcNum5=0, " ></Numeric><Alpha Query="dcAlpha1=NULL,dcAlpha139=N''Taxable'', dcAlpha152=N''Goods'', dcAlpha140=N''Inputs'', dcAlpha153=N''Exclusive'', dcAlpha10=N'''', dcAlpha8=N'''', dcAlpha6=N'''', dcAlpha12=N'''', dcAlpha13=N'''', dcAlpha14=N'''', dcAlpha21=NULL,dcAlpha23=N''0'', dcAlpha154=N'''', dcAlpha24=N'''', dcAlpha151=N''230'', dcAlpha9=NULL, dcAlpha16=NULL, dcAlpha18=NULL, dcAlpha20=NULL, dcAlpha78=NULL, dcAlpha4=N''0'', dcAlpha134=NULL, dcAlpha135=N''N'', dcAlpha141=N''EXCLUSIVE'', dcAlpha131=N''Regular'', dcAlpha132=N''OE'', dcAlpha137=NULL, dcAlpha133=NULL, dcAlpha138=N''Deemed Export'', " ></Alpha><CostCenters Query="dcCCNID71=1, dcCCNID67=1, dcCCNID65=1, dcCCNID60=1, dcCCNID14=1, dcCCNID7=1, dcCCNID51=1, dcCCNID58=1, dcCCNID59=1, dcCCNID62=1, dcCCNID61=14, dcCCNID4=1, dcCCNID2=1, dcCCNID9=1, ContactID=1, dcCCNID63=1, dcCCNID64=1, " ></CostCenters><EXTRAXML></EXTRAXML></Row><Row><AccountsXML></AccountsXML><Transactions DocSeqNo="2"  DocDetailsID="266795" LinkedInvDocDetailsID="0" LinkedFieldName="" IsScheme="" ProductID="7219" Quantity="3" Unit="1" UOMConversion="1" UOMConvertedQty="3" Rate="4" Gross="12" LineNarration="" RefNO=""  IsQtyIgnored="1" AverageRate="0" StockValue="12" Net="18.000" StockValueFC="12" CurrencyID="1" ExchangeRate="1" ActDocDate="21/Mar/2025" CommonNarration="01-101-0002"  DebitAccount="1505"  CreditAccount="1505"  ></Transactions><Numeric Query="dcNum6=0.000, dcCalcNum6=0, dcNum7=0.000, dcCalcNum7=0, dcNum4=0.000, dcCalcNum4=0, dcNum10=0.000, dcCalcNum10=0, dcNum2=12.000, dcCalcNum2=12, dcNum1=4.000, dcCalcNum1=4, dcNum51=16.000, dcCalcNum51=16, dcNum52=0.000, dcCalcNum52=0, dcNum53=0.000, dcCalcNum53=0, dcNum54=0.000, dcCalcNum54=0, dcNum55=0.000, dcCalcNum55=0, dcNum56=0.000, dcCalcNum56=0, dcNum57=0.000, dcCalcNum57=0, dcNum58=0.000, dcCalcNum58=0, dcNum59=0.000, dcCalcNum59=0, dcNum60=0.000, dcCalcNum60=0, dcNum61=0.000, dcCalcNum61=0, dcNum62=0.000, dcCalcNum62=0, dcNum63=16.000, dcCalcNum63=16, dcNum64=0.000, dcCalcNum64=0, dcNum65=0.000, dcCalcNum65=0, dcNum66=0.000, dcCalcNum66=0, dcNum67=0.000, dcCalcNum67=0, dcNum71=0.000, dcCalcNum71=0, dcNum68=0.000, dcCalcNum68=0, dcNum69=0.000, dcCalcNum69=0, dcNum70=0.000, dcCalcNum70=0, dcNum3=0.000, dcCalcNum3=0, dcNum31=0.000, dcCalcNum31=0, dcNum11=12.000, dcCalcNum11=12, dcNum12=0.000, dcCalcNum12=0, dcNum5=0.000, dcCalcNum5=0, " ></Numeric><Alpha Query="dcAlpha1=NULL,dcAlpha139=N''Taxable'', dcAlpha152=N''Goods'', dcAlpha140=N''Inputs'', dcAlpha153=N''Exclusive'', dcAlpha10=N'''', dcAlpha8=N'''', dcAlpha6=N'''', dcAlpha12=N'''', dcAlpha13=N'''', dcAlpha14=N'''', dcAlpha21=NULL,dcAlpha23=N''0'', dcAlpha154=N'''', dcAlpha24=N'''', dcAlpha151=N''230'', dcAlpha9=NULL, dcAlpha16=NULL, dcAlpha18=NULL, dcAlpha20=NULL, dcAlpha78=NULL, dcAlpha4=N''0'', dcAlpha134=NULL, dcAlpha135=N''N'', dcAlpha141=N''EXCLUSIVE'', dcAlpha131=N''Regular'', dcAlpha132=N''OE'', dcAlpha137=NULL, dcAlpha133=NULL, dcAlpha138=N''Deemed Export'', " ></Alpha><CostCenters Query="dcCCNID71=1, dcCCNID67=1, dcCCNID65=1026, dcCCNID60=3, dcCCNID14=1, dcCCNID7=1, dcCCNID51=1, dcCCNID58=1, dcCCNID59=1, dcCCNID62=1, dcCCNID61=14, dcCCNID4=1, dcCCNID2=1, dcCCNID9=1, ContactID=1, dcCCNID63=1, dcCCNID64=1, " ></CostCenters><EXTRAXML></EXTRAXML></Row>'
 ,''
 ,''
 ,''
 ,'<XML    LockDims=" and (c.ccnid2 =1 or c.ccnid2=0)"  SysInfo="/Web" AP="/Web"  CheckStock="true"  WorkFlow="NO" Guid="" CCGuid="D20D3B7B-F448-41D5-8286-4B05342B5C93" FinancialSartDate="1/Apr/2025" FinancialEndDate="31/Mar/2026" DetailIds="266794~266795" ><ScheduleActivityXml><Row  rowno="0"  ActivityID="1509" ScheduleID="0" SchID="0" Status="" FreqType="" FreqInterval="" FreqSubdayType="" FreqSubdayInterval="" FreqRelativeInterval="" FreqRecurrenceFactor="" CStartDate="" CEndDate="" StartTime="" isRecu="0" ActivityTypeID="1" CostCenterID="40007" NodeID="36807" StatusID="412" Subject="qwqwq" Priority="2" PctComplete="0" Location="" IsAllDayActivity="0" ActualCloseDate="14/Oct/2025" ActualCloseTime="" CustomerID="01-101-0002" ContactID="0" Remarks="&lt;FlowDocument FontFamily=&quot;Calibri&quot; FontSize=&quot;12.0000003576279&quot; PagePadding=&quot;5,0,5,0&quot; AllowDrop=&quot;False&quot; xmlns=&quot;http://schemas.microsoft.com/winfx/2006/xaml/presentation&quot;>&lt;Paragraph>&lt;Run FontSize=&quot;10&quot; Foreground=&quot;#FFB22222&quot;>[14/Oct/2025 12:39:28 PM] admin:&lt;/Run>&lt;Run FontSize=&quot;12&quot;>asas&lt;/Run>&lt;/Paragraph>&lt;Paragraph>&lt;Run FontSize=&quot;10&quot; Foreground=&quot;#FFB22222&quot;>[14/Oct/2025 12:39:30 PM] admin:&lt;/Run>&lt;Run FontSize=&quot;12&quot;>qwqw&lt;/Run>&lt;/Paragraph>&lt;Paragraph>&lt;Run FontSize=&quot;10&quot; Foreground=&quot;#FFB22222&quot;>[14/Oct/2025 12:39:33 PM] admin:&lt;/Run>&lt;Run FontSize=&quot;12&quot;> xaa &lt;/Run>&lt;/Paragraph>&lt;/FlowDocument>" AssignGroupID="1" AssignRoleID="1" AssignUserID="1" ActStartDate="14/Oct/2025" ActEndDate="14/Oct/2025" ActStartTime="10:00:00 AM" ActEndTime="11:00:00 AM" UsersXML="" RolesXML="" GroupXML="" TeamNodeID="" UserID="" isTeam="" ExtraUserDefinedFields ="Alpha1=''Oct 14 2025 12:09PM'' ,Alpha2=''asfd'' ,Alpha3=''10/14/2025 12:00:00 AM'' ,CCNID2=''1''"  AttachmentXML =""  isEdited="0"/></ScheduleActivityXml>null</XML>'
 ,'false'
 ,0
 ,0
 ,'0'
 ,'1'
 ,''
 ,0
 ,0
 ,'3e1c70e0-7845-4eb0-97fc-5e1c5df7c30e'
 ,'admin'
 ,'1'
 ,1
 ,False|-125
[System: 192.168.1.54] DEBUG | 07/06/2026 18:02:06.998 | General Service|:: CompanyIndex:1 SpName: spADM_GetDataSet 
 'select * from COM_TokenHistory WITH(NOLOCK) where JwtToken=''eyJhbGciOiJIUzI1NiIsInR5cCI6IkpXVCJ9.eyJ1bmlxdWVfbmFtZSI6ImFkbWluLDEsMSwxIiwibmJmIjoxNzgzMzQxMDk1LCJleHAiOjE3ODMzNjk4OTUsImlhdCI6MTc4MzM0MTA5NX0.rwNKfVX7bznzeAGTphuhnEFpb2Dtvzgyg3vCg5fSBow'''
 ,1
 ,1
[System: 192.168.1.54] DEBUG | 07/06/2026 18:02:10.867 | General Service|:: CompanyIndex:1 SpName: spADM_GetDataSet 
 'select CostCenterID,DocumentName,WebReportID,IsInventory,DocumentType from ADM_DocumentTypes with(nolock) where CostCenterID in (40009) order by DocumentName
declare @Tbl as Table(CostCenterID int,DocumentName nvarchar(100))
--Linked From
insert into @Tbl
select D.CostCenterID,D.DocumentName
from COM_DocumentLinkDef L with(nolock)
JOIN ADM_DocumentTypes D with(nolock) on D.CostCenterID=L.CostCenterIDLinked
where L.CostCenterIDBase in (40009)
order by DocumentName

select * from @Tbl

--Generate
select L.DocumentLinkDefID,L.CostCenterIDLinked CCID,D.CostCenterID,D.DocumentName
from COM_DocumentLinkDef L with(nolock)
JOIN ADM_DocumentTypes D with(nolock) on D.CostCenterID=L.CostCenterIDBase
JOIN @Tbl T on T.CostCenterID=L.CostCenterIDLinked
union
select L.DocumentLinkDefID,L.CostCenterIDLinked CCID,D.CostCenterID,D.DocumentName
from COM_DocumentLinkDef L with(nolock)
JOIN ADM_DocumentTypes D with(nolock) on D.CostCenterID=L.CostCenterIDBase
where L.CostCenterIDLinked in (40009)
order by CCID,DocumentName

select D.CostCenterID,D.PrefName,D.PrefValue from COM_DocumentPreferences D with(nolock)
where D.CostCenterID in (40009) and PrefName in (''DonotupdateAccounts'',''Selective'')
union all
select D.CostCenterID,D.PrefName,D.PrefValue from COM_DocumentPreferences D with(nolock)
JOIN @Tbl T on T.CostCenterID=D.CostCenterID
where PrefName in (''DonotupdateAccounts'',''Selective'')
'
 ,1
 ,1
[System: 192.168.1.54] DEBUG | 07/06/2026 18:02:10.883 | General Service|:: CompanyIndex:1 SpName: spADM_GetDataSet 
 'select * from COM_TokenHistory WITH(NOLOCK) where JwtToken=''eyJhbGciOiJIUzI1NiIsInR5cCI6IkpXVCJ9.eyJ1bmlxdWVfbmFtZSI6ImFkbWluLDEsMSwxIiwibmJmIjoxNzgzMzQxMDk1LCJleHAiOjE3ODMzNjk4OTUsImlhdCI6MTc4MzM0MTA5NX0.rwNKfVX7bznzeAGTphuhnEFpb2Dtvzgyg3vCg5fSBow'''
 ,1
 ,1
[System: 192.168.1.54] DEBUG | 07/06/2026 18:02:10.961 | General Service|:: CompanyIndex:1 SpName: spRPT_GetExecutedQtyQueryNew 
 0
 ,'40009'
 ,NULL
 ,NULL
 ,False
 ,False
 ,'1'
 ,1
[System: 192.168.1.54] DEBUG | 07/06/2026 18:02:10.976 | General Service|:: CompanyIndex:1 SpName: spADM_GetDataSet 
 'select * from COM_TokenHistory WITH(NOLOCK) where JwtToken=''eyJhbGciOiJIUzI1NiIsInR5cCI6IkpXVCJ9.eyJ1bmlxdWVfbmFtZSI6ImFkbWluLDEsMSwxIiwibmJmIjoxNzgzMzQxMDk1LCJleHAiOjE3ODMzNjk4OTUsImlhdCI6MTc4MzM0MTA5NX0.rwNKfVX7bznzeAGTphuhnEFpb2Dtvzgyg3vCg5fSBow'''
 ,1
 ,1
[System: 192.168.1.54] DEBUG | 07/06/2026 18:02:11.008 | General Service|:: CompanyIndex:1 SpName: spADM_GetDataSet 
 'SELECT StaticReportType FROM ADM_RevenUReports WITH(NOLOCK) WHERE ReportID=217'
 ,1
 ,1
[System: 192.168.1.54] DEBUG | 07/06/2026 18:02:11.008 | General Service|:: CompanyIndex:1 SpName: spADM_GetDataSet 
 'select * from COM_TokenHistory WITH(NOLOCK) where JwtToken=''eyJhbGciOiJIUzI1NiIsInR5cCI6IkpXVCJ9.eyJ1bmlxdWVfbmFtZSI6ImFkbWluLDEsMSwxIiwibmJmIjoxNzgzMzQxMDk1LCJleHAiOjE3ODMzNjk4OTUsImlhdCI6MTc4MzM0MTA5NX0.rwNKfVX7bznzeAGTphuhnEFpb2Dtvzgyg3vCg5fSBow'''
 ,1
 ,1
[System: 192.168.1.54] DEBUG | 07/06/2026 18:02:11.054 | General Service|:: CompanyIndex:1 SpName: spRPT_GetReport 
 0
 ,217
 ,'1'
 ,'1'
 ,1
[System: 192.168.1.54] DEBUG | 07/06/2026 18:02:11.054 | General Service|:: CompanyIndex:1 SpName: spADM_GetDataSet 
 'select * from COM_TokenHistory WITH(NOLOCK) where JwtToken=''eyJhbGciOiJIUzI1NiIsInR5cCI6IkpXVCJ9.eyJ1bmlxdWVfbmFtZSI6ImFkbWluLDEsMSwxIiwibmJmIjoxNzgzMzQxMDk1LCJleHAiOjE3ODMzNjk4OTUsImlhdCI6MTc4MzM0MTA5NX0.rwNKfVX7bznzeAGTphuhnEFpb2Dtvzgyg3vCg5fSBow'''
 ,1
 ,1
[System: 192.168.1.54] DEBUG | 07/06/2026 18:02:11.164 | General Service|:: CompanyIndex:1 SpName: spDOC_GetVPTPrintCopies 
 4
 ,50
 ,217
 ,2
 ,4
 ,'View~3e1c70e0-7845-4eb0-97fc-5e1c5df7c30e'
 ,'admin'
 ,1
[System: 192.168.1.54] DEBUG | 07/06/2026 18:02:11.164 | General Service|:: CompanyIndex:1 SpName: spADM_GetDataSet 
 'select * from COM_TokenHistory WITH(NOLOCK) where JwtToken=''eyJhbGciOiJIUzI1NiIsInR5cCI6IkpXVCJ9.eyJ1bmlxdWVfbmFtZSI6ImFkbWluLDEsMSwxIiwibmJmIjoxNzgzMzQxMDk1LCJleHAiOjE3ODMzNjk4OTUsImlhdCI6MTc4MzM0MTA5NX0.rwNKfVX7bznzeAGTphuhnEFpb2Dtvzgyg3vCg5fSBow'''
 ,1
 ,1
[System: 192.168.1.54] DEBUG | 07/06/2026 18:02:11.258 | General Service|:: CompanyIndex:1 SpName: spRPT_GetReportFields 
 400
 ,0
 ,'1'
 ,1
[System: 192.168.1.54] DEBUG | 07/06/2026 18:02:11.258 | General Service|:: CompanyIndex:1 SpName: spADM_GetDataSet 
 'select * from COM_TokenHistory WITH(NOLOCK) where JwtToken=''eyJhbGciOiJIUzI1NiIsInR5cCI6IkpXVCJ9.eyJ1bmlxdWVfbmFtZSI6ImFkbWluLDEsMSwxIiwibmJmIjoxNzgzMzQxMDk1LCJleHAiOjE3ODMzNjk4OTUsImlhdCI6MTc4MzM0MTA5NX0.rwNKfVX7bznzeAGTphuhnEFpb2Dtvzgyg3vCg5fSBow'''
 ,1
 ,1
[System: 192.168.1.54] DEBUG | 07/06/2026 18:02:11.336 | General Service|:: CompanyIndex:1 SpName: spADM_GetDataSet 
 'with rows as ( SELECT row_number() over (order by INV.DocID desc) rowno,max(CONVERT(DATETIME,INV.DocDate)) DocDate,max(INV.VoucherNo) DocNo,max(T1.Status) Status,max(T1.StatusID) _StatusID,max(INV.CommonNarration) Narration,max(T2.AccountName) DrAccount,max(T3.AccountName) CrAccount
FROM INV_DocDetails INV with(nolock) left join COM_Status T1 with(nolock) on INV.StatusID=T1.StatusID left join ACC_Accounts T2 with(nolock) on INV.DebitAccount=T2.AccountID left join ACC_Accounts T3 with(nolock) on INV.CreditAccount=T3.AccountID
WHERE CONVERT(DATETIME,INV.DocDate) BETWEEN ''06 Jul 2025'' AND ''06 Jul 2026'' and INV.CostCenterID=40009
GROUP BY INV.DocID,INV.VoucherNo) select * from rows WHERE rowno>0 and rowno<=20 order by rowno
select S.StatusID,S.Status,count(*) CNT from (
SELECT INV.StatusID,INV.DocID
FROM INV_DocDetails INV with(nolock) left join COM_Status T1 with(nolock) on INV.StatusID=T1.StatusID left join ACC_Accounts T2 with(nolock) on INV.DebitAccount=T2.AccountID left join ACC_Accounts T3 with(nolock) on INV.CreditAccount=T3.AccountID
WHERE CONVERT(DATETIME,INV.DocDate) BETWEEN ''06 Jul 2025'' AND ''06 Jul 2026'' and INV.CostCenterID=40009
GROUP BY INV.StatusID,INV.DocID,INV.VoucherNo) AS T
join COM_Status S with(nolock) on S.StatusID=T.StatusID
group by S.StatusID,S.Status'
 ,1
 ,1
[System: 192.168.1.54] DEBUG | 07/06/2026 18:02:11.336 | General Service|:: CompanyIndex:1 SpName: spADM_GetDataSet 
 'select * from COM_TokenHistory WITH(NOLOCK) where JwtToken=''eyJhbGciOiJIUzI1NiIsInR5cCI6IkpXVCJ9.eyJ1bmlxdWVfbmFtZSI6ImFkbWluLDEsMSwxIiwibmJmIjoxNzgzMzQxMDk1LCJleHAiOjE3ODMzNjk4OTUsImlhdCI6MTc4MzM0MTA5NX0.rwNKfVX7bznzeAGTphuhnEFpb2Dtvzgyg3vCg5fSBow'''
 ,1
 ,1
[System: 192.168.1.54] DEBUG | 07/06/2026 18:02:12.562 | General Service|:: CompanyIndex:1 SpName: spADM_GetDataSet 
 'declare @DocNo nvarchar(100),@DetailsID bigint
set @DocNo=''QTN-1005''
select @DetailsID=min(InvDocDetailsID) from INV_DocDetails with(nolock) where VoucherNo=@DocNo
select CreatedBy,CONVERT(Datetime,CreatedDate) CreateDate from INV_DocDetails with(nolock)
where InvDocDetailsID=@DetailsID

select @DetailsID=max(InvDocDetailsID) from INV_DocDetails with(nolock) where VoucherNo=@DocNo
select ModifiedBy,CONVERT(Datetime,ModifiedDate) ModifiedDate from INV_DocDetails with(nolock)
where InvDocDetailsID=@DetailsID

select A.AccountName,sum(Dr) Dr,sum(Cr) Cr
from(
select DebitAccount Account,Amount Dr, 0 Cr
from ACC_DocDetails with(nolock)
where VoucherNo=@DocNo
union all
select CreditAccount,0,Amount
from ACC_DocDetails with(nolock)
where VoucherNo=@DocNo
) AS T
join ACC_Accounts A with(nolock) on A.AccountID=T.Account
Group By A.AccountName
order by Dr desc,Cr desc'
 ,1
 ,1
[System: 192.168.1.54] DEBUG | 07/06/2026 18:02:12.562 | General Service|:: CompanyIndex:1 SpName: spDOC_GetDocumentDetailsByVoucherNo 
 'QTN-1005'
 ,'1'
 ,1
[System: 192.168.1.54] DEBUG | 07/06/2026 18:02:12.562 | General Service|:: CompanyIndex:1 SpName: spADM_GetDataSet 
 'select * from COM_TokenHistory WITH(NOLOCK) where JwtToken=''eyJhbGciOiJIUzI1NiIsInR5cCI6IkpXVCJ9.eyJ1bmlxdWVfbmFtZSI6ImFkbWluLDEsMSwxIiwibmJmIjoxNzgzMzQxMDk1LCJleHAiOjE3ODMzNjk4OTUsImlhdCI6MTc4MzM0MTA5NX0.rwNKfVX7bznzeAGTphuhnEFpb2Dtvzgyg3vCg5fSBow'''
 ,1
 ,1
[System: 192.168.1.54] DEBUG | 07/06/2026 18:02:12.562 | General Service|:: CompanyIndex:1 SpName: spADM_GetDataSet 
 'select * from COM_TokenHistory WITH(NOLOCK) where JwtToken=''eyJhbGciOiJIUzI1NiIsInR5cCI6IkpXVCJ9.eyJ1bmlxdWVfbmFtZSI6ImFkbWluLDEsMSwxIiwibmJmIjoxNzgzMzQxMDk1LCJleHAiOjE3ODMzNjk4OTUsImlhdCI6MTc4MzM0MTA5NX0.rwNKfVX7bznzeAGTphuhnEFpb2Dtvzgyg3vCg5fSBow'''
 ,1
 ,1
[System: 192.168.1.54] DEBUG | 07/06/2026 18:02:12.897 | General Service|:: CompanyIndex:1 SpName: spDOC_GetDocumentDefinition 
 40009
 ,NULL
 ,NULL
 ,''
 ,1
 ,'admin'
 ,1
 ,1
 ,1
[System: 192.168.1.54] DEBUG | 07/06/2026 18:02:12.897 | General Service|:: CompanyIndex:1 SpName: spADM_GetDataSet 
 'select * from COM_TokenHistory WITH(NOLOCK) where JwtToken=''eyJhbGciOiJIUzI1NiIsInR5cCI6IkpXVCJ9.eyJ1bmlxdWVfbmFtZSI6ImFkbWluLDEsMSwxIiwibmJmIjoxNzgzMzQxMDk1LCJleHAiOjE3ODMzNjk4OTUsImlhdCI6MTc4MzM0MTA5NX0.rwNKfVX7bznzeAGTphuhnEFpb2Dtvzgyg3vCg5fSBow'''
 ,1
 ,1
[System: 192.168.1.54] DEBUG | 07/06/2026 18:02:12.928 | General Service|:: CompanyIndex:1 SpName: spDoc_GetCurrencyExchangeRate 
 1
 ,'06-Jul-2026'
 ,1
 ,0
 ,1
[System: 192.168.1.54] DEBUG | 07/06/2026 18:02:12.928 | General Service|:: CompanyIndex:1 SpName: spADM_GetDataSet 
 'select * from COM_TokenHistory WITH(NOLOCK) where JwtToken=''eyJhbGciOiJIUzI1NiIsInR5cCI6IkpXVCJ9.eyJ1bmlxdWVfbmFtZSI6ImFkbWluLDEsMSwxIiwibmJmIjoxNzgzMzQxMDk1LCJleHAiOjE3ODMzNjk4OTUsImlhdCI6MTc4MzM0MTA5NX0.rwNKfVX7bznzeAGTphuhnEFpb2Dtvzgyg3vCg5fSBow'''
 ,1
 ,1
[System: 192.168.1.54] DEBUG | 07/06/2026 18:02:12.944 | General Service|:: CompanyIndex:1 SpName: spDOC_GetCurrentCodeNumber 
 40009
 ,''
 ,1
 ,1
[System: 192.168.1.54] DEBUG | 07/06/2026 18:02:12.944 | General Service|:: CompanyIndex:1 SpName: spADM_GetDataSet 
 'select * from COM_TokenHistory WITH(NOLOCK) where JwtToken=''eyJhbGciOiJIUzI1NiIsInR5cCI6IkpXVCJ9.eyJ1bmlxdWVfbmFtZSI6ImFkbWluLDEsMSwxIiwibmJmIjoxNzgzMzQxMDk1LCJleHAiOjE3ODMzNjk4OTUsImlhdCI6MTc4MzM0MTA5NX0.rwNKfVX7bznzeAGTphuhnEFpb2Dtvzgyg3vCg5fSBow'''
 ,1
 ,1
[System: 192.168.1.54] DEBUG | 07/06/2026 18:02:13.022 | General Service|:: CompanyIndex:1 SpName: spDOC_GetInvDocument 
 40009
 ,''
 ,'1005'
 ,'0'
 ,0
 ,' and (b.dcCCNID2=c.CCNID2 or c.CCNID2=0)'
 ,1
 ,1
 ,'admin'
 ,1
[System: 192.168.1.54] DEBUG | 07/06/2026 18:02:13.022 | General Service|:: CompanyIndex:1 SpName: spADM_GetDataSet 
 'select * from COM_TokenHistory WITH(NOLOCK) where JwtToken=''eyJhbGciOiJIUzI1NiIsInR5cCI6IkpXVCJ9.eyJ1bmlxdWVfbmFtZSI6ImFkbWluLDEsMSwxIiwibmJmIjoxNzgzMzQxMDk1LCJleHAiOjE3ODMzNjk4OTUsImlhdCI6MTc4MzM0MTA5NX0.rwNKfVX7bznzeAGTphuhnEFpb2Dtvzgyg3vCg5fSBow'''
 ,1
 ,1
[System: 192.168.1.54] DEBUG | 07/06/2026 18:02:13.037 | General Service|:: CompanyIndex:1 SpName: spADM_GetDataSet 
 ' select BODocID,MRDocID, VendorID from Com_BiddingDocs with (nolock) where QTDocID =36893 and Status = 1
                    and CONVERT(float, Convert(datetime, ''06/Jul/2026 06:02:13 PM'')) between CONVERT(float,BidStartTime) and CONVERT(float,BidEndTime)'
 ,1
 ,1
[System: 192.168.1.54] DEBUG | 07/06/2026 18:02:13.037 | General Service|:: CompanyIndex:1 SpName: spADM_GetDataSet 
 'select * from COM_TokenHistory WITH(NOLOCK) where JwtToken=''eyJhbGciOiJIUzI1NiIsInR5cCI6IkpXVCJ9.eyJ1bmlxdWVfbmFtZSI6ImFkbWluLDEsMSwxIiwibmJmIjoxNzgzMzQxMDk1LCJleHAiOjE3ODMzNjk4OTUsImlhdCI6MTc4MzM0MTA5NX0.rwNKfVX7bznzeAGTphuhnEFpb2Dtvzgyg3vCg5fSBow'''
 ,1
 ,1
[System: 192.168.1.54] DEBUG | 07/06/2026 18:02:13.053 | General Service|:: CompanyIndex:1 SpName: spADM_GetDataSet 
 '
select NodeID PK,Code Code,Name Name from COM_Salesman WITH(NOLOCK) where NodeID=157'
 ,1
 ,1
[System: 192.168.1.54] DEBUG | 07/06/2026 18:02:13.053 | General Service|:: CompanyIndex:1 SpName: spADM_GetDataSet 
 'select * from COM_TokenHistory WITH(NOLOCK) where JwtToken=''eyJhbGciOiJIUzI1NiIsInR5cCI6IkpXVCJ9.eyJ1bmlxdWVfbmFtZSI6ImFkbWluLDEsMSwxIiwibmJmIjoxNzgzMzQxMDk1LCJleHAiOjE3ODMzNjk4OTUsImlhdCI6MTc4MzM0MTA5NX0.rwNKfVX7bznzeAGTphuhnEFpb2Dtvzgyg3vCg5fSBow'''
 ,1
 ,1
[System: 192.168.1.54] DEBUG | 07/06/2026 18:02:13.069 | General Service|:: CompanyIndex:1 SpName: spADM_GetDataSet 
 ' SELECT H.HistoryID,H.HistoryCCID CCID,H.HistoryNodeID,convert(datetime,FromDate) FromDate,convert(datetime,ToDate) ToDate,H.Remarks
                                    from COM_HistoryDetails H with(nolock) 
                                    where H.CostCenterID=40009 and H.NodeID=36893 and H.HistoryCCID>50000
                                    order by FromDate,H.HistoryID'
 ,1
 ,1
[System: 192.168.1.54] DEBUG | 07/06/2026 18:02:13.069 | General Service|:: CompanyIndex:1 SpName: spADM_GetDataSet 
 'select * from COM_TokenHistory WITH(NOLOCK) where JwtToken=''eyJhbGciOiJIUzI1NiIsInR5cCI6IkpXVCJ9.eyJ1bmlxdWVfbmFtZSI6ImFkbWluLDEsMSwxIiwibmJmIjoxNzgzMzQxMDk1LCJleHAiOjE3ODMzNjk4OTUsImlhdCI6MTc4MzM0MTA5NX0.rwNKfVX7bznzeAGTphuhnEFpb2Dtvzgyg3vCg5fSBow'''
 ,1
 ,1
[System: 192.168.1.54] DEBUG | 07/06/2026 18:02:13.100 | General Service|:: CompanyIndex:1 SpName: spADM_GetListViewDataByIDs 
 '<XML><Row CCID="2"  TypeID="10"  DBColumnID="4233"  NodeID="5038" /><Row CCID="2"  TypeID="100"  DBColumnID="4233"  NodeID="5038" /><Row CCID="2"  TypeID="10"  DBColumnID="7073"  NodeID="3460" /><Row CCID="2"  TypeID="100"  DBColumnID="7073"  NodeID="3460" /><Row CCID="50063"  TypeID="1"  DBColumnID="7709"  NodeID="1" /><Row CCID="50064"  TypeID="1"  DBColumnID="7783"  NodeID="1" /><Row CCID="50058"  TypeID="1"  DBColumnID="7125"  NodeID="1" /><Row CCID="50059"  TypeID="1"  DBColumnID="7194"  NodeID="1" /><Row CCID="50062"  TypeID="1"  DBColumnID="7401"  NodeID="1" /><Row CCID="50061"  TypeID="11"  DBColumnID="7332"  NodeID="14" /><Row CCID="50003"  TypeID="1"  DBColumnID="5305"  NodeID="162" /><Row CCID="50007"  TypeID="1"  DBColumnID="5309"  NodeID="1" /><Row CCID="50058"  TypeID="1"  DBColumnID="640225"  NodeID="230" /><Row CCID="50067"  TypeID="1"  DBColumnID="8005"  NodeID="1" /><Row CCID="50065"  TypeID="1"  DBColumnID="7857"  NodeID="1026" /><Row CCID="50071"  TypeID="1"  DBColumnID="721137"  NodeID="1" /><Row CCID="50060"  TypeID="1"  DBColumnID="7263"  NodeID="3" /><Row CCID="50002"  TypeID="1"  DBColumnID="5304"  NodeID="1" /><Row CCID="50001"  TypeID="4"  DBColumnID="5303"  NodeID="1" /></XML>'
 ,1
 ,1
[System: 192.168.1.54] DEBUG | 07/06/2026 18:02:13.100 | General Service|:: CompanyIndex:1 SpName: spADM_GetDataSet 
 'select * from COM_TokenHistory WITH(NOLOCK) where JwtToken=''eyJhbGciOiJIUzI1NiIsInR5cCI6IkpXVCJ9.eyJ1bmlxdWVfbmFtZSI6ImFkbWluLDEsMSwxIiwibmJmIjoxNzgzMzQxMDk1LCJleHAiOjE3ODMzNjk4OTUsImlhdCI6MTc4MzM0MTA5NX0.rwNKfVX7bznzeAGTphuhnEFpb2Dtvzgyg3vCg5fSBow'''
 ,1
 ,1
[System: 192.168.1.54] DEBUG | 07/06/2026 18:02:13.194 | General Service|:: CompanyIndex:1 SpName: spADM_GetCostCenterListViewData 
 NULL
 ,''
 ,''
 ,''
 ,''
 ,''
 ,8
 ,False
 ,''
 ,''
 ,''
 ,''
 ,''
 ,0
 ,False
 ,''
 ,''
 ,'1'
 ,'1'
 ,1
 message=Missing required parametrer.
[System: 192.168.1.54] INFO | 07/06/2026 18:02:13.194 | OnStartup: Logger Instance Created Successfully
[System: 192.168.1.54] INFO | 07/06/2026 18:02:13.194 | OnStartup: Application Starting...
[System: 192.168.1.54] ERROR | 07/06/2026 18:02:13.194 | General Service|:: CompanyIndex:1 SpName: spADM_GetCostCenterListViewDataParameters :
 NULL
 ,''
 ,''
 ,''
 ,''
 ,''
 ,8
 ,False
 ,''
 ,''
 ,''
 ,''
 ,''
 ,0
 ,False
 ,''
 ,''
 ,'1'
 ,'1'
 ,1|Missing required parametrer.
[System: 192.168.1.54] DEBUG | 07/06/2026 18:02:13.194 | General Service|:: CompanyIndex:1 SpName: spADM_GetDataSet 
 'select * from COM_TokenHistory WITH(NOLOCK) where JwtToken=''eyJhbGciOiJIUzI1NiIsInR5cCI6IkpXVCJ9.eyJ1bmlxdWVfbmFtZSI6ImFkbWluLDEsMSwxIiwibmJmIjoxNzgzMzQxMDk1LCJleHAiOjE3ODMzNjk4OTUsImlhdCI6MTc4MzM0MTA5NX0.rwNKfVX7bznzeAGTphuhnEFpb2Dtvzgyg3vCg5fSBow'''
 ,1
 ,1
[System: 192.168.1.54] DEBUG | 07/06/2026 18:02:13.272 | General Service|:: CompanyIndex:1 SpName: spADM_GetCostCenterListViewData 
 NULL
 ,''
 ,''
 ,''
 ,''
 ,''
 ,8
 ,False
 ,''
 ,''
 ,''
 ,''
 ,''
 ,0
 ,False
 ,''
 ,''
 ,'1'
 ,'1'
 ,1
 message=Missing required parametrer.
[System: 192.168.1.54] INFO | 07/06/2026 18:02:13.272 | OnStartup: Logger Instance Created Successfully
[System: 192.168.1.54] INFO | 07/06/2026 18:02:13.272 | OnStartup: Application Starting...
[System: 192.168.1.54] ERROR | 07/06/2026 18:02:13.272 | General Service|:: CompanyIndex:1 SpName: spADM_GetCostCenterListViewDataParameters :
 NULL
 ,''
 ,''
 ,''
 ,''
 ,''
 ,8
 ,False
 ,''
 ,''
 ,''
 ,''
 ,''
 ,0
 ,False
 ,''
 ,''
 ,'1'
 ,'1'
 ,1|Missing required parametrer.
[System: 192.168.1.54] DEBUG | 07/06/2026 18:02:13.272 | General Service|:: CompanyIndex:1 SpName: spADM_GetDataSet 
 'select * from COM_TokenHistory WITH(NOLOCK) where JwtToken=''eyJhbGciOiJIUzI1NiIsInR5cCI6IkpXVCJ9.eyJ1bmlxdWVfbmFtZSI6ImFkbWluLDEsMSwxIiwibmJmIjoxNzgzMzQxMDk1LCJleHAiOjE3ODMzNjk4OTUsImlhdCI6MTc4MzM0MTA5NX0.rwNKfVX7bznzeAGTphuhnEFpb2Dtvzgyg3vCg5fSBow'''
 ,1
 ,1
[System: 192.168.1.54] DEBUG | 07/06/2026 18:02:13.334 | General Service|:: CompanyIndex:1 SpName: spADM_GetCostCenterListViewData 
 NULL
 ,''
 ,''
 ,''
 ,''
 ,''
 ,8
 ,False
 ,''
 ,''
 ,''
 ,''
 ,''
 ,0
 ,False
 ,''
 ,''
 ,'1'
 ,'1'
 ,1
 message=Missing required parametrer.
[System: 192.168.1.54] INFO | 07/06/2026 18:02:13.334 | OnStartup: Logger Instance Created Successfully
[System: 192.168.1.54] INFO | 07/06/2026 18:02:13.334 | OnStartup: Application Starting...
[System: 192.168.1.54] ERROR | 07/06/2026 18:02:13.334 | General Service|:: CompanyIndex:1 SpName: spADM_GetCostCenterListViewDataParameters :
 NULL
 ,''
 ,''
 ,''
 ,''
 ,''
 ,8
 ,False
 ,''
 ,''
 ,''
 ,''
 ,''
 ,0
 ,False
 ,''
 ,''
 ,'1'
 ,'1'
 ,1|Missing required parametrer.
[System: 192.168.1.54] DEBUG | 07/06/2026 18:02:13.334 | General Service|:: CompanyIndex:1 SpName: spADM_GetDataSet 
 'select * from COM_TokenHistory WITH(NOLOCK) where JwtToken=''eyJhbGciOiJIUzI1NiIsInR5cCI6IkpXVCJ9.eyJ1bmlxdWVfbmFtZSI6ImFkbWluLDEsMSwxIiwibmJmIjoxNzgzMzQxMDk1LCJleHAiOjE3ODMzNjk4OTUsImlhdCI6MTc4MzM0MTA5NX0.rwNKfVX7bznzeAGTphuhnEFpb2Dtvzgyg3vCg5fSBow'''
 ,1
 ,1
[System: 192.168.1.54] DEBUG | 07/06/2026 18:02:13.397 | General Service|:: CompanyIndex:1 SpName: spADM_GetCostCenterListViewData 
 NULL
 ,''
 ,''
 ,''
 ,''
 ,''
 ,8
 ,False
 ,''
 ,''
 ,''
 ,''
 ,''
 ,0
 ,False
 ,''
 ,''
 ,'1'
 ,'1'
 ,1
 message=Missing required parametrer.
[System: 192.168.1.54] INFO | 07/06/2026 18:02:13.397 | OnStartup: Logger Instance Created Successfully
[System: 192.168.1.54] INFO | 07/06/2026 18:02:13.397 | OnStartup: Application Starting...
[System: 192.168.1.54] ERROR | 07/06/2026 18:02:13.397 | General Service|:: CompanyIndex:1 SpName: spADM_GetCostCenterListViewDataParameters :
 NULL
 ,''
 ,''
 ,''
 ,''
 ,''
 ,8
 ,False
 ,''
 ,''
 ,''
 ,''
 ,''
 ,0
 ,False
 ,''
 ,''
 ,'1'
 ,'1'
 ,1|Missing required parametrer.
[System: 192.168.1.54] DEBUG | 07/06/2026 18:02:13.412 | General Service|:: CompanyIndex:1 SpName: spADM_GetDataSet 
 'select * from COM_TokenHistory WITH(NOLOCK) where JwtToken=''eyJhbGciOiJIUzI1NiIsInR5cCI6IkpXVCJ9.eyJ1bmlxdWVfbmFtZSI6ImFkbWluLDEsMSwxIiwibmJmIjoxNzgzMzQxMDk1LCJleHAiOjE3ODMzNjk4OTUsImlhdCI6MTc4MzM0MTA5NX0.rwNKfVX7bznzeAGTphuhnEFpb2Dtvzgyg3vCg5fSBow'''
 ,1
 ,1
[System: 192.168.1.54] DEBUG | 07/06/2026 18:02:13.475 | General Service|:: CompanyIndex:1 SpName: spADM_GetCostCenterListViewData 
 NULL
 ,''
 ,''
 ,''
 ,''
 ,''
 ,8
 ,False
 ,''
 ,''
 ,''
 ,''
 ,''
 ,0
 ,False
 ,''
 ,''
 ,'1'
 ,'1'
 ,1
 message=Missing required parametrer.
[System: 192.168.1.54] INFO | 07/06/2026 18:02:14.196 | OnStartup: Logger Instance Created Successfully
[System: 192.168.1.54] INFO | 07/06/2026 18:02:14.196 | OnStartup: Application Starting...
[System: 192.168.1.54] ERROR | 07/06/2026 18:02:14.196 | General Service|:: CompanyIndex:1 SpName: spADM_GetCostCenterListViewDataParameters :
 NULL
 ,''
 ,''
 ,''
 ,''
 ,''
 ,8
 ,False
 ,''
 ,''
 ,''
 ,''
 ,''
 ,0
 ,False
 ,''
 ,''
 ,'1'
 ,'1'
 ,1|Missing required parametrer.
[System: 192.168.1.54] DEBUG | 07/06/2026 18:02:14.196 | General Service|:: CompanyIndex:1 SpName: spADM_GetDataSet 
 'select * from COM_TokenHistory WITH(NOLOCK) where JwtToken=''eyJhbGciOiJIUzI1NiIsInR5cCI6IkpXVCJ9.eyJ1bmlxdWVfbmFtZSI6ImFkbWluLDEsMSwxIiwibmJmIjoxNzgzMzQxMDk1LCJleHAiOjE3ODMzNjk4OTUsImlhdCI6MTc4MzM0MTA5NX0.rwNKfVX7bznzeAGTphuhnEFpb2Dtvzgyg3vCg5fSBow'''
 ,1
 ,1
[System: 192.168.1.54] DEBUG | 07/06/2026 18:02:14.274 | General Service|:: CompanyIndex:1 SpName: spADM_GetCostCenterListViewData 
 NULL
 ,''
 ,''
 ,''
 ,''
 ,''
 ,8
 ,False
 ,''
 ,''
 ,''
 ,''
 ,''
 ,0
 ,False
 ,''
 ,''
 ,'1'
 ,'1'
 ,1
 message=Missing required parametrer.
[System: 192.168.1.54] INFO | 07/06/2026 18:02:14.274 | OnStartup: Logger Instance Created Successfully
[System: 192.168.1.54] INFO | 07/06/2026 18:02:14.274 | OnStartup: Application Starting...
[System: 192.168.1.54] ERROR | 07/06/2026 18:02:14.274 | General Service|:: CompanyIndex:1 SpName: spADM_GetCostCenterListViewDataParameters :
 NULL
 ,''
 ,''
 ,''
 ,''
 ,''
 ,8
 ,False
 ,''
 ,''
 ,''
 ,''
 ,''
 ,0
 ,False
 ,''
 ,''
 ,'1'
 ,'1'
 ,1|Missing required parametrer.
[System: 192.168.1.54] DEBUG | 07/06/2026 18:02:14.274 | General Service|:: CompanyIndex:1 SpName: spADM_GetDataSet 
 'select * from COM_TokenHistory WITH(NOLOCK) where JwtToken=''eyJhbGciOiJIUzI1NiIsInR5cCI6IkpXVCJ9.eyJ1bmlxdWVfbmFtZSI6ImFkbWluLDEsMSwxIiwibmJmIjoxNzgzMzQxMDk1LCJleHAiOjE3ODMzNjk4OTUsImlhdCI6MTc4MzM0MTA5NX0.rwNKfVX7bznzeAGTphuhnEFpb2Dtvzgyg3vCg5fSBow'''
 ,1
 ,1
[System: 192.168.1.54] DEBUG | 07/06/2026 18:02:14.352 | General Service|:: CompanyIndex:1 SpName: spADM_GetCostCenterListViewData 
 NULL
 ,''
 ,''
 ,''
 ,''
 ,''
 ,8
 ,False
 ,''
 ,''
 ,''
 ,''
 ,''
 ,0
 ,False
 ,''
 ,''
 ,'1'
 ,'1'
 ,1
 message=Missing required parametrer.
[System: 192.168.1.54] INFO | 07/06/2026 18:02:14.352 | OnStartup: Logger Instance Created Successfully
[System: 192.168.1.54] INFO | 07/06/2026 18:02:14.352 | OnStartup: Application Starting...
[System: 192.168.1.54] ERROR | 07/06/2026 18:02:14.352 | General Service|:: CompanyIndex:1 SpName: spADM_GetCostCenterListViewDataParameters :
 NULL
 ,''
 ,''
 ,''
 ,''
 ,''
 ,8
 ,False
 ,''
 ,''
 ,''
 ,''
 ,''
 ,0
 ,False
 ,''
 ,''
 ,'1'
 ,'1'
 ,1|Missing required parametrer.
[System: 192.168.1.54] DEBUG | 07/06/2026 18:02:14.352 | General Service|:: CompanyIndex:1 SpName: spADM_GetDataSet 
 'select * from COM_TokenHistory WITH(NOLOCK) where JwtToken=''eyJhbGciOiJIUzI1NiIsInR5cCI6IkpXVCJ9.eyJ1bmlxdWVfbmFtZSI6ImFkbWluLDEsMSwxIiwibmJmIjoxNzgzMzQxMDk1LCJleHAiOjE3ODMzNjk4OTUsImlhdCI6MTc4MzM0MTA5NX0.rwNKfVX7bznzeAGTphuhnEFpb2Dtvzgyg3vCg5fSBow'''
 ,1
 ,1
[System: 192.168.1.54] DEBUG | 07/06/2026 18:02:14.414 | General Service|:: CompanyIndex:1 SpName: spADM_GetCostCenterListViewData 
 NULL
 ,''
 ,''
 ,''
 ,''
 ,''
 ,8
 ,False
 ,''
 ,''
 ,''
 ,''
 ,''
 ,0
 ,False
 ,''
 ,''
 ,'1'
 ,'1'
 ,1
 message=Missing required parametrer.
[System: 192.168.1.54] INFO | 07/06/2026 18:02:14.414 | OnStartup: Logger Instance Created Successfully
[System: 192.168.1.54] INFO | 07/06/2026 18:02:14.414 | OnStartup: Application Starting...
[System: 192.168.1.54] ERROR | 07/06/2026 18:02:14.414 | General Service|:: CompanyIndex:1 SpName: spADM_GetCostCenterListViewDataParameters :
 NULL
 ,''
 ,''
 ,''
 ,''
 ,''
 ,8
 ,False
 ,''
 ,''
 ,''
 ,''
 ,''
 ,0
 ,False
 ,''
 ,''
 ,'1'
 ,'1'
 ,1|Missing required parametrer.
[System: 192.168.1.54] DEBUG | 07/06/2026 18:02:14.414 | General Service|:: CompanyIndex:1 SpName: spADM_GetDataSet 
 'select * from COM_TokenHistory WITH(NOLOCK) where JwtToken=''eyJhbGciOiJIUzI1NiIsInR5cCI6IkpXVCJ9.eyJ1bmlxdWVfbmFtZSI6ImFkbWluLDEsMSwxIiwibmJmIjoxNzgzMzQxMDk1LCJleHAiOjE3ODMzNjk4OTUsImlhdCI6MTc4MzM0MTA5NX0.rwNKfVX7bznzeAGTphuhnEFpb2Dtvzgyg3vCg5fSBow'''
 ,1
 ,1
[System: 192.168.1.54] DEBUG | 07/06/2026 18:02:14.492 | General Service|:: CompanyIndex:1 SpName: spADM_GetCostCenterListViewData 
 271
 ,'a.Code,a.Name'
 ,''
 ,''
 ,'Code'
 ,''
 ,8
 ,False
 ,''
 ,157
 ,''
 ,''
 ,''
 ,0
 ,False
 ,''
 ,''
 ,'1'
 ,'1'
 ,1
[System: 192.168.1.54] DEBUG | 07/06/2026 18:02:14.508 | General Service|:: CompanyIndex:1 SpName: spADM_GetDataSet 
 'select * from COM_TokenHistory WITH(NOLOCK) where JwtToken=''eyJhbGciOiJIUzI1NiIsInR5cCI6IkpXVCJ9.eyJ1bmlxdWVfbmFtZSI6ImFkbWluLDEsMSwxIiwibmJmIjoxNzgzMzQxMDk1LCJleHAiOjE3ODMzNjk4OTUsImlhdCI6MTc4MzM0MTA5NX0.rwNKfVX7bznzeAGTphuhnEFpb2Dtvzgyg3vCg5fSBow'''
 ,1
 ,1
[System: 192.168.1.54] DEBUG | 07/06/2026 18:02:14.586 | General Service|:: CompanyIndex:1 SpName: spADM_GetCostCenterListViewData 
 NULL
 ,''
 ,''
 ,''
 ,''
 ,''
 ,8
 ,False
 ,''
 ,''
 ,''
 ,''
 ,''
 ,0
 ,False
 ,''
 ,''
 ,'1'
 ,'1'
 ,1
 message=Missing required parametrer.
[System: 192.168.1.54] INFO | 07/06/2026 18:02:14.586 | OnStartup: Logger Instance Created Successfully
[System: 192.168.1.54] INFO | 07/06/2026 18:02:14.586 | OnStartup: Application Starting...
[System: 192.168.1.54] ERROR | 07/06/2026 18:02:14.586 | General Service|:: CompanyIndex:1 SpName: spADM_GetCostCenterListViewDataParameters :
 NULL
 ,''
 ,''
 ,''
 ,''
 ,''
 ,8
 ,False
 ,''
 ,''
 ,''
 ,''
 ,''
 ,0
 ,False
 ,''
 ,''
 ,'1'
 ,'1'
 ,1|Missing required parametrer.
[System: 192.168.1.54] DEBUG | 07/06/2026 18:02:14.602 | General Service|:: CompanyIndex:1 SpName: spADM_GetDataSet 
 'select * from COM_TokenHistory WITH(NOLOCK) where JwtToken=''eyJhbGciOiJIUzI1NiIsInR5cCI6IkpXVCJ9.eyJ1bmlxdWVfbmFtZSI6ImFkbWluLDEsMSwxIiwibmJmIjoxNzgzMzQxMDk1LCJleHAiOjE3ODMzNjk4OTUsImlhdCI6MTc4MzM0MTA5NX0.rwNKfVX7bznzeAGTphuhnEFpb2Dtvzgyg3vCg5fSBow'''
 ,1
 ,1
[System: 192.168.1.54] DEBUG | 07/06/2026 18:02:14.727 | General Service|:: CompanyIndex:1 SpName: spDOC_GetDocumentHistory 
 40009
 ,36893
 ,'1'
 ,'1'
 ,'admin'
 ,1
[System: 192.168.1.54] DEBUG | 07/06/2026 18:02:14.727 | General Service|:: CompanyIndex:1 SpName: spADM_GetDataSet 
 'select * from COM_TokenHistory WITH(NOLOCK) where JwtToken=''eyJhbGciOiJIUzI1NiIsInR5cCI6IkpXVCJ9.eyJ1bmlxdWVfbmFtZSI6ImFkbWluLDEsMSwxIiwibmJmIjoxNzgzMzQxMDk1LCJleHAiOjE3ODMzNjk4OTUsImlhdCI6MTc4MzM0MTA5NX0.rwNKfVX7bznzeAGTphuhnEFpb2Dtvzgyg3vCg5fSBow'''
 ,1
 ,1
[System: 192.168.1.54] DEBUG | 07/06/2026 18:02:17.746 | General Service|:: CompanyIndex:1 SpName: spDOC_GetInvDocument 
 40009
 ,''
 ,'1004'
 ,'1'
 ,0
 ,' and (b.dcCCNID2=c.CCNID2 or c.CCNID2=0)'
 ,1
 ,1
 ,'admin'
 ,1
[System: 192.168.1.54] DEBUG | 07/06/2026 18:02:17.746 | General Service|:: CompanyIndex:1 SpName: spADM_GetDataSet 
 'select * from COM_TokenHistory WITH(NOLOCK) where JwtToken=''eyJhbGciOiJIUzI1NiIsInR5cCI6IkpXVCJ9.eyJ1bmlxdWVfbmFtZSI6ImFkbWluLDEsMSwxIiwibmJmIjoxNzgzMzQxMDk1LCJleHAiOjE3ODMzNjk4OTUsImlhdCI6MTc4MzM0MTA5NX0.rwNKfVX7bznzeAGTphuhnEFpb2Dtvzgyg3vCg5fSBow'''
 ,1
 ,1
[System: 192.168.1.54] DEBUG | 07/06/2026 18:02:17.809 | General Service|:: CompanyIndex:1 SpName: spADM_GetDataSet 
 ' select BODocID,MRDocID, VendorID from Com_BiddingDocs with (nolock) where QTDocID =36884 and Status = 1
                    and CONVERT(float, Convert(datetime, ''06/Jul/2026 06:02:17 PM'')) between CONVERT(float,BidStartTime) and CONVERT(float,BidEndTime)'
 ,1
 ,1
[System: 192.168.1.54] DEBUG | 07/06/2026 18:02:17.809 | General Service|:: CompanyIndex:1 SpName: spADM_GetDataSet 
 'select * from COM_TokenHistory WITH(NOLOCK) where JwtToken=''eyJhbGciOiJIUzI1NiIsInR5cCI6IkpXVCJ9.eyJ1bmlxdWVfbmFtZSI6ImFkbWluLDEsMSwxIiwibmJmIjoxNzgzMzQxMDk1LCJleHAiOjE3ODMzNjk4OTUsImlhdCI6MTc4MzM0MTA5NX0.rwNKfVX7bznzeAGTphuhnEFpb2Dtvzgyg3vCg5fSBow'''
 ,1
 ,1
[System: 192.168.1.54] DEBUG | 07/06/2026 18:02:17.840 | General Service|:: CompanyIndex:1 SpName: spADM_GetDataSet 
 '
select NodeID PK,Code Code,Name Name from COM_Salesman WITH(NOLOCK) where NodeID=188'
 ,1
 ,1
[System: 192.168.1.54] DEBUG | 07/06/2026 18:02:17.840 | General Service|:: CompanyIndex:1 SpName: spADM_GetDataSet 
 'select * from COM_TokenHistory WITH(NOLOCK) where JwtToken=''eyJhbGciOiJIUzI1NiIsInR5cCI6IkpXVCJ9.eyJ1bmlxdWVfbmFtZSI6ImFkbWluLDEsMSwxIiwibmJmIjoxNzgzMzQxMDk1LCJleHAiOjE3ODMzNjk4OTUsImlhdCI6MTc4MzM0MTA5NX0.rwNKfVX7bznzeAGTphuhnEFpb2Dtvzgyg3vCg5fSBow'''
 ,1
 ,1
[System: 192.168.1.54] DEBUG | 07/06/2026 18:02:17.856 | General Service|:: CompanyIndex:1 SpName: spADM_GetDataSet 
 ' SELECT H.HistoryID,H.HistoryCCID CCID,H.HistoryNodeID,convert(datetime,FromDate) FromDate,convert(datetime,ToDate) ToDate,H.Remarks
                                    from COM_HistoryDetails H with(nolock) 
                                    where H.CostCenterID=40009 and H.NodeID=36884 and H.HistoryCCID>50000
                                    order by FromDate,H.HistoryID'
 ,1
 ,1
[System: 192.168.1.54] DEBUG | 07/06/2026 18:02:17.856 | General Service|:: CompanyIndex:1 SpName: spADM_GetDataSet 
 'select * from COM_TokenHistory WITH(NOLOCK) where JwtToken=''eyJhbGciOiJIUzI1NiIsInR5cCI6IkpXVCJ9.eyJ1bmlxdWVfbmFtZSI6ImFkbWluLDEsMSwxIiwibmJmIjoxNzgzMzQxMDk1LCJleHAiOjE3ODMzNjk4OTUsImlhdCI6MTc4MzM0MTA5NX0.rwNKfVX7bznzeAGTphuhnEFpb2Dtvzgyg3vCg5fSBow'''
 ,1
 ,1
[System: 192.168.1.54] DEBUG | 07/06/2026 18:02:17.871 | General Service|:: CompanyIndex:1 SpName: spADM_GetListViewDataByIDs 
 '<XML><Row CCID="2"  TypeID="10"  DBColumnID="4233"  NodeID="1515" /><Row CCID="2"  TypeID="100"  DBColumnID="4233"  NodeID="1515" /><Row CCID="2"  TypeID="10"  DBColumnID="7073"  NodeID="576" /><Row CCID="2"  TypeID="100"  DBColumnID="7073"  NodeID="576" /><Row CCID="50063"  TypeID="1"  DBColumnID="7709"  NodeID="1" /><Row CCID="50064"  TypeID="1"  DBColumnID="7783"  NodeID="1" /><Row CCID="50058"  TypeID="1"  DBColumnID="7125"  NodeID="1" /><Row CCID="50059"  TypeID="1"  DBColumnID="7194"  NodeID="1" /><Row CCID="50062"  TypeID="1"  DBColumnID="7401"  NodeID="1" /><Row CCID="50061"  TypeID="11"  DBColumnID="7332"  NodeID="14" /><Row CCID="50003"  TypeID="1"  DBColumnID="5305"  NodeID="161" /><Row CCID="50007"  TypeID="1"  DBColumnID="5309"  NodeID="1" /><Row CCID="50058"  TypeID="1"  DBColumnID="640225"  NodeID="230" /><Row CCID="50067"  TypeID="1"  DBColumnID="8005"  NodeID="1" /><Row CCID="50065"  TypeID="1"  DBColumnID="7857"  NodeID="1" /><Row CCID="50071"  TypeID="1"  DBColumnID="721137"  NodeID="1" /><Row CCID="50060"  TypeID="1"  DBColumnID="7263"  NodeID="1" /><Row CCID="50002"  TypeID="1"  DBColumnID="5304"  NodeID="1" /><Row CCID="50001"  TypeID="4"  DBColumnID="5303"  NodeID="1" /></XML>'
 ,1
 ,1
[System: 192.168.1.54] DEBUG | 07/06/2026 18:02:17.871 | General Service|:: CompanyIndex:1 SpName: spADM_GetDataSet 
 'select * from COM_TokenHistory WITH(NOLOCK) where JwtToken=''eyJhbGciOiJIUzI1NiIsInR5cCI6IkpXVCJ9.eyJ1bmlxdWVfbmFtZSI6ImFkbWluLDEsMSwxIiwibmJmIjoxNzgzMzQxMDk1LCJleHAiOjE3ODMzNjk4OTUsImlhdCI6MTc4MzM0MTA5NX0.rwNKfVX7bznzeAGTphuhnEFpb2Dtvzgyg3vCg5fSBow'''
 ,1
 ,1
[System: 192.168.1.54] DEBUG | 07/06/2026 18:02:17.902 | General Service|:: CompanyIndex:1 SpName: spDOC_GetDocumentHistory 
 40009
 ,36884
 ,'1'
 ,'1'
 ,'admin'
 ,1
[System: 192.168.1.54] DEBUG | 07/06/2026 18:02:17.902 | General Service|:: CompanyIndex:1 SpName: spADM_GetDataSet 
 'select * from COM_TokenHistory WITH(NOLOCK) where JwtToken=''eyJhbGciOiJIUzI1NiIsInR5cCI6IkpXVCJ9.eyJ1bmlxdWVfbmFtZSI6ImFkbWluLDEsMSwxIiwibmJmIjoxNzgzMzQxMDk1LCJleHAiOjE3ODMzNjk4OTUsImlhdCI6MTc4MzM0MTA5NX0.rwNKfVX7bznzeAGTphuhnEFpb2Dtvzgyg3vCg5fSBow'''
 ,1
 ,1
[System: 192.168.1.54] DEBUG | 07/06/2026 18:02:19.357 | General Service|:: CompanyIndex:1 SpName: spDOC_GetQtyAdjustmentDetails 
 '0'
 ,'1'
 ,1
[System: 192.168.1.54] DEBUG | 07/06/2026 18:02:19.373 | General Service|:: CompanyIndex:1 SpName: spADM_GetDataSet 
 'select * from COM_TokenHistory WITH(NOLOCK) where JwtToken=''eyJhbGciOiJIUzI1NiIsInR5cCI6IkpXVCJ9.eyJ1bmlxdWVfbmFtZSI6ImFkbWluLDEsMSwxIiwibmJmIjoxNzgzMzQxMDk1LCJleHAiOjE3ODMzNjk4OTUsImlhdCI6MTc4MzM0MTA5NX0.rwNKfVX7bznzeAGTphuhnEFpb2Dtvzgyg3vCg5fSBow'''
 ,1
 ,1
[System: 192.168.1.54] DEBUG | 07/06/2026 18:02:19.373 | General Service|:: CompanyIndex:1 SpName: spADM_GetDataSet 
 'SELECT SysColumnName,UserColumnName from ADM_CostCenterDef WITH(NOLOCK) WHERE CostCenterID=50041'
 ,1
 ,1
[System: 192.168.1.54] DEBUG | 07/06/2026 18:02:19.373 | General Service|:: CompanyIndex:1 SpName: spADM_GetDataSet 
 'select * from COM_TokenHistory WITH(NOLOCK) where JwtToken=''eyJhbGciOiJIUzI1NiIsInR5cCI6IkpXVCJ9.eyJ1bmlxdWVfbmFtZSI6ImFkbWluLDEsMSwxIiwibmJmIjoxNzgzMzQxMDk1LCJleHAiOjE3ODMzNjk4OTUsImlhdCI6MTc4MzM0MTA5NX0.rwNKfVX7bznzeAGTphuhnEFpb2Dtvzgyg3vCg5fSBow'''
 ,1
 ,1
[System: 192.168.1.54] DEBUG | 07/06/2026 18:02:19.442 | General Service|:: CompanyIndex:1 SpName: spADM_GetCostCenterListViewData 
 307
 ,'a.Name ,a.ParentID,CC1.Name as GroupName  ,a.Code , a.ccAlpha1 ,a.lft'
 ,''
 ,' LEFT JOIN COM_CC50041 CC1  WITH(NOLOCK)  on  CC1.NodeID=a.ParentID'
 ,'a.lft'
 ,''
 ,0
 ,False
 ,''
 ,''
 ,''
 ,''
 ,''
 ,0
 ,False
 ,''
 ,'1'
 ,'1'
 ,1
[System: 192.168.1.54] DEBUG | 07/06/2026 18:02:19.457 | General Service|:: CompanyIndex:1 SpName: spADM_GetDataSet 
 'select * from COM_TokenHistory WITH(NOLOCK) where JwtToken=''eyJhbGciOiJIUzI1NiIsInR5cCI6IkpXVCJ9.eyJ1bmlxdWVfbmFtZSI6ImFkbWluLDEsMSwxIiwibmJmIjoxNzgzMzQxMDk1LCJleHAiOjE3ODMzNjk4OTUsImlhdCI6MTc4MzM0MTA5NX0.rwNKfVX7bznzeAGTphuhnEFpb2Dtvzgyg3vCg5fSBow'''
 ,1
 ,1
[System: 192.168.1.54] DEBUG | 07/06/2026 18:02:19.480 | General Service|:: CompanyIndex:1 SpName: spADM_GetCostCenterListViewDataByIDs 
 50041
 ,1
 ,'4,3,1'
 ,'1'
 ,1
[System: 192.168.1.54] DEBUG | 07/06/2026 18:02:19.480 | General Service|:: CompanyIndex:1 SpName: spADM_GetDataSet 
 'select * from COM_TokenHistory WITH(NOLOCK) where JwtToken=''eyJhbGciOiJIUzI1NiIsInR5cCI6IkpXVCJ9.eyJ1bmlxdWVfbmFtZSI6ImFkbWluLDEsMSwxIiwibmJmIjoxNzgzMzQxMDk1LCJleHAiOjE3ODMzNjk4OTUsImlhdCI6MTc4MzM0MTA5NX0.rwNKfVX7bznzeAGTphuhnEFpb2Dtvzgyg3vCg5fSBow'''
 ,1
 ,1
[System: 192.168.1.54] DEBUG | 07/06/2026 18:02:20.952 | General Service|:: CompanyIndex:1 SpName: spACC_GetPaymentTermDetails 
 1515
 ,0
 ,'1'
 ,1
[System: 192.168.1.54] DEBUG | 07/06/2026 18:02:20.952 | General Service|:: CompanyIndex:1 SpName: spADM_GetDataSet 
 'select * from COM_TokenHistory WITH(NOLOCK) where JwtToken=''eyJhbGciOiJIUzI1NiIsInR5cCI6IkpXVCJ9.eyJ1bmlxdWVfbmFtZSI6ImFkbWluLDEsMSwxIiwibmJmIjoxNzgzMzQxMDk1LCJleHAiOjE3ODMzNjk4OTUsImlhdCI6MTc4MzM0MTA5NX0.rwNKfVX7bznzeAGTphuhnEFpb2Dtvzgyg3vCg5fSBow'''
 ,1
 ,1
[System: 192.168.1.54] DEBUG | 07/06/2026 18:02:39.510 | General Service|:: CompanyIndex:1 SpName: spADM_GetDataSet 
 'declare @UserID int,@RoleID int,@UserName NVARCHAR(100),@where nvarchar(max),@query nvarchar(max)
set @UserID=1
set @RoleID=1-- Employee:-1
SELECT @UserName=UserName From ADM_Users WITH(NOLOCK) WHERE UserID=@UserID
exec [fnGet_GetAssignedDims] @UserID,@RoleID,@where output
 create table #TblUsrWF(WID int,LevelID int,Type int,CtWef float,LvWef int)
EXEC spRPT_GetReportData @Type=8,@Param1=@UserID,@strXML=null,@RoleID=@RoleID set @query=''  SELECT DT.CostCenterID,DT.DocumentName,DT.DocumentType,DT.IsInventory,count(*) CNT
FROM (
 SELECT INV.CostCenterID
FROM INV_DocDetails INV with(nolock)''
if(@where<>'''')
	set @query=@query+'' join com_docccdata d with(nolock) on INV.INVDocDetailsid=d.INVDocDetailsid''	

set @query=@query+'' ,#TblUsrWF WF
WHERE WF.WID=INV.WorkflowID and (WF.LevelID>INV.WorkFlowLevel or (WF.LevelID+1=INV.WorkFlowLevel and INV.StatusID=372)) and (INV.StatusID=371 or INV.StatusID=372 or INV.StatusID=441) AND (WF.Type=1 or (INV.WorkFlowLevel+1=WF.LevelID and INV.StatusID!=372) or (WF.LevelID+1=INV.WorkFlowLevel and INV.StatusID=372) or (WF.CtWef is not null and INV.WorkFlowLevel>=WF.LvWef
and INV.CreatedDate+WF.CtWef<=convert(float,getdate())))  ''+@where+''
GROUP BY INV.CostCenterID,INV.VoucherNo
UNION ALL
SELECT ACC.CostCenterID
FROM ACC_DocDetails ACC with(nolock)''
if(@where<>'''')
	set @query=@query+'' join com_docccdata d with(nolock) on ACC.ACCDocDetailsid=d.ACCDocDetailsid''	

set @query=@query+'',#TblUsrWF WF
WHERE ACC.LinkedAccDocDetailsID is null and ACC.InvDocDetailsID is null and WF.WID=ACC.WorkflowID and (WF.LevelID>ACC.WorkFlowLevel or (WF.LevelID+1=ACC.WorkFlowLevel and ACC.StatusID=372)) and (ACC.StatusID=371 or ACC.StatusID=372 or ACC.StatusID=441) AND (WF.Type=1 or (ACC.WorkFlowLevel+1=WF.LevelID and ACC.StatusID!=372) or (WF.LevelID+1=ACC.WorkFlowLevel and ACC.StatusID=372) or (WF.CtWef is not null and ACC.WorkFlowLevel>=WF.LvWef
and ACC.CreatedDate+WF.CtWef<=convert(float,getdate())))   ''+@where+''
GROUP BY ACC.CostCenterID,ACC.VoucherNo  ) AS T
JOIN ADM_DocumentTypes DT with(nolock) ON T.CostCenterID=DT.CostCenterID
GROUP BY DT.CostCenterID,DT.DocumentName,DT.DocumentType,DT.IsInventory  
UNION ALL
SELECT DT.FeatureID CostCenterID,DT.Name DocumentName,-DT.FeatureID DocumentType,0 IsInventory,count(*) CNT
FROM (
SELECT INV.CostCenterID FROM REN_Contract INV WITH(NOLOCK),#TblUsrWF WF
WHERE  WF.WID=INV.WorkflowID and WF.LevelID>INV.WorkFlowLevel and (INV.StatusID=440 or INV.StatusID=470 or INV.StatusID=466) AND (WF.Type=1 or (INV.WorkFlowLevel+1=WF.LevelID and INV.StatusID!=470)  or (WF.CtWef is not null and INV.WorkFlowLevel>=WF.LvWef
 and INV.CreatedDate+WF.CtWef<=convert(float,getdate()))) AND INV.RefContractID=0 ) AS T
JOIN ADM_Features DT with(nolock) ON T.CostCenterID=DT.FeatureID
GROUP BY DT.FeatureID,DT.Name 
ORDER BY DocumentName''
exec(@query)

DROP TABLE #TblUsrWF
'
 ,1
 ,1
[System: 192.168.1.54] DEBUG | 07/06/2026 18:02:39.510 | General Service|:: CompanyIndex:1 SpName: spADM_GetDataSet 
 'select * from COM_TokenHistory WITH(NOLOCK) where JwtToken=''eyJhbGciOiJIUzI1NiIsInR5cCI6IkpXVCJ9.eyJ1bmlxdWVfbmFtZSI6ImFkbWluLDEsMSwxIiwibmJmIjoxNzgzMzQxMDk1LCJleHAiOjE3ODMzNjk4OTUsImlhdCI6MTc4MzM0MTA5NX0.rwNKfVX7bznzeAGTphuhnEFpb2Dtvzgyg3vCg5fSBow'''
 ,1
 ,1
[System: 192.168.1.54] DEBUG | 07/06/2026 18:02:54.459 | General Service|:: CompanyIndex:1 SpName: spDOC_GetQtyAdjustmentDetails 
 '0'
 ,'1'
 ,1
[System: 192.168.1.54] DEBUG | 07/06/2026 18:02:54.459 | General Service|:: CompanyIndex:1 SpName: spADM_GetDataSet 
 'select * from COM_TokenHistory WITH(NOLOCK) where JwtToken=''eyJhbGciOiJIUzI1NiIsInR5cCI6IkpXVCJ9.eyJ1bmlxdWVfbmFtZSI6ImFkbWluLDEsMSwxIiwibmJmIjoxNzgzMzQxMDk1LCJleHAiOjE3ODMzNjk4OTUsImlhdCI6MTc4MzM0MTA5NX0.rwNKfVX7bznzeAGTphuhnEFpb2Dtvzgyg3vCg5fSBow'''
 ,1
 ,1
[System: 192.168.1.54] DEBUG | 07/06/2026 18:02:54.475 | General Service|:: CompanyIndex:1 SpName: spADM_GetDataSet 
 'SELECT SysColumnName,UserColumnName from ADM_CostCenterDef WITH(NOLOCK) WHERE CostCenterID=50041'
 ,1
 ,1
[System: 192.168.1.54] DEBUG | 07/06/2026 18:02:54.475 | General Service|:: CompanyIndex:1 SpName: spADM_GetDataSet 
 'select * from COM_TokenHistory WITH(NOLOCK) where JwtToken=''eyJhbGciOiJIUzI1NiIsInR5cCI6IkpXVCJ9.eyJ1bmlxdWVfbmFtZSI6ImFkbWluLDEsMSwxIiwibmJmIjoxNzgzMzQxMDk1LCJleHAiOjE3ODMzNjk4OTUsImlhdCI6MTc4MzM0MTA5NX0.rwNKfVX7bznzeAGTphuhnEFpb2Dtvzgyg3vCg5fSBow'''
 ,1
 ,1
[System: 192.168.1.54] DEBUG | 07/06/2026 18:02:54.537 | General Service|:: CompanyIndex:1 SpName: spADM_GetCostCenterListViewData 
 307
 ,'a.Name ,a.ParentID,CC1.Name as GroupName  ,a.Code , a.ccAlpha1 ,a.lft'
 ,''
 ,' LEFT JOIN COM_CC50041 CC1  WITH(NOLOCK)  on  CC1.NodeID=a.ParentID'
 ,'a.lft'
 ,''
 ,0
 ,False
 ,''
 ,''
 ,''
 ,''
 ,''
 ,0
 ,False
 ,''
 ,'1'
 ,'1'
 ,1
[System: 192.168.1.54] DEBUG | 07/06/2026 18:02:54.553 | General Service|:: CompanyIndex:1 SpName: spADM_GetDataSet 
 'select * from COM_TokenHistory WITH(NOLOCK) where JwtToken=''eyJhbGciOiJIUzI1NiIsInR5cCI6IkpXVCJ9.eyJ1bmlxdWVfbmFtZSI6ImFkbWluLDEsMSwxIiwibmJmIjoxNzgzMzQxMDk1LCJleHAiOjE3ODMzNjk4OTUsImlhdCI6MTc4MzM0MTA5NX0.rwNKfVX7bznzeAGTphuhnEFpb2Dtvzgyg3vCg5fSBow'''
 ,1
 ,1
[System: 192.168.1.54] DEBUG | 07/06/2026 18:02:56.189 | General Service|:: CompanyIndex:1 SpName: spACC_GetPaymentTermDetails 
 1515
 ,0
 ,'1'
 ,1
[System: 192.168.1.54] DEBUG | 07/06/2026 18:02:56.189 | General Service|:: CompanyIndex:1 SpName: spADM_GetDataSet 
 'select * from COM_TokenHistory WITH(NOLOCK) where JwtToken=''eyJhbGciOiJIUzI1NiIsInR5cCI6IkpXVCJ9.eyJ1bmlxdWVfbmFtZSI6ImFkbWluLDEsMSwxIiwibmJmIjoxNzgzMzQxMDk1LCJleHAiOjE3ODMzNjk4OTUsImlhdCI6MTc4MzM0MTA5NX0.rwNKfVX7bznzeAGTphuhnEFpb2Dtvzgyg3vCg5fSBow'''
 ,1
 ,1
[System: 192.168.1.54] DEBUG | 07/06/2026 18:03:01.194 | General Service|:: CompanyIndex:1 SpName: spDOC_GetInvDocument 
 40009
 ,''
 ,'1003'
 ,'1'
 ,0
 ,' and (b.dcCCNID2=c.CCNID2 or c.CCNID2=0)'
 ,1
 ,1
 ,'admin'
 ,1
[System: 192.168.1.54] DEBUG | 07/06/2026 18:03:01.194 | General Service|:: CompanyIndex:1 SpName: spADM_GetDataSet 
 'select * from COM_TokenHistory WITH(NOLOCK) where JwtToken=''eyJhbGciOiJIUzI1NiIsInR5cCI6IkpXVCJ9.eyJ1bmlxdWVfbmFtZSI6ImFkbWluLDEsMSwxIiwibmJmIjoxNzgzMzQxMDk1LCJleHAiOjE3ODMzNjk4OTUsImlhdCI6MTc4MzM0MTA5NX0.rwNKfVX7bznzeAGTphuhnEFpb2Dtvzgyg3vCg5fSBow'''
 ,1
 ,1
[System: 192.168.1.54] DEBUG | 07/06/2026 18:03:01.210 | General Service|:: CompanyIndex:1 SpName: spADM_GetDataSet 
 ' select BODocID,MRDocID, VendorID from Com_BiddingDocs with (nolock) where QTDocID =33606 and Status = 1
                    and CONVERT(float, Convert(datetime, ''06/Jul/2026 06:03:01 PM'')) between CONVERT(float,BidStartTime) and CONVERT(float,BidEndTime)'
 ,1
 ,1
[System: 192.168.1.54] DEBUG | 07/06/2026 18:03:01.210 | General Service|:: CompanyIndex:1 SpName: spADM_GetDataSet 
 'select * from COM_TokenHistory WITH(NOLOCK) where JwtToken=''eyJhbGciOiJIUzI1NiIsInR5cCI6IkpXVCJ9.eyJ1bmlxdWVfbmFtZSI6ImFkbWluLDEsMSwxIiwibmJmIjoxNzgzMzQxMDk1LCJleHAiOjE3ODMzNjk4OTUsImlhdCI6MTc4MzM0MTA5NX0.rwNKfVX7bznzeAGTphuhnEFpb2Dtvzgyg3vCg5fSBow'''
 ,1
 ,1
[System: 192.168.1.54] DEBUG | 07/06/2026 18:03:01.226 | General Service|:: CompanyIndex:1 SpName: spADM_GetDataSet 
 '
select NodeID PK,Code Code,Name Name from COM_Salesman WITH(NOLOCK) where NodeID=156'
 ,1
 ,1
[System: 192.168.1.54] DEBUG | 07/06/2026 18:03:01.226 | General Service|:: CompanyIndex:1 SpName: spADM_GetDataSet 
 'select * from COM_TokenHistory WITH(NOLOCK) where JwtToken=''eyJhbGciOiJIUzI1NiIsInR5cCI6IkpXVCJ9.eyJ1bmlxdWVfbmFtZSI6ImFkbWluLDEsMSwxIiwibmJmIjoxNzgzMzQxMDk1LCJleHAiOjE3ODMzNjk4OTUsImlhdCI6MTc4MzM0MTA5NX0.rwNKfVX7bznzeAGTphuhnEFpb2Dtvzgyg3vCg5fSBow'''
 ,1
 ,1
[System: 192.168.1.54] DEBUG | 07/06/2026 18:03:01.226 | General Service|:: CompanyIndex:1 SpName: spADM_GetDataSet 
 ' SELECT H.HistoryID,H.HistoryCCID CCID,H.HistoryNodeID,convert(datetime,FromDate) FromDate,convert(datetime,ToDate) ToDate,H.Remarks
                                    from COM_HistoryDetails H with(nolock) 
                                    where H.CostCenterID=40009 and H.NodeID=33606 and H.HistoryCCID>50000
                                    order by FromDate,H.HistoryID'
 ,1
 ,1
[System: 192.168.1.54] DEBUG | 07/06/2026 18:03:01.242 | General Service|:: CompanyIndex:1 SpName: spADM_GetDataSet 
 'select * from COM_TokenHistory WITH(NOLOCK) where JwtToken=''eyJhbGciOiJIUzI1NiIsInR5cCI6IkpXVCJ9.eyJ1bmlxdWVfbmFtZSI6ImFkbWluLDEsMSwxIiwibmJmIjoxNzgzMzQxMDk1LCJleHAiOjE3ODMzNjk4OTUsImlhdCI6MTc4MzM0MTA5NX0.rwNKfVX7bznzeAGTphuhnEFpb2Dtvzgyg3vCg5fSBow'''
 ,1
 ,1
[System: 192.168.1.54] DEBUG | 07/06/2026 18:03:01.382 | General Service|:: CompanyIndex:1 SpName: spDOC_GetLinkDetails 
 441
 ,0
 ,0
 ,'04/Dec/2025'
 ,'20/Dec/2022'
 ,33606
 ,0
 ,0
 ,''
 ,NULL
 ,'1'
 ,1
 ,'1'
[System: 192.168.1.54] DEBUG | 07/06/2026 18:03:01.398 | General Service|:: CompanyIndex:1 SpName: spADM_GetDataSet 
 'select * from COM_TokenHistory WITH(NOLOCK) where JwtToken=''eyJhbGciOiJIUzI1NiIsInR5cCI6IkpXVCJ9.eyJ1bmlxdWVfbmFtZSI6ImFkbWluLDEsMSwxIiwibmJmIjoxNzgzMzQxMDk1LCJleHAiOjE3ODMzNjk4OTUsImlhdCI6MTc4MzM0MTA5NX0.rwNKfVX7bznzeAGTphuhnEFpb2Dtvzgyg3vCg5fSBow'''
 ,1
 ,1
[System: 192.168.1.54] DEBUG | 07/06/2026 18:03:01.414 | General Service|:: CompanyIndex:1 SpName: spADM_GetListViewDataByIDs 
 '<XML><Row CCID="2"  TypeID="10"  DBColumnID="4233"  NodeID="576" /><Row CCID="2"  TypeID="100"  DBColumnID="4233"  NodeID="576" /><Row CCID="2"  TypeID="10"  DBColumnID="7073"  NodeID="3460" /><Row CCID="2"  TypeID="100"  DBColumnID="7073"  NodeID="3460" /><Row CCID="50063"  TypeID="1"  DBColumnID="7709"  NodeID="1" /><Row CCID="50064"  TypeID="1"  DBColumnID="7783"  NodeID="1" /><Row CCID="50058"  TypeID="1"  DBColumnID="7125"  NodeID="1" /><Row CCID="50059"  TypeID="1"  DBColumnID="7194"  NodeID="1" /><Row CCID="50062"  TypeID="1"  DBColumnID="7401"  NodeID="1" /><Row CCID="50061"  TypeID="11"  DBColumnID="7332"  NodeID="14" /><Row CCID="50003"  TypeID="1"  DBColumnID="5305"  NodeID="257" /><Row CCID="50007"  TypeID="1"  DBColumnID="5309"  NodeID="1" /><Row CCID="50058"  TypeID="1"  DBColumnID="640225"  NodeID="230" /><Row CCID="50067"  TypeID="1"  DBColumnID="8005"  NodeID="1" /><Row CCID="50065"  TypeID="1"  DBColumnID="7857"  NodeID="1" /><Row CCID="50071"  TypeID="1"  DBColumnID="721137"  NodeID="1" /><Row CCID="50060"  TypeID="1"  DBColumnID="7263"  NodeID="1" /><Row CCID="50002"  TypeID="1"  DBColumnID="5304"  NodeID="1" /><Row CCID="50001"  TypeID="4"  DBColumnID="5303"  NodeID="1" /></XML>'
 ,1
 ,1
[System: 192.168.1.54] DEBUG | 07/06/2026 18:03:01.414 | General Service|:: CompanyIndex:1 SpName: spADM_GetDataSet 
 'select * from COM_TokenHistory WITH(NOLOCK) where JwtToken=''eyJhbGciOiJIUzI1NiIsInR5cCI6IkpXVCJ9.eyJ1bmlxdWVfbmFtZSI6ImFkbWluLDEsMSwxIiwibmJmIjoxNzgzMzQxMDk1LCJleHAiOjE3ODMzNjk4OTUsImlhdCI6MTc4MzM0MTA5NX0.rwNKfVX7bznzeAGTphuhnEFpb2Dtvzgyg3vCg5fSBow'''
 ,1
 ,1
[System: 192.168.1.54] DEBUG | 07/06/2026 18:03:01.461 | General Service|:: CompanyIndex:1 SpName: spDOC_GetLinkDetails 
 441
 ,0
 ,0
 ,'22/Dec/2023'
 ,'20/Dec/2022'
 ,33606
 ,0
 ,0
 ,''
 ,NULL
 ,'1'
 ,1
 ,'1'
[System: 192.168.1.54] DEBUG | 07/06/2026 18:03:01.461 | General Service|:: CompanyIndex:1 SpName: spADM_GetDataSet 
 'select * from COM_TokenHistory WITH(NOLOCK) where JwtToken=''eyJhbGciOiJIUzI1NiIsInR5cCI6IkpXVCJ9.eyJ1bmlxdWVfbmFtZSI6ImFkbWluLDEsMSwxIiwibmJmIjoxNzgzMzQxMDk1LCJleHAiOjE3ODMzNjk4OTUsImlhdCI6MTc4MzM0MTA5NX0.rwNKfVX7bznzeAGTphuhnEFpb2Dtvzgyg3vCg5fSBow'''
 ,1
 ,1
[System: 192.168.1.54] DEBUG | 07/06/2026 18:03:01.476 | General Service|:: CompanyIndex:1 SpName: spADM_GetDataSet 
 'select ParentNodeID NodeID from COM_CostCenterCostCenterMap where CostCenterID in (8,300) and ParentCostCenterId=50004 and NodeID=40009'
 ,1
 ,1
[System: 192.168.1.54] DEBUG | 07/06/2026 18:03:01.492 | General Service|:: CompanyIndex:1 SpName: spADM_GetDataSet 
 'select * from COM_TokenHistory WITH(NOLOCK) where JwtToken=''eyJhbGciOiJIUzI1NiIsInR5cCI6IkpXVCJ9.eyJ1bmlxdWVfbmFtZSI6ImFkbWluLDEsMSwxIiwibmJmIjoxNzgzMzQxMDk1LCJleHAiOjE3ODMzNjk4OTUsImlhdCI6MTc4MzM0MTA5NX0.rwNKfVX7bznzeAGTphuhnEFpb2Dtvzgyg3vCg5fSBow'''
 ,1
 ,1
[System: 192.168.1.54] DEBUG | 07/06/2026 18:03:01.507 | General Service|:: CompanyIndex:1 SpName: spADM_GetDataSet 
 'select ParentNodeID NodeID from COM_CostCenterCostCenterMap where CostCenterID in (8,300) and ParentCostCenterId=50004 and NodeID=40009'
 ,1
 ,1
[System: 192.168.1.54] DEBUG | 07/06/2026 18:03:01.507 | General Service|:: CompanyIndex:1 SpName: spADM_GetDataSet 
 'select * from COM_TokenHistory WITH(NOLOCK) where JwtToken=''eyJhbGciOiJIUzI1NiIsInR5cCI6IkpXVCJ9.eyJ1bmlxdWVfbmFtZSI6ImFkbWluLDEsMSwxIiwibmJmIjoxNzgzMzQxMDk1LCJleHAiOjE3ODMzNjk4OTUsImlhdCI6MTc4MzM0MTA5NX0.rwNKfVX7bznzeAGTphuhnEFpb2Dtvzgyg3vCg5fSBow'''
 ,1
 ,1
[System: 192.168.1.54] DEBUG | 07/06/2026 18:03:01.507 | General Service|:: CompanyIndex:1 SpName: spADM_GetDataSet 
 'select ParentNodeID NodeID from COM_CostCenterCostCenterMap where CostCenterID in (8,300) and ParentCostCenterId=50004 and NodeID=40009'
 ,1
 ,1
[System: 192.168.1.54] DEBUG | 07/06/2026 18:03:01.523 | General Service|:: CompanyIndex:1 SpName: spADM_GetDataSet 
 'select * from COM_TokenHistory WITH(NOLOCK) where JwtToken=''eyJhbGciOiJIUzI1NiIsInR5cCI6IkpXVCJ9.eyJ1bmlxdWVfbmFtZSI6ImFkbWluLDEsMSwxIiwibmJmIjoxNzgzMzQxMDk1LCJleHAiOjE3ODMzNjk4OTUsImlhdCI6MTc4MzM0MTA5NX0.rwNKfVX7bznzeAGTphuhnEFpb2Dtvzgyg3vCg5fSBow'''
 ,1
 ,1
[System: 192.168.1.54] DEBUG | 07/06/2026 18:03:01.523 | General Service|:: CompanyIndex:1 SpName: spADM_GetDataSet 
 'select ParentNodeID NodeID from COM_CostCenterCostCenterMap where CostCenterID in (8,300) and ParentCostCenterId=50004 and NodeID=40009'
 ,1
 ,1
[System: 192.168.1.54] DEBUG | 07/06/2026 18:03:01.523 | General Service|:: CompanyIndex:1 SpName: spADM_GetDataSet 
 'select * from COM_TokenHistory WITH(NOLOCK) where JwtToken=''eyJhbGciOiJIUzI1NiIsInR5cCI6IkpXVCJ9.eyJ1bmlxdWVfbmFtZSI6ImFkbWluLDEsMSwxIiwibmJmIjoxNzgzMzQxMDk1LCJleHAiOjE3ODMzNjk4OTUsImlhdCI6MTc4MzM0MTA5NX0.rwNKfVX7bznzeAGTphuhnEFpb2Dtvzgyg3vCg5fSBow'''
 ,1
 ,1
[System: 192.168.1.54] DEBUG | 07/06/2026 18:03:01.538 | General Service|:: CompanyIndex:1 SpName: spADM_GetDataSet 
 'select ParentNodeID NodeID from COM_CostCenterCostCenterMap where CostCenterID in (8,300) and ParentCostCenterId=50004 and NodeID=40009'
 ,1
 ,1
[System: 192.168.1.54] DEBUG | 07/06/2026 18:03:01.538 | General Service|:: CompanyIndex:1 SpName: spADM_GetDataSet 
 'select * from COM_TokenHistory WITH(NOLOCK) where JwtToken=''eyJhbGciOiJIUzI1NiIsInR5cCI6IkpXVCJ9.eyJ1bmlxdWVfbmFtZSI6ImFkbWluLDEsMSwxIiwibmJmIjoxNzgzMzQxMDk1LCJleHAiOjE3ODMzNjk4OTUsImlhdCI6MTc4MzM0MTA5NX0.rwNKfVX7bznzeAGTphuhnEFpb2Dtvzgyg3vCg5fSBow'''
 ,1
 ,1
[System: 192.168.1.54] DEBUG | 07/06/2026 18:03:01.554 | General Service|:: CompanyIndex:1 SpName: spADM_GetDataSet 
 'select ParentNodeID NodeID from COM_CostCenterCostCenterMap where CostCenterID in (8,300) and ParentCostCenterId=50004 and NodeID=40009'
 ,1
 ,1
[System: 192.168.1.54] DEBUG | 07/06/2026 18:03:01.570 | General Service|:: CompanyIndex:1 SpName: spADM_GetDataSet 
 'select * from COM_TokenHistory WITH(NOLOCK) where JwtToken=''eyJhbGciOiJIUzI1NiIsInR5cCI6IkpXVCJ9.eyJ1bmlxdWVfbmFtZSI6ImFkbWluLDEsMSwxIiwibmJmIjoxNzgzMzQxMDk1LCJleHAiOjE3ODMzNjk4OTUsImlhdCI6MTc4MzM0MTA5NX0.rwNKfVX7bznzeAGTphuhnEFpb2Dtvzgyg3vCg5fSBow'''
 ,1
 ,1
[System: 192.168.1.54] DEBUG | 07/06/2026 18:03:01.570 | General Service|:: CompanyIndex:1 SpName: spADM_GetDataSet 
 'select ParentNodeID NodeID from COM_CostCenterCostCenterMap where CostCenterID in (8,300) and ParentCostCenterId=50004 and NodeID=40009'
 ,1
 ,1
[System: 192.168.1.54] DEBUG | 07/06/2026 18:03:01.570 | General Service|:: CompanyIndex:1 SpName: spADM_GetDataSet 
 'select * from COM_TokenHistory WITH(NOLOCK) where JwtToken=''eyJhbGciOiJIUzI1NiIsInR5cCI6IkpXVCJ9.eyJ1bmlxdWVfbmFtZSI6ImFkbWluLDEsMSwxIiwibmJmIjoxNzgzMzQxMDk1LCJleHAiOjE3ODMzNjk4OTUsImlhdCI6MTc4MzM0MTA5NX0.rwNKfVX7bznzeAGTphuhnEFpb2Dtvzgyg3vCg5fSBow'''
 ,1
 ,1
[System: 192.168.1.54] DEBUG | 07/06/2026 18:03:01.663 | General Service|:: CompanyIndex:1 SpName: spDOC_GetDocumentHistory 
 40009
 ,33606
 ,'1'
 ,'1'
 ,'admin'
 ,1
[System: 192.168.1.54] DEBUG | 07/06/2026 18:03:01.663 | General Service|:: CompanyIndex:1 SpName: spADM_GetDataSet 
 'select * from COM_TokenHistory WITH(NOLOCK) where JwtToken=''eyJhbGciOiJIUzI1NiIsInR5cCI6IkpXVCJ9.eyJ1bmlxdWVfbmFtZSI6ImFkbWluLDEsMSwxIiwibmJmIjoxNzgzMzQxMDk1LCJleHAiOjE3ODMzNjk4OTUsImlhdCI6MTc4MzM0MTA5NX0.rwNKfVX7bznzeAGTphuhnEFpb2Dtvzgyg3vCg5fSBow'''
 ,1
 ,1
[System: 192.168.1.54] DEBUG | 07/06/2026 18:03:03.224 | General Service|:: CompanyIndex:1 SpName: spDOC_GetQtyAdjustmentDetails 
 '0'
 ,'1'
 ,1
[System: 192.168.1.54] DEBUG | 07/06/2026 18:03:03.882 | General Service|:: CompanyIndex:1 SpName: spADM_GetDataSet 
 'select * from COM_TokenHistory WITH(NOLOCK) where JwtToken=''eyJhbGciOiJIUzI1NiIsInR5cCI6IkpXVCJ9.eyJ1bmlxdWVfbmFtZSI6ImFkbWluLDEsMSwxIiwibmJmIjoxNzgzMzQxMDk1LCJleHAiOjE3ODMzNjk4OTUsImlhdCI6MTc4MzM0MTA5NX0.rwNKfVX7bznzeAGTphuhnEFpb2Dtvzgyg3vCg5fSBow'''
 ,1
 ,1
[System: 192.168.1.54] DEBUG | 07/06/2026 18:03:03.894 | General Service|:: CompanyIndex:1 SpName: spADM_GetDataSet 
 'SELECT SysColumnName,UserColumnName from ADM_CostCenterDef WITH(NOLOCK) WHERE CostCenterID=50041'
 ,1
 ,1
[System: 192.168.1.54] DEBUG | 07/06/2026 18:03:03.894 | General Service|:: CompanyIndex:1 SpName: spADM_GetDataSet 
 'select * from COM_TokenHistory WITH(NOLOCK) where JwtToken=''eyJhbGciOiJIUzI1NiIsInR5cCI6IkpXVCJ9.eyJ1bmlxdWVfbmFtZSI6ImFkbWluLDEsMSwxIiwibmJmIjoxNzgzMzQxMDk1LCJleHAiOjE3ODMzNjk4OTUsImlhdCI6MTc4MzM0MTA5NX0.rwNKfVX7bznzeAGTphuhnEFpb2Dtvzgyg3vCg5fSBow'''
 ,1
 ,1
[System: 192.168.1.54] DEBUG | 07/06/2026 18:03:03.956 | General Service|:: CompanyIndex:1 SpName: spADM_GetCostCenterListViewData 
 307
 ,'a.Name ,a.ParentID,CC1.Name as GroupName  ,a.Code , a.ccAlpha1 ,a.lft'
 ,''
 ,' LEFT JOIN COM_CC50041 CC1  WITH(NOLOCK)  on  CC1.NodeID=a.ParentID'
 ,'a.lft'
 ,''
 ,0
 ,False
 ,''
 ,''
 ,''
 ,''
 ,''
 ,0
 ,False
 ,''
 ,'1'
 ,'1'
 ,1
[System: 192.168.1.54] DEBUG | 07/06/2026 18:03:03.972 | General Service|:: CompanyIndex:1 SpName: spADM_GetDataSet 
 'select * from COM_TokenHistory WITH(NOLOCK) where JwtToken=''eyJhbGciOiJIUzI1NiIsInR5cCI6IkpXVCJ9.eyJ1bmlxdWVfbmFtZSI6ImFkbWluLDEsMSwxIiwibmJmIjoxNzgzMzQxMDk1LCJleHAiOjE3ODMzNjk4OTUsImlhdCI6MTc4MzM0MTA5NX0.rwNKfVX7bznzeAGTphuhnEFpb2Dtvzgyg3vCg5fSBow'''
 ,1
 ,1
[System: 192.168.1.54] DEBUG | 07/06/2026 18:03:03.987 | General Service|:: CompanyIndex:1 SpName: spADM_GetCostCenterListViewDataByIDs 
 50041
 ,1
 ,'4,3,1'
 ,'1'
 ,1
[System: 192.168.1.54] DEBUG | 07/06/2026 18:03:03.987 | General Service|:: CompanyIndex:1 SpName: spADM_GetDataSet 
 'select * from COM_TokenHistory WITH(NOLOCK) where JwtToken=''eyJhbGciOiJIUzI1NiIsInR5cCI6IkpXVCJ9.eyJ1bmlxdWVfbmFtZSI6ImFkbWluLDEsMSwxIiwibmJmIjoxNzgzMzQxMDk1LCJleHAiOjE3ODMzNjk4OTUsImlhdCI6MTc4MzM0MTA5NX0.rwNKfVX7bznzeAGTphuhnEFpb2Dtvzgyg3vCg5fSBow'''
 ,1
 ,1
[System: 192.168.1.54] DEBUG | 07/06/2026 18:03:05.316 | General Service|:: CompanyIndex:1 SpName: spACC_GetPaymentTermDetails 
 576
 ,0
 ,'1'
 ,1
[System: 192.168.1.54] DEBUG | 07/06/2026 18:03:05.316 | General Service|:: CompanyIndex:1 SpName: spADM_GetDataSet 
 'select * from COM_TokenHistory WITH(NOLOCK) where JwtToken=''eyJhbGciOiJIUzI1NiIsInR5cCI6IkpXVCJ9.eyJ1bmlxdWVfbmFtZSI6ImFkbWluLDEsMSwxIiwibmJmIjoxNzgzMzQxMDk1LCJleHAiOjE3ODMzNjk4OTUsImlhdCI6MTc4MzM0MTA5NX0.rwNKfVX7bznzeAGTphuhnEFpb2Dtvzgyg3vCg5fSBow'''
 ,1
 ,1
[System: 192.168.1.54] DEBUG | 07/06/2026 18:03:39.458 | General Service|:: CompanyIndex:1 SpName: spADM_GetDataSet 
 'declare @UserID int,@RoleID int,@UserName NVARCHAR(100),@where nvarchar(max),@query nvarchar(max)
set @UserID=1
set @RoleID=1-- Employee:-1
SELECT @UserName=UserName From ADM_Users WITH(NOLOCK) WHERE UserID=@UserID
exec [fnGet_GetAssignedDims] @UserID,@RoleID,@where output
 create table #TblUsrWF(WID int,LevelID int,Type int,CtWef float,LvWef int)
EXEC spRPT_GetReportData @Type=8,@Param1=@UserID,@strXML=null,@RoleID=@RoleID set @query=''  SELECT DT.CostCenterID,DT.DocumentName,DT.DocumentType,DT.IsInventory,count(*) CNT
FROM (
 SELECT INV.CostCenterID
FROM INV_DocDetails INV with(nolock)''
if(@where<>'''')
	set @query=@query+'' join com_docccdata d with(nolock) on INV.INVDocDetailsid=d.INVDocDetailsid''	

set @query=@query+'' ,#TblUsrWF WF
WHERE WF.WID=INV.WorkflowID and (WF.LevelID>INV.WorkFlowLevel or (WF.LevelID+1=INV.WorkFlowLevel and INV.StatusID=372)) and (INV.StatusID=371 or INV.StatusID=372 or INV.StatusID=441) AND (WF.Type=1 or (INV.WorkFlowLevel+1=WF.LevelID and INV.StatusID!=372) or (WF.LevelID+1=INV.WorkFlowLevel and INV.StatusID=372) or (WF.CtWef is not null and INV.WorkFlowLevel>=WF.LvWef
and INV.CreatedDate+WF.CtWef<=convert(float,getdate())))  ''+@where+''
GROUP BY INV.CostCenterID,INV.VoucherNo
UNION ALL
SELECT ACC.CostCenterID
FROM ACC_DocDetails ACC with(nolock)''
if(@where<>'''')
	set @query=@query+'' join com_docccdata d with(nolock) on ACC.ACCDocDetailsid=d.ACCDocDetailsid''	

set @query=@query+'',#TblUsrWF WF
WHERE ACC.LinkedAccDocDetailsID is null and ACC.InvDocDetailsID is null and WF.WID=ACC.WorkflowID and (WF.LevelID>ACC.WorkFlowLevel or (WF.LevelID+1=ACC.WorkFlowLevel and ACC.StatusID=372)) and (ACC.StatusID=371 or ACC.StatusID=372 or ACC.StatusID=441) AND (WF.Type=1 or (ACC.WorkFlowLevel+1=WF.LevelID and ACC.StatusID!=372) or (WF.LevelID+1=ACC.WorkFlowLevel and ACC.StatusID=372) or (WF.CtWef is not null and ACC.WorkFlowLevel>=WF.LvWef
and ACC.CreatedDate+WF.CtWef<=convert(float,getdate())))   ''+@where+''
GROUP BY ACC.CostCenterID,ACC.VoucherNo  ) AS T
JOIN ADM_DocumentTypes DT with(nolock) ON T.CostCenterID=DT.CostCenterID
GROUP BY DT.CostCenterID,DT.DocumentName,DT.DocumentType,DT.IsInventory  
UNION ALL
SELECT DT.FeatureID CostCenterID,DT.Name DocumentName,-DT.FeatureID DocumentType,0 IsInventory,count(*) CNT
FROM (
SELECT INV.CostCenterID FROM REN_Contract INV WITH(NOLOCK),#TblUsrWF WF
WHERE  WF.WID=INV.WorkflowID and WF.LevelID>INV.WorkFlowLevel and (INV.StatusID=440 or INV.StatusID=470 or INV.StatusID=466) AND (WF.Type=1 or (INV.WorkFlowLevel+1=WF.LevelID and INV.StatusID!=470)  or (WF.CtWef is not null and INV.WorkFlowLevel>=WF.LvWef
 and INV.CreatedDate+WF.CtWef<=convert(float,getdate()))) AND INV.RefContractID=0 ) AS T
JOIN ADM_Features DT with(nolock) ON T.CostCenterID=DT.FeatureID
GROUP BY DT.FeatureID,DT.Name 
ORDER BY DocumentName''
exec(@query)

DROP TABLE #TblUsrWF
'
 ,1
 ,1
[System: 192.168.1.54] DEBUG | 07/06/2026 18:03:39.458 | General Service|:: CompanyIndex:1 SpName: spADM_GetDataSet 
 'select * from COM_TokenHistory WITH(NOLOCK) where JwtToken=''eyJhbGciOiJIUzI1NiIsInR5cCI6IkpXVCJ9.eyJ1bmlxdWVfbmFtZSI6ImFkbWluLDEsMSwxIiwibmJmIjoxNzgzMzQxMDk1LCJleHAiOjE3ODMzNjk4OTUsImlhdCI6MTc4MzM0MTA5NX0.rwNKfVX7bznzeAGTphuhnEFpb2Dtvzgyg3vCg5fSBow'''
 ,1
 ,1
[System: 192.168.1.54] DEBUG | 07/06/2026 18:03:51.515 | General Service|:: CompanyIndex:1 SpName: spDOC_GetQtyAdjustmentDetails 
 '0'
 ,'1'
 ,1
[System: 192.168.1.54] DEBUG | 07/06/2026 18:03:51.515 | General Service|:: CompanyIndex:1 SpName: spADM_GetDataSet 
 'select * from COM_TokenHistory WITH(NOLOCK) where JwtToken=''eyJhbGciOiJIUzI1NiIsInR5cCI6IkpXVCJ9.eyJ1bmlxdWVfbmFtZSI6ImFkbWluLDEsMSwxIiwibmJmIjoxNzgzMzQxMDk1LCJleHAiOjE3ODMzNjk4OTUsImlhdCI6MTc4MzM0MTA5NX0.rwNKfVX7bznzeAGTphuhnEFpb2Dtvzgyg3vCg5fSBow'''
 ,1
 ,1
[System: 192.168.1.54] DEBUG | 07/06/2026 18:03:51.531 | General Service|:: CompanyIndex:1 SpName: spADM_GetDataSet 
 'SELECT SysColumnName,UserColumnName from ADM_CostCenterDef WITH(NOLOCK) WHERE CostCenterID=50041'
 ,1
 ,1
[System: 192.168.1.54] DEBUG | 07/06/2026 18:03:51.531 | General Service|:: CompanyIndex:1 SpName: spADM_GetDataSet 
 'select * from COM_TokenHistory WITH(NOLOCK) where JwtToken=''eyJhbGciOiJIUzI1NiIsInR5cCI6IkpXVCJ9.eyJ1bmlxdWVfbmFtZSI6ImFkbWluLDEsMSwxIiwibmJmIjoxNzgzMzQxMDk1LCJleHAiOjE3ODMzNjk4OTUsImlhdCI6MTc4MzM0MTA5NX0.rwNKfVX7bznzeAGTphuhnEFpb2Dtvzgyg3vCg5fSBow'''
 ,1
 ,1
[System: 192.168.1.54] DEBUG | 07/06/2026 18:03:51.594 | General Service|:: CompanyIndex:1 SpName: spADM_GetCostCenterListViewData 
 307
 ,'a.Name ,a.ParentID,CC1.Name as GroupName  ,a.Code , a.ccAlpha1 ,a.lft'
 ,''
 ,' LEFT JOIN COM_CC50041 CC1  WITH(NOLOCK)  on  CC1.NodeID=a.ParentID'
 ,'a.lft'
 ,''
 ,0
 ,False
 ,''
 ,''
 ,''
 ,''
 ,''
 ,0
 ,False
 ,''
 ,'1'
 ,'1'
 ,1
[System: 192.168.1.54] DEBUG | 07/06/2026 18:03:51.609 | General Service|:: CompanyIndex:1 SpName: spADM_GetDataSet 
 'select * from COM_TokenHistory WITH(NOLOCK) where JwtToken=''eyJhbGciOiJIUzI1NiIsInR5cCI6IkpXVCJ9.eyJ1bmlxdWVfbmFtZSI6ImFkbWluLDEsMSwxIiwibmJmIjoxNzgzMzQxMDk1LCJleHAiOjE3ODMzNjk4OTUsImlhdCI6MTc4MzM0MTA5NX0.rwNKfVX7bznzeAGTphuhnEFpb2Dtvzgyg3vCg5fSBow'''
 ,1
 ,1
[System: 192.168.1.54] DEBUG | 07/06/2026 18:03:53.209 | General Service|:: CompanyIndex:1 SpName: spACC_GetPaymentTermDetails 
 576
 ,0
 ,'1'
 ,1
[System: 192.168.1.54] DEBUG | 07/06/2026 18:03:53.209 | General Service|:: CompanyIndex:1 SpName: spADM_GetDataSet 
 'select * from COM_TokenHistory WITH(NOLOCK) where JwtToken=''eyJhbGciOiJIUzI1NiIsInR5cCI6IkpXVCJ9.eyJ1bmlxdWVfbmFtZSI6ImFkbWluLDEsMSwxIiwibmJmIjoxNzgzMzQxMDk1LCJleHAiOjE3ODMzNjk4OTUsImlhdCI6MTc4MzM0MTA5NX0.rwNKfVX7bznzeAGTphuhnEFpb2Dtvzgyg3vCg5fSBow'''
 ,1
 ,1
[System: 192.168.1.54] DEBUG | 07/06/2026 18:04:21.670 | General Service|:: CompanyIndex:1 SpName: spDOC_GetQtyAdjustmentDetails 
 '0'
 ,'1'
 ,1
[System: 192.168.1.54] DEBUG | 07/06/2026 18:04:21.670 | General Service|:: CompanyIndex:1 SpName: spADM_GetDataSet 
 'select * from COM_TokenHistory WITH(NOLOCK) where JwtToken=''eyJhbGciOiJIUzI1NiIsInR5cCI6IkpXVCJ9.eyJ1bmlxdWVfbmFtZSI6ImFkbWluLDEsMSwxIiwibmJmIjoxNzgzMzQxMDk1LCJleHAiOjE3ODMzNjk4OTUsImlhdCI6MTc4MzM0MTA5NX0.rwNKfVX7bznzeAGTphuhnEFpb2Dtvzgyg3vCg5fSBow'''
 ,1
 ,1
[System: 192.168.1.54] DEBUG | 07/06/2026 18:04:21.682 | General Service|:: CompanyIndex:1 SpName: spADM_GetDataSet 
 'SELECT SysColumnName,UserColumnName from ADM_CostCenterDef WITH(NOLOCK) WHERE CostCenterID=50041'
 ,1
 ,1
[System: 192.168.1.54] DEBUG | 07/06/2026 18:04:21.682 | General Service|:: CompanyIndex:1 SpName: spADM_GetDataSet 
 'select * from COM_TokenHistory WITH(NOLOCK) where JwtToken=''eyJhbGciOiJIUzI1NiIsInR5cCI6IkpXVCJ9.eyJ1bmlxdWVfbmFtZSI6ImFkbWluLDEsMSwxIiwibmJmIjoxNzgzMzQxMDk1LCJleHAiOjE3ODMzNjk4OTUsImlhdCI6MTc4MzM0MTA5NX0.rwNKfVX7bznzeAGTphuhnEFpb2Dtvzgyg3vCg5fSBow'''
 ,1
 ,1
[System: 192.168.1.54] DEBUG | 07/06/2026 18:04:21.761 | General Service|:: CompanyIndex:1 SpName: spADM_GetCostCenterListViewData 
 307
 ,'a.Name ,a.ParentID,CC1.Name as GroupName  ,a.Code , a.ccAlpha1 ,a.lft'
 ,''
 ,' LEFT JOIN COM_CC50041 CC1  WITH(NOLOCK)  on  CC1.NodeID=a.ParentID'
 ,'a.lft'
 ,''
 ,0
 ,False
 ,''
 ,''
 ,''
 ,''
 ,''
 ,0
 ,False
 ,''
 ,'1'
 ,'1'
 ,1
[System: 192.168.1.54] DEBUG | 07/06/2026 18:04:21.761 | General Service|:: CompanyIndex:1 SpName: spADM_GetDataSet 
 'select * from COM_TokenHistory WITH(NOLOCK) where JwtToken=''eyJhbGciOiJIUzI1NiIsInR5cCI6IkpXVCJ9.eyJ1bmlxdWVfbmFtZSI6ImFkbWluLDEsMSwxIiwibmJmIjoxNzgzMzQxMDk1LCJleHAiOjE3ODMzNjk4OTUsImlhdCI6MTc4MzM0MTA5NX0.rwNKfVX7bznzeAGTphuhnEFpb2Dtvzgyg3vCg5fSBow'''
 ,1
 ,1
[System: 192.168.1.54] DEBUG | 07/06/2026 18:04:23.251 | General Service|:: CompanyIndex:1 SpName: spACC_GetPaymentTermDetails 
 576
 ,0
 ,'1'
 ,1
[System: 192.168.1.54] DEBUG | 07/06/2026 18:04:23.251 | General Service|:: CompanyIndex:1 SpName: spADM_GetDataSet 
 'select * from COM_TokenHistory WITH(NOLOCK) where JwtToken=''eyJhbGciOiJIUzI1NiIsInR5cCI6IkpXVCJ9.eyJ1bmlxdWVfbmFtZSI6ImFkbWluLDEsMSwxIiwibmJmIjoxNzgzMzQxMDk1LCJleHAiOjE3ODMzNjk4OTUsImlhdCI6MTc4MzM0MTA5NX0.rwNKfVX7bznzeAGTphuhnEFpb2Dtvzgyg3vCg5fSBow'''
 ,1
 ,1
[System: 192.168.1.54] DEBUG | 07/06/2026 18:04:24.460 | General Service|:: CompanyIndex:1 SpName: spDOC_SetTempBulkInvDoc 
 40009
 ,33606
 ,''
 ,'1003'
 ,'22/Dec/2023'
 ,'20/Dec/2022'
 ,''
 ,'<AccXML></AccXML>'
 ,'<DocXML><Transactions DocSeqNo="1"  DocDetailsID="256915" LinkedInvDocDetailsID="245515" LinkedFieldName="Quantity" Rate="0" IsScheme="" ProductID="3291" Quantity="1.00" Unit="1" UOMConversion="1" UOMConvertedQty="1" Gross="0" LineNarration="" RefNO="SED-L179~1" LinkedFieldValue="1.00"  IsQtyIgnored="1" AverageRate="0" StockValue="0" Net="0.000" StockValueFC="0" CurrencyID="1" ExchangeRate="1"  LockDims=" and (c.ccnid2 =1 or c.ccnid2=0)" ActDocDate="04/Dec/2025"  DebitAccount="576"  CreditAccount="3460"  ></Transactions><Transactions DocSeqNo="2"  DocDetailsID="256916" LinkedInvDocDetailsID="245661" LinkedFieldName="Quantity" Rate="0" IsScheme="" ProductID="6484" Quantity="1.00" Unit="1" UOMConversion="1" UOMConvertedQty="1" Gross="0" LineNarration="" RefNO="SED-L179~1" LinkedFieldValue="1.00"  IsQtyIgnored="1" AverageRate="0" StockValue="0" Net="0.000" StockValueFC="0" CurrencyID="1" ExchangeRate="1"  LockDims=" and (c.ccnid2 =1 or c.ccnid2=0)" ActDocDate="04/Dec/2025"  DebitAccount="576"  CreditAccount="3460"  ></Transactions><Transactions DocSeqNo="3"  DocDetailsID="256917" LinkedInvDocDetailsID="245662" LinkedFieldName="Quantity" Rate="0" IsScheme="" ProductID="6360" Quantity="1.00" Unit="1" UOMConversion="1" UOMConvertedQty="1" Gross="0" LineNarration="" RefNO="SED-L179~1" LinkedFieldValue="1.00"  IsQtyIgnored="1" AverageRate="0" StockValue="0" Net="0.000" StockValueFC="0" CurrencyID="1" ExchangeRate="1"  LockDims=" and (c.ccnid2 =1 or c.ccnid2=0)" ActDocDate="04/Dec/2025"  DebitAccount="576"  CreditAccount="3460"  ></Transactions><Transactions DocSeqNo="4"  DocDetailsID="256918" LinkedInvDocDetailsID="245663" LinkedFieldName="Quantity" Rate="0" IsScheme="" ProductID="6361" Quantity="1.00" Unit="1" UOMConversion="1" UOMConvertedQty="1" Gross="0" LineNarration="" RefNO="SED-L179~1" LinkedFieldValue="1.00"  IsQtyIgnored="1" AverageRate="0" StockValue="0" Net="0.000" StockValueFC="0" CurrencyID="1" ExchangeRate="1"  LockDims=" and (c.ccnid2 =1 or c.ccnid2=0)" ActDocDate="04/Dec/2025"  DebitAccount="576"  CreditAccount="3460"  ></Transactions><Transactions DocSeqNo="5"  DocDetailsID="256919" LinkedInvDocDetailsID="245664" LinkedFieldName="Quantity" Rate="0" IsScheme="" ProductID="6362" Quantity="1.00" Unit="1" UOMConversion="1" UOMConvertedQty="1" Gross="0" LineNarration="" RefNO="SED-L179~1" LinkedFieldValue="1.00"  IsQtyIgnored="1" AverageRate="0" StockValue="0" Net="0.000" StockValueFC="0" CurrencyID="1" ExchangeRate="1"  LockDims=" and (c.ccnid2 =1 or c.ccnid2=0)" ActDocDate="04/Dec/2025"  DebitAccount="576"  CreditAccount="3460"  ></Transactions></DocXML>'
 ,'<NumXML><Numeric DocSeqNo="1"  DocDetailsID="256915" dcNum4="0.000" dcCalcNum4="0" dcNum1="100.000" dcCalcNum1="100" dcNum2="0.000" dcCalcNum2="0" dcNum3="10.000" dcCalcNum3="10" dcNum51="110.000" dcCalcNum51="110" dcNum52="0.000" dcCalcNum52="0" dcNum53="0.000" dcCalcNum53="0" dcNum54="0.000" dcCalcNum54="0" dcNum55="0.000" dcCalcNum55="0" dcNum56="0.000" dcCalcNum56="0" dcNum57="0.000" dcCalcNum57="0" dcNum58="0.000" dcCalcNum58="0" dcNum59="0.000" dcCalcNum59="0" dcNum60="0.000" dcCalcNum60="0" dcNum61="0.000" dcCalcNum61="0" dcNum62="0.000" dcCalcNum62="0" dcNum63="110.000" dcCalcNum63="110" dcNum64="0.000" dcCalcNum64="0" dcNum65="0.000" dcCalcNum65="0" dcNum66="0.000" dcCalcNum66="0" dcNum67="0.000" dcCalcNum67="0" dcNum68="0.000" dcCalcNum68="0" dcNum69="0.000" dcCalcNum69="0" dcNum70="0.000" dcCalcNum70="0" dcNum5="0.000" dcCalcNum5="0" dcNum71="0.000" dcCalcNum71="0" dcNum11="1.000" dcCalcNum11="1"  ></Numeric><Numeric DocSeqNo="2"  DocDetailsID="256916" dcNum4="0.000" dcCalcNum4="0" dcNum1="200.000" dcCalcNum1="200" dcNum2="0.000" dcCalcNum2="0" dcNum3="11.000" dcCalcNum3="11" dcNum51="212.000" dcCalcNum51="212" dcNum52="0.000" dcCalcNum52="0" dcNum53="0.000" dcCalcNum53="0" dcNum54="0.000" dcCalcNum54="0" dcNum55="0.000" dcCalcNum55="0" dcNum56="0.000" dcCalcNum56="0" dcNum57="0.000" dcCalcNum57="0" dcNum58="0.000" dcCalcNum58="0" dcNum59="0.000" dcCalcNum59="0" dcNum60="0.000" dcCalcNum60="0" dcNum61="0.000" dcCalcNum61="0" dcNum62="0.000" dcCalcNum62="0" dcNum63="212.000" dcCalcNum63="212" dcNum64="0.000" dcCalcNum64="0" dcNum65="0.000" dcCalcNum65="0" dcNum66="0.000" dcCalcNum66="0" dcNum67="0.000" dcCalcNum67="0" dcNum68="0.000" dcCalcNum68="0" dcNum69="0.000" dcCalcNum69="0" dcNum70="0.000" dcCalcNum70="0" dcNum5="0.000" dcCalcNum5="0" dcNum71="0.000" dcCalcNum71="0" dcNum11="1.000" dcCalcNum11="1"  ></Numeric><Numeric DocSeqNo="3"  DocDetailsID="256917" dcNum4="0.000" dcCalcNum4="0" dcNum1="300.000" dcCalcNum1="300" dcNum2="0.000" dcCalcNum2="0" dcNum3="12.000" dcCalcNum3="12" dcNum51="312.000" dcCalcNum51="312" dcNum52="0.000" dcCalcNum52="0" dcNum53="0.000" dcCalcNum53="0" dcNum54="0.000" dcCalcNum54="0" dcNum55="0.000" dcCalcNum55="0" dcNum56="0.000" dcCalcNum56="0" dcNum57="0.000" dcCalcNum57="0" dcNum58="0.000" dcCalcNum58="0" dcNum59="0.000" dcCalcNum59="0" dcNum60="0.000" dcCalcNum60="0" dcNum61="0.000" dcCalcNum61="0" dcNum62="0.000" dcCalcNum62="0" dcNum63="312.000" dcCalcNum63="312" dcNum64="0.000" dcCalcNum64="0" dcNum65="0.000" dcCalcNum65="0" dcNum66="0.000" dcCalcNum66="0" dcNum67="0.000" dcCalcNum67="0" dcNum68="0.000" dcCalcNum68="0" dcNum69="0.000" dcCalcNum69="0" dcNum70="0.000" dcCalcNum70="0" dcNum5="0.000" dcCalcNum5="0" dcNum71="0.000" dcCalcNum71="0" dcNum11="1.000" dcCalcNum11="1"  ></Numeric><Numeric DocSeqNo="4"  DocDetailsID="256918" dcNum4="0.000" dcCalcNum4="0" dcNum1="400.000" dcCalcNum1="400" dcNum2="0.000" dcCalcNum2="0" dcNum3="13.000" dcCalcNum3="13" dcNum51="414.000" dcCalcNum51="414" dcNum52="0.000" dcCalcNum52="0" dcNum53="0.000" dcCalcNum53="0" dcNum54="0.000" dcCalcNum54="0" dcNum55="0.000" dcCalcNum55="0" dcNum56="0.000" dcCalcNum56="0" dcNum57="0.000" dcCalcNum57="0" dcNum58="0.000" dcCalcNum58="0" dcNum59="0.000" dcCalcNum59="0" dcNum60="0.000" dcCalcNum60="0" dcNum61="0.000" dcCalcNum61="0" dcNum62="0.000" dcCalcNum62="0" dcNum63="414.000" dcCalcNum63="414" dcNum64="0.000" dcCalcNum64="0" dcNum65="0.000" dcCalcNum65="0" dcNum66="0.000" dcCalcNum66="0" dcNum67="0.000" dcCalcNum67="0" dcNum68="0.000" dcCalcNum68="0" dcNum69="0.000" dcCalcNum69="0" dcNum70="0.000" dcCalcNum70="0" dcNum5="0.000" dcCalcNum5="0" dcNum71="0.000" dcCalcNum71="0" dcNum11="1.000" dcCalcNum11="1"  ></Numeric><Numeric DocSeqNo="5"  DocDetailsID="256919" dcNum4="0.000" dcCalcNum4="0" dcNum1="500.000" dcCalcNum1="500" dcNum2="0.000" dcCalcNum2="0" dcNum3="14.000" dcCalcNum3="14" dcNum51="514.000" dcCalcNum51="514" dcNum52="0.000" dcCalcNum52="0" dcNum53="0.000" dcCalcNum53="0" dcNum54="0.000" dcCalcNum54="0" dcNum55="0.000" dcCalcNum55="0" dcNum56="0.000" dcCalcNum56="0" dcNum57="0.000" dcCalcNum57="0" dcNum58="0.000" dcCalcNum58="0" dcNum59="0.000" dcCalcNum59="0" dcNum60="0.000" dcCalcNum60="0" dcNum61="0.000" dcCalcNum61="0" dcNum62="0.000" dcCalcNum62="0" dcNum63="514.000" dcCalcNum63="514" dcNum64="0.000" dcCalcNum64="0" dcNum65="0.000" dcCalcNum65="0" dcNum66="0.000" dcCalcNum66="0" dcNum67="0.000" dcCalcNum67="0" dcNum68="0.000" dcCalcNum68="0" dcNum69="0.000" dcCalcNum69="0" dcNum70="0.000" dcCalcNum70="0" dcNum5="0.000" dcCalcNum5="0" dcNum71="0.000" dcCalcNum71="0" dcNum11="1.000" dcCalcNum11="1"  ></Numeric></NumXML>'
 ,'<TextXML><Alpha DocSeqNo="1"  DocDetailsID="256915" dcAlpha139="" dcAlpha140="" dcAlpha152="Goods" dcAlpha153="Exclusive" dcAlpha2="" dcAlpha10="" dcAlpha22="1" dcAlpha23="23/Dec/2023" dcAlpha24="1" dcAlpha131="Regular" dcAlpha132="OE" dcAlpha135="N" dcAlpha141="EXCLUSIVE" dcAlpha151="230" dcAlpha1="99" dcAlpha15="1" dcAlpha16="22/Dec/2023" dcAlpha17="1"  ></Alpha><Alpha DocSeqNo="2"  DocDetailsID="256916" dcAlpha139="" dcAlpha140="" dcAlpha152="Goods" dcAlpha153="Exclusive" dcAlpha2="" dcAlpha10="" dcAlpha22="1" dcAlpha23="23/Dec/2023" dcAlpha24="1" dcAlpha131="Regular" dcAlpha132="OE" dcAlpha135="N" dcAlpha141="EXCLUSIVE" dcAlpha151="230" dcAlpha1="99" dcAlpha15="1" dcAlpha16="22/Dec/2023" dcAlpha17="1"  ></Alpha><Alpha DocSeqNo="3"  DocDetailsID="256917" dcAlpha139="" dcAlpha140="" dcAlpha152="Goods" dcAlpha153="Exclusive" dcAlpha2="" dcAlpha10="" dcAlpha22="1" dcAlpha23="23/Dec/2023" dcAlpha24="1" dcAlpha131="Regular" dcAlpha132="OE" dcAlpha135="N" dcAlpha141="EXCLUSIVE" dcAlpha151="230" dcAlpha1="99" dcAlpha15="1" dcAlpha16="22/Dec/2023" dcAlpha17="1"  ></Alpha><Alpha DocSeqNo="4"  DocDetailsID="256918" dcAlpha139="" dcAlpha140="" dcAlpha152="Goods" dcAlpha153="Exclusive" dcAlpha2="" dcAlpha10="" dcAlpha22="1" dcAlpha23="23/Dec/2023" dcAlpha24="1" dcAlpha131="Regular" dcAlpha132="OE" dcAlpha135="N" dcAlpha141="EXCLUSIVE" dcAlpha151="230" dcAlpha1="99" dcAlpha15="1" dcAlpha16="22/Dec/2023" dcAlpha17="1"  ></Alpha><Alpha DocSeqNo="5"  DocDetailsID="256919" dcAlpha139="" dcAlpha140="" dcAlpha152="Goods" dcAlpha153="Exclusive" dcAlpha2="" dcAlpha10="" dcAlpha22="1" dcAlpha23="23/Dec/2023" dcAlpha24="1" dcAlpha131="Regular" dcAlpha132="OE" dcAlpha135="N" dcAlpha141="EXCLUSIVE" dcAlpha151="230" dcAlpha1="99" dcAlpha15="1" dcAlpha16="22/Dec/2023" dcAlpha17="1"  ></Alpha></TextXML>'
 ,'<CCXML><CostCenters DocSeqNo="1"  DocDetailsID="256915" dcCCNID67="1" dcCCNID65="1" dcCCNID71="1" dcCCNID60="1" dcCCNID2="1" dcCCNID1="1" dcCCNID63="1" dcCCNID64="1" dcCCNID58="1" dcCCNID59="1" dcCCNID62="1" dcCCNID61="14" dcCCNID3="257" dcCCNID5="156" dcCCNID7="1"  ></CostCenters><CostCenters DocSeqNo="2"  DocDetailsID="256916" dcCCNID67="1" dcCCNID65="1" dcCCNID71="1" dcCCNID60="1" dcCCNID2="1" dcCCNID1="1" dcCCNID63="1" dcCCNID64="1" dcCCNID58="1" dcCCNID59="1" dcCCNID62="1" dcCCNID61="14" dcCCNID3="257" dcCCNID5="156" dcCCNID7="1"  ></CostCenters><CostCenters DocSeqNo="3"  DocDetailsID="256917" dcCCNID67="1" dcCCNID65="1" dcCCNID71="1" dcCCNID60="1" dcCCNID2="1" dcCCNID1="1" dcCCNID63="1" dcCCNID64="1" dcCCNID58="1" dcCCNID59="1" dcCCNID62="1" dcCCNID61="14" dcCCNID3="257" dcCCNID5="156" dcCCNID7="1"  ></CostCenters><CostCenters DocSeqNo="4"  DocDetailsID="256918" dcCCNID67="1" dcCCNID65="1" dcCCNID71="1" dcCCNID60="1" dcCCNID2="1" dcCCNID1="1" dcCCNID63="1" dcCCNID64="1" dcCCNID58="1" dcCCNID59="1" dcCCNID62="1" dcCCNID61="14" dcCCNID3="257" dcCCNID5="156" dcCCNID7="1"  ></CostCenters><CostCenters DocSeqNo="5"  DocDetailsID="256919" dcCCNID67="1" dcCCNID65="1" dcCCNID71="1" dcCCNID60="1" dcCCNID2="1" dcCCNID1="1" dcCCNID63="1" dcCCNID64="1" dcCCNID58="1" dcCCNID59="1" dcCCNID62="1" dcCCNID61="14" dcCCNID3="257" dcCCNID5="156" dcCCNID7="1"  ></CostCenters></CCXML>'
 ,'<EXTRAXML></EXTRAXML>'
 ,'<DocExtraXML></DocExtraXML>'
 ,''
 ,''
 ,'<AttachmentsXML><Row Action="MODIFYText" AttachmentID="3656" AllowInPrint="0" IsDownload="0" LocationID="0" DivisionID="0" IsSign="0"  FolderPath="Default"/><Row Action="MODIFYText" AttachmentID="3517" AllowInPrint="0" IsDownload="0" LocationID="0" DivisionID="0" IsSign="0"  FolderPath="Default"/><Row Action="MODIFYText" AttachmentID="3513" AllowInPrint="0" IsDownload="0" LocationID="0" DivisionID="0" IsSign="0"  FolderPath="Default"/><Row Action="MODIFYText" AttachmentID="3512" AllowInPrint="0" IsDownload="0" LocationID="0" DivisionID="0" IsSign="0"  FolderPath="Default"/><Row Action="MODIFYText" AttachmentID="3511" AllowInPrint="0" IsDownload="0" LocationID="0" DivisionID="0" Remarks="poiu" IsSign="0"  FolderPath="Default"/><Row Action="MODIFYText" AttachmentID="3510" AllowInPrint="0" IsDownload="0" LocationID="0" DivisionID="0" Remarks="qwerty" IsSign="0"  FolderPath="Default"/><Row Action="MODIFYText" AttachmentID="3509" AllowInPrint="0" IsDownload="0" LocationID="0" DivisionID="0" Remarks="qwerty" IsSign="0"  FolderPath="Default"/><Detxml  Remarks="1" Type="1"></Detxml></AttachmentsXML>'
 ,'<XML    SysInfo="/Web" AP="/Web"  Guid="" CCGuid="5ACEF89D-EBB8-471C-9423-CB2C9A8E7728" FinancialSartDate="1/Apr/2023" FinancialEndDate="31/Mar/2024" DetailIds="256915~256916~256917~256918~256919" NumCols="dcNum1,dcCalcNum1,dcNum2,dcCalcNum2,dcNum3,dcCalcNum3,dcNum4,dcCalcNum4,dcNum5,dcCalcNum5,dcNum71,dcCalcNum71,dcNum11,dcCalcNum11,dcNum62,dcCalcNum62,dcNum63,dcCalcNum63,dcNum64,dcCalcNum64,dcNum65,dcCalcNum65,dcNum66,dcCalcNum66,dcNum67,dcCalcNum67,dcNum68,dcCalcNum68,dcNum69,dcCalcNum69,dcNum70,dcCalcNum70,dcNum51,dcCalcNum51,dcNum52,dcCalcNum52,dcNum53,dcCalcNum53,dcNum54,dcCalcNum54,dcNum55,dcCalcNum55,dcNum56,dcCalcNum56,dcNum57,dcCalcNum57,dcNum58,dcCalcNum58,dcNum59,dcCalcNum59,dcNum60,dcCalcNum60,dcNum61,dcCalcNum61,"  TextCols="dcAlpha10,dcAlpha2,dcAlpha5,dcAlpha22,dcAlpha23,dcAlpha24,dcAlpha152,dcAlpha153,dcAlpha139,dcAlpha140,dcAlpha131,dcAlpha1,dcAlpha132,dcAlpha133,dcAlpha25,dcAlpha3,dcAlpha151,dcAlpha6,dcAlpha134,dcAlpha135,dcAlpha11,dcAlpha12,dcAlpha141,dcAlpha13,dcAlpha15,dcAlpha137,dcAlpha138,dcAlpha16,dcAlpha17,dcAlpha18,dcAlpha19,"  CCCols="dcCCNID1,dcCCNID2,dcCCNID60,dcCCNID65,dcCCNID67,dcCCNID71,dcCCNID63,dcCCNID58,dcCCNID3,dcCCNID5,dcCCNID59,dcCCNID64,dcCCNID7,dcCCNID62,dcCCNID61,"  NumSelCols="X.value(''@dcNum1'',''Float''),X.value(''@dcCalcNum1'',''Float''),X.value(''@dcNum2'',''Float''),X.value(''@dcCalcNum2'',''Float''),X.value(''@dcNum3'',''Float''),X.value(''@dcCalcNum3'',''Float''),X.value(''@dcNum4'',''Float''),X.value(''@dcCalcNum4'',''Float''),X.value(''@dcNum5'',''Float''),X.value(''@dcCalcNum5'',''Float''),X.value(''@dcNum71'',''Float''),X.value(''@dcCalcNum71'',''Float''),X.value(''@dcNum11'',''Float''),X.value(''@dcCalcNum11'',''Float''),X.value(''@dcNum62'',''Float''),X.value(''@dcCalcNum62'',''Float''),X.value(''@dcNum63'',''Float''),X.value(''@dcCalcNum63'',''Float''),X.value(''@dcNum64'',''Float''),X.value(''@dcCalcNum64'',''Float''),X.value(''@dcNum65'',''Float''),X.value(''@dcCalcNum65'',''Float''),X.value(''@dcNum66'',''Float''),X.value(''@dcCalcNum66'',''Float''),X.value(''@dcNum67'',''Float''),X.value(''@dcCalcNum67'',''Float''),X.value(''@dcNum68'',''Float''),X.value(''@dcCalcNum68'',''Float''),X.value(''@dcNum69'',''Float''),X.value(''@dcCalcNum69'',''Float''),X.value(''@dcNum70'',''Float''),X.value(''@dcCalcNum70'',''Float''),X.value(''@dcNum51'',''Float''),X.value(''@dcCalcNum51'',''Float''),X.value(''@dcNum52'',''Float''),X.value(''@dcCalcNum52'',''Float''),X.value(''@dcNum53'',''Float''),X.value(''@dcCalcNum53'',''Float''),X.value(''@dcNum54'',''Float''),X.value(''@dcCalcNum54'',''Float''),X.value(''@dcNum55'',''Float''),X.value(''@dcCalcNum55'',''Float''),X.value(''@dcNum56'',''Float''),X.value(''@dcCalcNum56'',''Float''),X.value(''@dcNum57'',''Float''),X.value(''@dcCalcNum57'',''Float''),X.value(''@dcNum58'',''Float''),X.value(''@dcCalcNum58'',''Float''),X.value(''@dcNum59'',''Float''),X.value(''@dcCalcNum59'',''Float''),X.value(''@dcNum60'',''Float''),X.value(''@dcCalcNum60'',''Float''),X.value(''@dcNum61'',''Float''),X.value(''@dcCalcNum61'',''Float''),"  TextSelCols="X.value(''@dcAlpha10'',''Nvarchar(max)''),X.value(''@dcAlpha2'',''Nvarchar(max)''),X.value(''@dcAlpha5'',''Nvarchar(max)''),X.value(''@dcAlpha22'',''Nvarchar(max)''),X.value(''@dcAlpha23'',''Nvarchar(max)''),X.value(''@dcAlpha24'',''Nvarchar(max)''),X.value(''@dcAlpha152'',''Nvarchar(max)''),X.value(''@dcAlpha153'',''Nvarchar(max)''),X.value(''@dcAlpha139'',''Nvarchar(max)''),X.value(''@dcAlpha140'',''Nvarchar(max)''),X.value(''@dcAlpha131'',''Nvarchar(max)''),X.value(''@dcAlpha1'',''Nvarchar(max)''),X.value(''@dcAlpha132'',''Nvarchar(max)''),X.value(''@dcAlpha133'',''Nvarchar(max)''),X.value(''@dcAlpha25'',''Nvarchar(max)''),X.value(''@dcAlpha3'',''Nvarchar(max)''),X.value(''@dcAlpha151'',''Nvarchar(max)''),X.value(''@dcAlpha6'',''Nvarchar(max)''),X.value(''@dcAlpha134'',''Nvarchar(max)''),X.value(''@dcAlpha135'',''Nvarchar(max)''),X.value(''@dcAlpha11'',''Nvarchar(max)''),X.value(''@dcAlpha12'',''Nvarchar(max)''),X.value(''@dcAlpha141'',''Nvarchar(max)''),X.value(''@dcAlpha13'',''Nvarchar(max)''),X.value(''@dcAlpha15'',''Nvarchar(max)''),X.value(''@dcAlpha137'',''Nvarchar(max)''),X.value(''@dcAlpha138'',''Nvarchar(max)''),X.value(''@dcAlpha16'',''Nvarchar(max)''),X.value(''@dcAlpha17'',''Nvarchar(max)''),X.value(''@dcAlpha18'',''Nvarchar(max)''),X.value(''@dcAlpha19'',''Nvarchar(max)''),"  CCSelCols="isnull(X.value(''@dcCCNID1'',''BIGINT''),1),isnull(X.value(''@dcCCNID2'',''BIGINT''),1),isnull(X.value(''@dcCCNID60'',''BIGINT''),1),isnull(X.value(''@dcCCNID65'',''BIGINT''),1),isnull(X.value(''@dcCCNID67'',''BIGINT''),1),isnull(X.value(''@dcCCNID71'',''BIGINT''),1),isnull(X.value(''@dcCCNID63'',''BIGINT''),1),isnull(X.value(''@dcCCNID58'',''BIGINT''),1),isnull(X.value(''@dcCCNID3'',''BIGINT''),1),isnull(X.value(''@dcCCNID5'',''BIGINT''),1),isnull(X.value(''@dcCCNID59'',''BIGINT''),1),isnull(X.value(''@dcCCNID64'',''BIGINT''),1),isnull(X.value(''@dcCCNID7'',''BIGINT''),1),isnull(X.value(''@dcCCNID62'',''BIGINT''),1),isnull(X.value(''@dcCCNID61'',''BIGINT''),1),"  NumUpdateCols="dcNum1=X.value(''@dcNum1'',''Float''),dcCalcNum1=X.value(''@dcCalcNum1'',''Float''),dcNum2=X.value(''@dcNum2'',''Float''),dcCalcNum2=X.value(''@dcCalcNum2'',''Float''),dcNum3=X.value(''@dcNum3'',''Float''),dcCalcNum3=X.value(''@dcCalcNum3'',''Float''),dcNum4=X.value(''@dcNum4'',''Float''),dcCalcNum4=X.value(''@dcCalcNum4'',''Float''),dcNum5=X.value(''@dcNum5'',''Float''),dcCalcNum5=X.value(''@dcCalcNum5'',''Float''),dcNum71=X.value(''@dcNum71'',''Float''),dcCalcNum71=X.value(''@dcCalcNum71'',''Float''),dcNum11=X.value(''@dcNum11'',''Float''),dcCalcNum11=X.value(''@dcCalcNum11'',''Float''),dcNum62=X.value(''@dcNum62'',''Float''),dcCalcNum62=X.value(''@dcCalcNum62'',''Float''),dcNum63=X.value(''@dcNum63'',''Float''),dcCalcNum63=X.value(''@dcCalcNum63'',''Float''),dcNum64=X.value(''@dcNum64'',''Float''),dcCalcNum64=X.value(''@dcCalcNum64'',''Float''),dcNum65=X.value(''@dcNum65'',''Float''),dcCalcNum65=X.value(''@dcCalcNum65'',''Float''),dcNum66=X.value(''@dcNum66'',''Float''),dcCalcNum66=X.value(''@dcCalcNum66'',''Float''),dcNum67=X.value(''@dcNum67'',''Float''),dcCalcNum67=X.value(''@dcCalcNum67'',''Float''),dcNum68=X.value(''@dcNum68'',''Float''),dcCalcNum68=X.value(''@dcCalcNum68'',''Float''),dcNum69=X.value(''@dcNum69'',''Float''),dcCalcNum69=X.value(''@dcCalcNum69'',''Float''),dcNum70=X.value(''@dcNum70'',''Float''),dcCalcNum70=X.value(''@dcCalcNum70'',''Float''),dcNum51=X.value(''@dcNum51'',''Float''),dcCalcNum51=X.value(''@dcCalcNum51'',''Float''),dcNum52=X.value(''@dcNum52'',''Float''),dcCalcNum52=X.value(''@dcCalcNum52'',''Float''),dcNum53=X.value(''@dcNum53'',''Float''),dcCalcNum53=X.value(''@dcCalcNum53'',''Float''),dcNum54=X.value(''@dcNum54'',''Float''),dcCalcNum54=X.value(''@dcCalcNum54'',''Float''),dcNum55=X.value(''@dcNum55'',''Float''),dcCalcNum55=X.value(''@dcCalcNum55'',''Float''),dcNum56=X.value(''@dcNum56'',''Float''),dcCalcNum56=X.value(''@dcCalcNum56'',''Float''),dcNum57=X.value(''@dcNum57'',''Float''),dcCalcNum57=X.value(''@dcCalcNum57'',''Float''),dcNum58=X.value(''@dcNum58'',''Float''),dcCalcNum58=X.value(''@dcCalcNum58'',''Float''),dcNum59=X.value(''@dcNum59'',''Float''),dcCalcNum59=X.value(''@dcCalcNum59'',''Float''),dcNum60=X.value(''@dcNum60'',''Float''),dcCalcNum60=X.value(''@dcCalcNum60'',''Float''),dcNum61=X.value(''@dcNum61'',''Float''),dcCalcNum61=X.value(''@dcCalcNum61'',''Float''),"  TextUpdateCols="dcAlpha10=X.value(''@dcAlpha10'',''Nvarchar(max)''),dcAlpha2=X.value(''@dcAlpha2'',''Nvarchar(max)''),dcAlpha5=X.value(''@dcAlpha5'',''Nvarchar(max)''),dcAlpha22=X.value(''@dcAlpha22'',''Nvarchar(max)''),dcAlpha23=X.value(''@dcAlpha23'',''Nvarchar(max)''),dcAlpha24=X.value(''@dcAlpha24'',''Nvarchar(max)''),dcAlpha152=X.value(''@dcAlpha152'',''Nvarchar(max)''),dcAlpha153=X.value(''@dcAlpha153'',''Nvarchar(max)''),dcAlpha139=X.value(''@dcAlpha139'',''Nvarchar(max)''),dcAlpha140=X.value(''@dcAlpha140'',''Nvarchar(max)''),dcAlpha131=X.value(''@dcAlpha131'',''Nvarchar(max)''),dcAlpha1=X.value(''@dcAlpha1'',''Nvarchar(max)''),dcAlpha132=X.value(''@dcAlpha132'',''Nvarchar(max)''),dcAlpha133=X.value(''@dcAlpha133'',''Nvarchar(max)''),dcAlpha25=X.value(''@dcAlpha25'',''Nvarchar(max)''),dcAlpha3=X.value(''@dcAlpha3'',''Nvarchar(max)''),dcAlpha151=X.value(''@dcAlpha151'',''Nvarchar(max)''),dcAlpha6=X.value(''@dcAlpha6'',''Nvarchar(max)''),dcAlpha134=X.value(''@dcAlpha134'',''Nvarchar(max)''),dcAlpha135=X.value(''@dcAlpha135'',''Nvarchar(max)''),dcAlpha11=X.value(''@dcAlpha11'',''Nvarchar(max)''),dcAlpha12=X.value(''@dcAlpha12'',''Nvarchar(max)''),dcAlpha141=X.value(''@dcAlpha141'',''Nvarchar(max)''),dcAlpha13=X.value(''@dcAlpha13'',''Nvarchar(max)''),dcAlpha15=X.value(''@dcAlpha15'',''Nvarchar(max)''),dcAlpha137=X.value(''@dcAlpha137'',''Nvarchar(max)''),dcAlpha138=X.value(''@dcAlpha138'',''Nvarchar(max)''),dcAlpha16=X.value(''@dcAlpha16'',''Nvarchar(max)''),dcAlpha17=X.value(''@dcAlpha17'',''Nvarchar(max)''),dcAlpha18=X.value(''@dcAlpha18'',''Nvarchar(max)''),dcAlpha19=X.value(''@dcAlpha19'',''Nvarchar(max)''),"  CCUpdateCols="dcCCNID1=isnull(X.value(''@dcCCNID1'',''BIGINT''),1),dcCCNID2=isnull(X.value(''@dcCCNID2'',''BIGINT''),1),dcCCNID60=isnull(X.value(''@dcCCNID60'',''BIGINT''),1),dcCCNID65=isnull(X.value(''@dcCCNID65'',''BIGINT''),1),dcCCNID67=isnull(X.value(''@dcCCNID67'',''BIGINT''),1),dcCCNID71=isnull(X.value(''@dcCCNID71'',''BIGINT''),1),dcCCNID63=isnull(X.value(''@dcCCNID63'',''BIGINT''),1),dcCCNID58=isnull(X.value(''@dcCCNID58'',''BIGINT''),1),dcCCNID3=isnull(X.value(''@dcCCNID3'',''BIGINT''),1),dcCCNID5=isnull(X.value(''@dcCCNID5'',''BIGINT''),1),dcCCNID59=isnull(X.value(''@dcCCNID59'',''BIGINT''),1),dcCCNID64=isnull(X.value(''@dcCCNID64'',''BIGINT''),1),dcCCNID7=isnull(X.value(''@dcCCNID7'',''BIGINT''),1),dcCCNID62=isnull(X.value(''@dcCCNID62'',''BIGINT''),1),dcCCNID61=isnull(X.value(''@dcCCNID61'',''BIGINT''),1),"  ><ScheduleActivityXml></ScheduleActivityXml><QtyAdjustments><Row Fld2="111" Fld10="d111-1-2" Fld1="4" Fld1_Key="SerComp2" Fld12="2" Fld13="ssdsfd@fdgsfd%hgfg&amp;amp;dfg" Islinked="1"  /><Row Fld2="222" Fld10="d222-2-2" Fld1="3" Fld1_Key="SerComp1" Fld12="1" Islinked="1"  /><Row Fld2="333" Fld10="d333-3-2" Fld1="1" Fld1_Key="Service Component" Fld12="Service Component" Islinked="1"  /></QtyAdjustments></XML>'
 ,'<ProjectPlanXML></ProjectPlanXML>'
 ,'false'
 ,0
 ,0
 ,0
 ,'1'
 ,''
 ,0
 ,0
 ,'3e1c70e0-7845-4eb0-97fc-5e1c5df7c30e'
 ,'admin'
 ,'1'
 ,1
 ,False
 message=Saved  as   QTN-1003/3 [Posted]
[System: 192.168.1.54] DEBUG | 07/06/2026 18:04:24.460 | General Service|:: CompanyIndex:1 SpName: spADM_GetDataSet 
 'select * from COM_TokenHistory WITH(NOLOCK) where JwtToken=''eyJhbGciOiJIUzI1NiIsInR5cCI6IkpXVCJ9.eyJ1bmlxdWVfbmFtZSI6ImFkbWluLDEsMSwxIiwibmJmIjoxNzgzMzQxMDk1LCJleHAiOjE3ODMzNjk4OTUsImlhdCI6MTc4MzM0MTA5NX0.rwNKfVX7bznzeAGTphuhnEFpb2Dtvzgyg3vCg5fSBow'''
 ,1
 ,1
[System: 192.168.1.54] DEBUG | 07/06/2026 18:04:25.125 | General Service|:: CompanyIndex:1 SpName: spADM_GetPrintLayouts 
 1
 ,40009
 ,0
 ,0
 ,'1'
 ,'1'
 ,33606
 ,1
[System: 192.168.1.54] DEBUG | 07/06/2026 18:04:25.140 | General Service|:: CompanyIndex:1 SpName: spADM_GetDataSet 
 'select * from COM_TokenHistory WITH(NOLOCK) where JwtToken=''eyJhbGciOiJIUzI1NiIsInR5cCI6IkpXVCJ9.eyJ1bmlxdWVfbmFtZSI6ImFkbWluLDEsMSwxIiwibmJmIjoxNzgzMzQxMDk1LCJleHAiOjE3ODMzNjk4OTUsImlhdCI6MTc4MzM0MTA5NX0.rwNKfVX7bznzeAGTphuhnEFpb2Dtvzgyg3vCg5fSBow'''
 ,1
 ,1
[System: 192.168.1.54] DEBUG | 07/06/2026 18:04:25.156 | General Service|:: CompanyIndex:1 SpName: spDOC_GetCurrentCodeNumber 
 40009
 ,''
 ,1
 ,1
[System: 192.168.1.54] DEBUG | 07/06/2026 18:04:25.156 | General Service|:: CompanyIndex:1 SpName: spADM_GetDataSet 
 'select * from COM_TokenHistory WITH(NOLOCK) where JwtToken=''eyJhbGciOiJIUzI1NiIsInR5cCI6IkpXVCJ9.eyJ1bmlxdWVfbmFtZSI6ImFkbWluLDEsMSwxIiwibmJmIjoxNzgzMzQxMDk1LCJleHAiOjE3ODMzNjk4OTUsImlhdCI6MTc4MzM0MTA5NX0.rwNKfVX7bznzeAGTphuhnEFpb2Dtvzgyg3vCg5fSBow'''
 ,1
 ,1
[System: 192.168.1.54] DEBUG | 07/06/2026 18:04:27.982 | General Service|:: CompanyIndex:0 SpName: spADM_GetClientUserDetails2C 
 'admin'
 ,1
[System: 192.168.1.54] DEBUG | 07/06/2026 18:04:28.013 | General Service|:: CompanyIndex:1 SpName: spADM_GetClientUserDetails 
 'admin'
 ,1
 ,'28.3.9'
[System: 192.168.1.54] DEBUG | 07/06/2026 18:04:28.060 | General Service|:: CompanyIndex:1 SpName: spADM_GetGlobalPreferences 
 1
 ,1
[System: 192.168.1.54] DEBUG | 07/06/2026 18:04:28.075 | General Service|:: CompanyIndex:1 SpName: spADM_GetPrintLayout 
 40009
 ,0
 ,500222
 ,1
 ,1
 ,1
[System: 192.168.1.54] DEBUG | 07/06/2026 18:04:28.310 | General Service|:: CompanyIndex:1 SpName: spADM_GetPrintLayouts 
 1
 ,40009
 ,0
 ,0
 ,1
 ,1
 ,33606
 ,1
[System: 192.168.1.54] DEBUG | 07/06/2026 18:04:28.395 | General Service|:: CompanyIndex:1 SpName: spADM_GetPrintLayouts 
 2
 ,40009
 ,0
 ,'500222'
 ,1
 ,1
 ,1
[System: 192.168.1.54] DEBUG | 07/06/2026 18:04:29.507 | General Service|:: CompanyIndex:1 SpName: spDOC_GetVPTDocumentsData 
 40009
 ,33606
 ,NULL
 ,'SELECT P.ProductCode [C4],P.Description [C5] FROM INV_DocDetails LEFT JOIN COM_DocCCData with(nolock) ON D.InvDocDetailsID=COM_DocCCData.InvDocDetailsID LEFT JOIN INV_Product AS P with(nolock) ON P.ProductID=INV_DocDetails.ProductID'
 ,0
 ,0
 ,0
 ,True
 ,-1
 ,''
 ,1
 ,'admin'
 ,1
[System: 192.168.1.54] DEBUG | 07/06/2026 18:04:34.614 | General Service|:: CompanyIndex:1 SpName: spADM_GetDataSet 
 'select * from COM_TokenHistory WITH(NOLOCK) where JwtToken=''eyJhbGciOiJIUzI1NiIsInR5cCI6IkpXVCJ9.eyJ1bmlxdWVfbmFtZSI6ImFkbWluLDEsMSwxIiwibmJmIjoxNzgzMzQxMDk1LCJleHAiOjE3ODMzNjk4OTUsImlhdCI6MTc4MzM0MTA5NX0.rwNKfVX7bznzeAGTphuhnEFpb2Dtvzgyg3vCg5fSBow'''
 ,1
 ,1
[System: 192.168.1.54] DEBUG | 07/06/2026 18:04:34.630 | General Service|:: CompanyIndex:1 SpName: spDOC_GetVPTPrintCopies 
 5
 ,40009
 ,0
 ,500222
 ,2
 ,'3e1c70e0-7845-4eb0-97fc-5e1c5df7c30e'
 ,'admin'
 ,1
[System: 192.168.1.54] DEBUG | 07/06/2026 18:04:34.630 | General Service|:: CompanyIndex:1 SpName: spADM_GetDataSet 
 'select * from COM_TokenHistory WITH(NOLOCK) where JwtToken=''eyJhbGciOiJIUzI1NiIsInR5cCI6IkpXVCJ9.eyJ1bmlxdWVfbmFtZSI6ImFkbWluLDEsMSwxIiwibmJmIjoxNzgzMzQxMDk1LCJleHAiOjE3ODMzNjk4OTUsImlhdCI6MTc4MzM0MTA5NX0.rwNKfVX7bznzeAGTphuhnEFpb2Dtvzgyg3vCg5fSBow'''
 ,1
 ,1
[System: 192.168.1.54] DEBUG | 07/06/2026 18:04:38.660 | General Service|:: CompanyIndex:1 SpName: spADM_GetDataSet 
 'select * from COM_TokenHistory WITH(NOLOCK) where JwtToken=''eyJhbGciOiJIUzI1NiIsInR5cCI6IkpXVCJ9.eyJ1bmlxdWVfbmFtZSI6ImFkbWluLDEsMSwxIiwibmJmIjoxNzgzMzQxMDk1LCJleHAiOjE3ODMzNjk4OTUsImlhdCI6MTc4MzM0MTA5NX0.rwNKfVX7bznzeAGTphuhnEFpb2Dtvzgyg3vCg5fSBow'''
 ,1
 ,1
[System: 192.168.1.54] DEBUG | 07/06/2026 18:04:39.472 | General Service|:: CompanyIndex:1 SpName: spADM_GetDataSet 
 'declare @UserID int,@RoleID int,@UserName NVARCHAR(100),@where nvarchar(max),@query nvarchar(max)
set @UserID=1
set @RoleID=1-- Employee:-1
SELECT @UserName=UserName From ADM_Users WITH(NOLOCK) WHERE UserID=@UserID
exec [fnGet_GetAssignedDims] @UserID,@RoleID,@where output
 create table #TblUsrWF(WID int,LevelID int,Type int,CtWef float,LvWef int)
EXEC spRPT_GetReportData @Type=8,@Param1=@UserID,@strXML=null,@RoleID=@RoleID set @query=''  SELECT DT.CostCenterID,DT.DocumentName,DT.DocumentType,DT.IsInventory,count(*) CNT
FROM (
 SELECT INV.CostCenterID
FROM INV_DocDetails INV with(nolock)''
if(@where<>'''')
	set @query=@query+'' join com_docccdata d with(nolock) on INV.INVDocDetailsid=d.INVDocDetailsid''	

set @query=@query+'' ,#TblUsrWF WF
WHERE WF.WID=INV.WorkflowID and (WF.LevelID>INV.WorkFlowLevel or (WF.LevelID+1=INV.WorkFlowLevel and INV.StatusID=372)) and (INV.StatusID=371 or INV.StatusID=372 or INV.StatusID=441) AND (WF.Type=1 or (INV.WorkFlowLevel+1=WF.LevelID and INV.StatusID!=372) or (WF.LevelID+1=INV.WorkFlowLevel and INV.StatusID=372) or (WF.CtWef is not null and INV.WorkFlowLevel>=WF.LvWef
and INV.CreatedDate+WF.CtWef<=convert(float,getdate())))  ''+@where+''
GROUP BY INV.CostCenterID,INV.VoucherNo
UNION ALL
SELECT ACC.CostCenterID
FROM ACC_DocDetails ACC with(nolock)''
if(@where<>'''')
	set @query=@query+'' join com_docccdata d with(nolock) on ACC.ACCDocDetailsid=d.ACCDocDetailsid''	

set @query=@query+'',#TblUsrWF WF
WHERE ACC.LinkedAccDocDetailsID is null and ACC.InvDocDetailsID is null and WF.WID=ACC.WorkflowID and (WF.LevelID>ACC.WorkFlowLevel or (WF.LevelID+1=ACC.WorkFlowLevel and ACC.StatusID=372)) and (ACC.StatusID=371 or ACC.StatusID=372 or ACC.StatusID=441) AND (WF.Type=1 or (ACC.WorkFlowLevel+1=WF.LevelID and ACC.StatusID!=372) or (WF.LevelID+1=ACC.WorkFlowLevel and ACC.StatusID=372) or (WF.CtWef is not null and ACC.WorkFlowLevel>=WF.LvWef
and ACC.CreatedDate+WF.CtWef<=convert(float,getdate())))   ''+@where+''
GROUP BY ACC.CostCenterID,ACC.VoucherNo  ) AS T
JOIN ADM_DocumentTypes DT with(nolock) ON T.CostCenterID=DT.CostCenterID
GROUP BY DT.CostCenterID,DT.DocumentName,DT.DocumentType,DT.IsInventory  
UNION ALL
SELECT DT.FeatureID CostCenterID,DT.Name DocumentName,-DT.FeatureID DocumentType,0 IsInventory,count(*) CNT
FROM (
SELECT INV.CostCenterID FROM REN_Contract INV WITH(NOLOCK),#TblUsrWF WF
WHERE  WF.WID=INV.WorkflowID and WF.LevelID>INV.WorkFlowLevel and (INV.StatusID=440 or INV.StatusID=470 or INV.StatusID=466) AND (WF.Type=1 or (INV.WorkFlowLevel+1=WF.LevelID and INV.StatusID!=470)  or (WF.CtWef is not null and INV.WorkFlowLevel>=WF.LvWef
 and INV.CreatedDate+WF.CtWef<=convert(float,getdate()))) AND INV.RefContractID=0 ) AS T
JOIN ADM_Features DT with(nolock) ON T.CostCenterID=DT.FeatureID
GROUP BY DT.FeatureID,DT.Name 
ORDER BY DocumentName''
exec(@query)

DROP TABLE #TblUsrWF
'
 ,1
 ,1
[System: 192.168.1.54] DEBUG | 07/06/2026 18:04:39.472 | General Service|:: CompanyIndex:1 SpName: spADM_GetDataSet 
 'select * from COM_TokenHistory WITH(NOLOCK) where JwtToken=''eyJhbGciOiJIUzI1NiIsInR5cCI6IkpXVCJ9.eyJ1bmlxdWVfbmFtZSI6ImFkbWluLDEsMSwxIiwibmJmIjoxNzgzMzQxMDk1LCJleHAiOjE3ODMzNjk4OTUsImlhdCI6MTc4MzM0MTA5NX0.rwNKfVX7bznzeAGTphuhnEFpb2Dtvzgyg3vCg5fSBow'''
 ,1
 ,1
[System: 192.168.1.54] DEBUG | 07/06/2026 18:04:53.215 | General Service|:: CompanyIndex:1 SpName: spDOC_GetInvDocument 
 40009
 ,''
 ,'1005'
 ,'1'
 ,0
 ,' and (b.dcCCNID2=c.CCNID2 or c.CCNID2=0)'
 ,1
 ,1
 ,'admin'
 ,1
[System: 192.168.1.54] DEBUG | 07/06/2026 18:04:53.219 | General Service|:: CompanyIndex:1 SpName: spADM_GetDataSet 
 'select * from COM_TokenHistory WITH(NOLOCK) where JwtToken=''eyJhbGciOiJIUzI1NiIsInR5cCI6IkpXVCJ9.eyJ1bmlxdWVfbmFtZSI6ImFkbWluLDEsMSwxIiwibmJmIjoxNzgzMzQxMDk1LCJleHAiOjE3ODMzNjk4OTUsImlhdCI6MTc4MzM0MTA5NX0.rwNKfVX7bznzeAGTphuhnEFpb2Dtvzgyg3vCg5fSBow'''
 ,1
 ,1
[System: 192.168.1.54] DEBUG | 07/06/2026 18:04:53.219 | General Service|:: CompanyIndex:1 SpName: spADM_GetDataSet 
 ' select BODocID,MRDocID, VendorID from Com_BiddingDocs with (nolock) where QTDocID =36893 and Status = 1
                    and CONVERT(float, Convert(datetime, ''06/Jul/2026 06:04:53 PM'')) between CONVERT(float,BidStartTime) and CONVERT(float,BidEndTime)'
 ,1
 ,1
[System: 192.168.1.54] DEBUG | 07/06/2026 18:04:53.219 | General Service|:: CompanyIndex:1 SpName: spADM_GetDataSet 
 'select * from COM_TokenHistory WITH(NOLOCK) where JwtToken=''eyJhbGciOiJIUzI1NiIsInR5cCI6IkpXVCJ9.eyJ1bmlxdWVfbmFtZSI6ImFkbWluLDEsMSwxIiwibmJmIjoxNzgzMzQxMDk1LCJleHAiOjE3ODMzNjk4OTUsImlhdCI6MTc4MzM0MTA5NX0.rwNKfVX7bznzeAGTphuhnEFpb2Dtvzgyg3vCg5fSBow'''
 ,1
 ,1
[System: 192.168.1.54] DEBUG | 07/06/2026 18:04:53.234 | General Service|:: CompanyIndex:1 SpName: spADM_GetDataSet 
 '
select NodeID PK,Code Code,Name Name from COM_Salesman WITH(NOLOCK) where NodeID=157'
 ,1
 ,1
[System: 192.168.1.54] DEBUG | 07/06/2026 18:04:53.234 | General Service|:: CompanyIndex:1 SpName: spADM_GetDataSet 
 'select * from COM_TokenHistory WITH(NOLOCK) where JwtToken=''eyJhbGciOiJIUzI1NiIsInR5cCI6IkpXVCJ9.eyJ1bmlxdWVfbmFtZSI6ImFkbWluLDEsMSwxIiwibmJmIjoxNzgzMzQxMDk1LCJleHAiOjE3ODMzNjk4OTUsImlhdCI6MTc4MzM0MTA5NX0.rwNKfVX7bznzeAGTphuhnEFpb2Dtvzgyg3vCg5fSBow'''
 ,1
 ,1
[System: 192.168.1.54] DEBUG | 07/06/2026 18:04:53.250 | General Service|:: CompanyIndex:1 SpName: spADM_GetDataSet 
 ' SELECT H.HistoryID,H.HistoryCCID CCID,H.HistoryNodeID,convert(datetime,FromDate) FromDate,convert(datetime,ToDate) ToDate,H.Remarks
                                    from COM_HistoryDetails H with(nolock) 
                                    where H.CostCenterID=40009 and H.NodeID=36893 and H.HistoryCCID>50000
                                    order by FromDate,H.HistoryID'
 ,1
 ,1
[System: 192.168.1.54] DEBUG | 07/06/2026 18:04:53.250 | General Service|:: CompanyIndex:1 SpName: spADM_GetDataSet 
 'select * from COM_TokenHistory WITH(NOLOCK) where JwtToken=''eyJhbGciOiJIUzI1NiIsInR5cCI6IkpXVCJ9.eyJ1bmlxdWVfbmFtZSI6ImFkbWluLDEsMSwxIiwibmJmIjoxNzgzMzQxMDk1LCJleHAiOjE3ODMzNjk4OTUsImlhdCI6MTc4MzM0MTA5NX0.rwNKfVX7bznzeAGTphuhnEFpb2Dtvzgyg3vCg5fSBow'''
 ,1
 ,1
[System: 192.168.1.54] DEBUG | 07/06/2026 18:04:53.266 | General Service|:: CompanyIndex:1 SpName: spADM_GetListViewDataByIDs 
 '<XML><Row CCID="2"  TypeID="10"  DBColumnID="4233"  NodeID="5038" /><Row CCID="2"  TypeID="100"  DBColumnID="4233"  NodeID="5038" /><Row CCID="2"  TypeID="10"  DBColumnID="7073"  NodeID="3460" /><Row CCID="2"  TypeID="100"  DBColumnID="7073"  NodeID="3460" /><Row CCID="50063"  TypeID="1"  DBColumnID="7709"  NodeID="1" /><Row CCID="50064"  TypeID="1"  DBColumnID="7783"  NodeID="1" /><Row CCID="50058"  TypeID="1"  DBColumnID="7125"  NodeID="1" /><Row CCID="50059"  TypeID="1"  DBColumnID="7194"  NodeID="1" /><Row CCID="50062"  TypeID="1"  DBColumnID="7401"  NodeID="1" /><Row CCID="50061"  TypeID="11"  DBColumnID="7332"  NodeID="14" /><Row CCID="50003"  TypeID="1"  DBColumnID="5305"  NodeID="162" /><Row CCID="50007"  TypeID="1"  DBColumnID="5309"  NodeID="1" /><Row CCID="50058"  TypeID="1"  DBColumnID="640225"  NodeID="230" /><Row CCID="50067"  TypeID="1"  DBColumnID="8005"  NodeID="1" /><Row CCID="50065"  TypeID="1"  DBColumnID="7857"  NodeID="1026" /><Row CCID="50071"  TypeID="1"  DBColumnID="721137"  NodeID="1" /><Row CCID="50060"  TypeID="1"  DBColumnID="7263"  NodeID="3" /><Row CCID="50002"  TypeID="1"  DBColumnID="5304"  NodeID="1" /><Row CCID="50001"  TypeID="4"  DBColumnID="5303"  NodeID="1" /></XML>'
 ,1
 ,1
[System: 192.168.1.54] DEBUG | 07/06/2026 18:04:53.266 | General Service|:: CompanyIndex:1 SpName: spADM_GetDataSet 
 'select * from COM_TokenHistory WITH(NOLOCK) where JwtToken=''eyJhbGciOiJIUzI1NiIsInR5cCI6IkpXVCJ9.eyJ1bmlxdWVfbmFtZSI6ImFkbWluLDEsMSwxIiwibmJmIjoxNzgzMzQxMDk1LCJleHAiOjE3ODMzNjk4OTUsImlhdCI6MTc4MzM0MTA5NX0.rwNKfVX7bznzeAGTphuhnEFpb2Dtvzgyg3vCg5fSBow'''
 ,1
 ,1
[System: 192.168.1.54] DEBUG | 07/06/2026 18:04:53.312 | General Service|:: CompanyIndex:1 SpName: spDOC_GetDocumentHistory 
 40009
 ,36893
 ,'1'
 ,'1'
 ,'admin'
 ,1
[System: 192.168.1.54] DEBUG | 07/06/2026 18:04:53.312 | General Service|:: CompanyIndex:1 SpName: spADM_GetDataSet 
 'select * from COM_TokenHistory WITH(NOLOCK) where JwtToken=''eyJhbGciOiJIUzI1NiIsInR5cCI6IkpXVCJ9.eyJ1bmlxdWVfbmFtZSI6ImFkbWluLDEsMSwxIiwibmJmIjoxNzgzMzQxMDk1LCJleHAiOjE3ODMzNjk4OTUsImlhdCI6MTc4MzM0MTA5NX0.rwNKfVX7bznzeAGTphuhnEFpb2Dtvzgyg3vCg5fSBow'''
 ,1
 ,1
[System: 192.168.1.54] DEBUG | 07/06/2026 18:05:05.685 | General Service|:: CompanyIndex:1 SpName: spADM_GetDataSet 
 '  DECLARE @Sql nvarchar(max),@DType bigint,@Day FLOAT,@getregis bit
 DECLARE @RegNodeID BIGINT,@ShiftID BIGINT,@tableName nvarchar(200),@CostCenterID int =40994 ,@UserID int =1
 declare @i int, @cnt int,@Value nvarchar(50),@shiftTabName nvarchar(100),@isDayClose bit,@isUserClose int,@isShiftClose bit,@Reg int,@DimensionList nvarchar(max)

set @getregis=0
    SELECT @DType=DocumentType FROM  ADM_DocumentTypes  WITH(NOLOCK)  where CostCenterID=@CostCenterID   

	if(@DType=38 or @DType=39 or @DType=50)
		set @getregis=1
	
	if(@DType=18 and exists(Select PrefValue from COM_DocumentPreferences WITH(NOLOCK) 
	where CostCenterID=@CostCenterID and PrefName=''UseasPosReciept'' and prefvalue=''true''))
		set @getregis=1
		
	if(@getregis=1)
	BEGIN
		set @Reg=0
		Select @Reg=Value from ADM_GlobalPreferences WITH(NOLOCK)    
		where Name=''Registers''
		and Value is not null and ISNUMERIC(Value)=1
		if(@Reg>50000)
		BEGIN
			select @tableName=TableName from ADM_Features WITH(NOLOCK)
			where FeatureID=@Reg
			set @RegNodeID=0
			print @tableName
			print @Reg
			--set @@Sql=''SELECT @RegNodeID=NOdeID from ''+@tableName+'' WITH(NOLOCK) where AliasName=''''''+@Lic+''''''''			
			--exec sp_executesql @Sql,N''@RegNodeID BIGINT OUTPUT'' ,@RegNodeID OUTPUT
			
			--if(@RegNodeID=0)
			--BEGIN
			--	declare @ind int
			--	set @ind=Charindex(''~'',@Lic,0)
			--	set @Lic=Substring(@Lic,0,@ind) 
 
			--	set @Sql=''SELECT @RegNodeID=NOdeID from ''+@tableName+'' WITH(NOLOCK) where AliasName=''''''+@Lic+''''''''			
			--	exec sp_executesql @Sql,N''@RegNodeID BIGINT OUTPUT'' ,@RegNodeID OUTPUT
			--END
			
			set @Sql=''''
			select @Sql=Value from ADM_GlobalPreferences with(nolock) where Name =''Dimension List''
   	
			declare  @TblList TABLE (Dimensions int)    
			INSERT INTO @TblList    
			exec spsplitstring @Sql,'','' 
			
			If ((select Count(*) from COM_CostCenterCostCenterMap WITH(NOLOCK)
				where ParentCostCenterID=7 and ParentNodeID=@UserID and CostCenterID=@Reg) > 1)
				Begin
				 select * ,''Multiple'' as IsMultiple from COM_CostCenterCostCenterMap WITH(NOLOCK)
				 where ParentCostCenterID=7 and ParentNodeID=@UserID and CostCenterID=@Reg
				 return 
				End
           Else
		   select @RegNodeID=NodeID from COM_CostCenterCostCenterMap WITH(NOLOCK)
					where ParentCostCenterID=7 and ParentNodeID=@UserID and CostCenterID=@Reg
					
			print @RegNodeID
		
			if(@UserID<>1 and EXISTS(SELECT Dimensions FROM @TblList WHERE Dimensions=@Reg))
			BEGIN
				if not exists(select * from COM_CostCenterCostCenterMap WITH(NOLOCK)
					where ParentCostCenterID=7 and ParentNodeID=@UserID and CostCenterID=@Reg)
					set @RegNodeID=0
			END
			
			
			if(@RegNodeID>0)
			BEGIN
				declare @StartTime time,@EndTime time--,@PosSessionID bigint
				
				--select @PosSessionID=POSLoginHistoryID,@Day=[Day] from POS_loginHistory WITH(NOLOCK) 
				--where RegisterNodeID=@RegNodeID
				--order by POSLoginHistoryID
				
				--if(@Day is not null and @Day < Floor(convert(float,getdate())))
				--begin
				--	if not exists (select DocNo from com_docid with(nolock) where PosSessionID= @PosSessionID)
				--	begin
				--		update POS_loginHistory set [IsDayClose]=1,isShiftClose=1,IsUserClose=1 where POSLoginHistoryID=@PosSessionID
				--	end
				--end
				
				select @Day=[Day],@isDayClose=[IsDayClose],@isShiftClose=isShiftClose,@ShiftID=ShiftNodeID,@isUserClose=IsUserClose
				from POS_loginHistory WITH(NOLOCK) 
				where RegisterNodeID=@RegNodeID
				order by POSLoginHistoryID
				
			    if(@Day is null)
					set @Day=Floor(convert(float,getdate()))
				else if (@isDayClose=1)
				begin
					
					if exists (Select PrefValue from COM_DocumentPreferences WITH(NOLOCK)    
					where CostCenterID=@CostCenterID and PrefName=''LogInasSystemDate'' and PrefValue=''true'')
						set @Day=Floor(convert(float,getdate()))
					else
						set @Day=@Day+1
				end
					
				set @i=0
				Select @i=Value from ADM_GlobalPreferences WITH(NOLOCK)    
				where Name=''PosShifts'' and Value is not null and ISNUMERIC(Value)=1
				
				if((@isShiftClose is null or @isShiftClose=1) and @i>50000)
				begin
					set @ShiftID=0
					select @shiftTabName=TableName from ADM_Features WITH(NOLOCK)
					where FeatureID=@i
				
					set @Sql=''declare @stat int
                       select @stat=statusid from com_status WITH(NOLOCK)
                       where costcenterid=''+convert(nvarchar(max),@i)+'' and status=''''In Active''''
                       
                       SELECT @ShiftID=SH.NodeID,@StartTime=SH.ccalpha49,@EndTime=SH.ccAlpha50 from ''+@shiftTabName+'' SH WITH(NOLOCK)''
					
					if (@UserID<>1 AND EXISTS (SELECT Dimensions FROM @TblList WHERE Dimensions=@i))
					BEGIN
						set @Sql=@Sql+'' JOIN COM_CostCenterCostCenterMap CCM WITH(NOLOCK) ON CCM.ParentCostCenterID=7 AND CCM.ParentNodeID=''+CONVERT(NVARCHAR,@UserID)
						set @Sql=@Sql+'' AND CCM.NodeID=SH.NodeID AND CCM.CostCenterID=''+CONVERT(NVARCHAR,@i)
					END
					
					
					set @Sql=@Sql+'' where ISDATE(SH.ccalpha49)=1 and ISDATE(SH.ccAlpha50)=1 and SH.statusid<>@stat
					and convert(time,getdate()) between CONVERT(time,SH.ccalpha49) and  CONVERT(time,SH.ccAlpha50)''
					
					Select @DimensionList=Value from ADM_GlobalPreferences WITH(NOLOCK) where Name=''UserWiseRegisters'' and Value is not null
					if (@DimensionList is not null AND @DimensionList<>'''' AND CONVERT(INT,@DimensionList) >0 )
					begin
						DECLARE @TEMPSql NVARCHAR(MAX),@ShiftIDS NVARCHAR(MAX)
						SET @TEMPSql=''SELECT @ShiftIDS=STUFF((SELECT DISTINCT '''',''''+CONVERT(NVARCHAR,CCD.dcCCNID''+CONVERT(NVARCHAR,(@i-50000))+'') 
								FROM INV_DocDetails IDD WITH(NOLOCK) 
								JOIN COM_DocCCData CCD WITH(NOLOCK) ON CCD.InvDocDetailsID=IDD.InvDocDetailsID
								WHERE IDD.DocDate=FLOOR(CONVERT(FLOAT,GETDATE())) AND IDD.CostCenterID=''+@DimensionList+'' 
								AND CCD.UserID =''+CONVERT(NVARCHAR,@UserID)+''
								ORDER BY 1 FOR XML PATH ('''''''')),1,1,'''''''')''
						
						exec sp_executesql @TEMPSql,N''@ShiftIDS NVARCHAR(MAX) OUTPUT'',@ShiftIDS OUTPUT		
						
						IF(@ShiftIDS is null OR  @ShiftIDS='''')
							SET @ShiftIDS=''0''
						set @Sql=@Sql+'' AND SH.NodeID IN(''+@ShiftIDS+'')''
					END
							print @Sql
					exec sp_executesql @Sql,N''@ShiftID BIGINT OUTPUT,@StartTime  nvarchar(50) OUTPUT,@EndTime  nvarchar(50) OUTPUT'' ,@ShiftID OUTPUT,@StartTime OUTPUT,@EndTime OUTPUT
				end
				
				if(@ShiftID is null or @i=0)
					set @ShiftID=0
					
				if(@i>50000)
				begin
				    select @shiftTabName=TableName from ADM_Features WITH(NOLOCK)
					where FeatureID=@i
					
					set @Sql=''SELECT @StartTime=convert(time,isnull(ccalpha49,GETDATE())),@EndTime=convert(time,isnull(ccAlpha50,GETDATE())) from ''+@shiftTabName+'' WITH(NOLOCK) 
						where NodeID=''+convert(nvarchar,@ShiftID)	
						print @Sql		
					exec sp_executesql @Sql,N''@StartTime time OUTPUT,@EndTime time OUTPUT'',@StartTime OUTPUT,@EndTime OUTPUT
				end
				
				if @StartTime is null
					set @StartTime=convert(time,getdate())
				if @EndTime is null	
					set @EndTime=convert(time,getdate())
				
				if(@isDayClose=0 and @isShiftClose=0)
					set @Sql=''SELECT a.NOdeID,COde,Name,0 IsShiftStart,r.PaymentModes,''+convert(nvarchar,@ShiftID)+'' ShiftID,convert(datetime,''+CONVERT(nvarchar,@day)+'') Day,RightPanelWidth,ButtonsPanelWidth,RowSize,TouchScreen,''''''+convert(nvarchar,@StartTime)+'''''' StartTime,''''''+convert(nvarchar,@EndTime)+'''''' EndTime,b.*,r.ActionHeight,r.ActionWidth,r.FontSize from ''+@tableName+'' a WITH(NOLOCK) 
					join com_ccccdata b WITH(NOLOCK) on a.NOdeID=b.NOdeID
					left join ADM_RegisterPreferences r WITH(NOLOCK) on  a.NOdeID=r.RegisterID
					where b.costcenterid=''+CONVERT(nvarchar,@Reg)+'' and a.NOdeID=''+convert(nvarchar(max),@RegNodeID)
				ELSE
					set @Sql=''SELECT a.NOdeID,COde,Name,1 IsShiftStart,r.PaymentModes,''+convert(nvarchar,@ShiftID)+'' ShiftID,convert(datetime,''+CONVERT(nvarchar,@day)+'') Day,RightPanelWidth,ButtonsPanelWidth,RowSize,TouchScreen,''''''+convert(nvarchar,@StartTime)+'''''' StartTime,''''''+convert(nvarchar,@EndTime)+'''''' EndTime,b.*,r.ActionHeight,r.ActionWidth,r.FontSize from ''+@tableName+'' a WITH(NOLOCK) 
					join com_ccccdata b WITH(NOLOCK) on a.NOdeID=b.NOdeID 
					left join ADM_RegisterPreferences r WITH(NOLOCK) on  a.NOdeID=r.RegisterID
					where b.costcenterid=''+CONVERT(nvarchar,@Reg)+'' and a.NOdeID=''+convert(nvarchar(max),@RegNodeID)
					print @Sql
				exec(@Sql)
			END
			ELSE
				SELECT 1 WHERE 1<>1						
		END
		ELSE
			SELECT 1 WHERE 1<>1		
	END	


	if (@RegNodeID is null or @RegNodeID=0) and exists(Select PrefValue from COM_DocumentPreferences WITH(NOLOCK)
	where PrefName=''EnableTouch'' and CostCenterID=@CostCenterID and prefvalue=''true'')
	BEGIN	
		set @Reg=0
		Select @Reg=Value from ADM_GlobalPreferences WITH(NOLOCK) where Name=''Registers''
		and Value is not null and ISNUMERIC(Value)=1
		if(@Reg>50000)
		BEGIN
			select @tableName=TableName from ADM_Features WITH(NOLOCK)
			where FeatureID=@Reg
			set @RegNodeID=0
			
			select @RegNodeID=NodeID from COM_CostCenterCostCenterMap WITH(NOLOCK)
					where ParentCostCenterID=7 and ParentNodeID=@UserID and CostCenterID=@Reg
					
			print @RegNodeID
			--set @Sql=''SELECT @RegNodeID=NOdeID from ''+@tableName+'' WITH(NOLOCK) where AliasName=''''''+@Lic+''''''''			
			--exec sp_executesql @Sql,N''@RegNodeID BIGINT OUTPUT'' ,@RegNodeID OUTPUT
		END	
	END	
	
    if(@RegNodeID is not null and @RegNodeID>0)	
    begin
		select a.CCID,a.Filter,a.[Level],a.Map,a.ParentCCID,case when f.Name is null then ''Product'' else f.Name end Name,r.ButtonHeight,r.ButtonWidth,
		isnull((select IsColumnInUse FROM ADM_CostCenterDef with(nolock)
		where costcenterid=(case when a.CCID<0 then 3 else a.CCID end) and  syscolumnname=''ccnid'' + convert(nvarchar,(a.ParentCCID - 50000))),0) ColumnInUse
		,r.ActionHeight,r.ActionWidth,r.FontSize 
		into #RegTouch
		from ADM_POSLevelsProfiles a WITH(NOLOCK)
		left join ADM_Features f WITH(NOLOCK) on a.CCID=f.FeatureID
		join ADM_RegisterPreferences r with(nolock) on a.ProfileID=r.LevelProfile
		where  r.RegisterID=@RegNodeID
		order by Level	
		
		if not exists (select * from #RegTouch where CCID=3 and [Level]=(select max([Level]) from #RegTouch))
			insert into #RegTouch
			select 3,null Filter,1000,0 Map,null ParentCCID,''Product'' Name
			,isnull((select max(ButtonHeight) from ADM_RegisterPreferences with(nolock) where RegisterID=@RegNodeID ),50) ButtonHeight
			,isnull((select max(ButtonWidth) from ADM_RegisterPreferences with(nolock) where RegisterID=@RegNodeID ),50) ButtonWidth,
			isnull((select top 1 IsColumnInUse FROM ADM_CostCenterDef with(nolock)
			where costcenterid=3 and  ColumnCostCenterID=((select CCID from ADM_POSLevelsProfiles a WITH(NOLOCK) where PosLevelsProfileID=(select max(a.PosLevelsProfileID)
			from ADM_POSLevelsProfiles a WITH(NOLOCK)
			join ADM_Features f WITH(NOLOCK) on a.CCID=f.FeatureID
			join ADM_RegisterPreferences r with(nolock) on a.ProfileID=r.LevelProfile
			where  r.RegisterID=@RegNodeID))) order by IsColumnInUse desc),0) ColumnInUse,0 ActionHeight,0 ActionWidth, 11 FontSize
		
		select * from #RegTouch
		order by Level
	end
	else	
		select 1 
  '
 ,1
 ,1
[System: 192.168.1.54] DEBUG | 07/06/2026 18:05:05.685 | General Service|:: CompanyIndex:1 SpName: spADM_GetDataSet 
 'select * from COM_TokenHistory WITH(NOLOCK) where JwtToken=''eyJhbGciOiJIUzI1NiIsInR5cCI6IkpXVCJ9.eyJ1bmlxdWVfbmFtZSI6ImFkbWluLDEsMSwxIiwibmJmIjoxNzgzMzQxMDk1LCJleHAiOjE3ODMzNjk4OTUsImlhdCI6MTc4MzM0MTA5NX0.rwNKfVX7bznzeAGTphuhnEFpb2Dtvzgyg3vCg5fSBow'''
 ,1
 ,1
[System: 192.168.1.54] DEBUG | 07/06/2026 18:05:05.763 | General Service|:: CompanyIndex:1 SpName: spADM_GetCostCenterListViewData 
 NULL
 ,''
 ,''
 ,''
 ,''
 ,''
 ,8
 ,False
 ,''
 ,''
 ,' a.NodeID in ( 20 , 12 , 21 , 25) '
 ,''
 ,''
 ,0
 ,False
 ,''
 ,''
 ,'1'
 ,'1'
 ,1
 message=Missing required parametrer.
[System: 192.168.1.54] INFO | 07/06/2026 18:05:05.763 | OnStartup: Logger Instance Created Successfully
[System: 192.168.1.54] INFO | 07/06/2026 18:05:05.763 | OnStartup: Application Starting...
[System: 192.168.1.54] ERROR | 07/06/2026 18:05:05.763 | General Service|:: CompanyIndex:1 SpName: spADM_GetCostCenterListViewDataParameters :
 NULL
 ,''
 ,''
 ,''
 ,''
 ,''
 ,8
 ,False
 ,''
 ,''
 ,' a.NodeID in ( 20 , 12 , 21 , 25) '
 ,''
 ,''
 ,0
 ,False
 ,''
 ,''
 ,'1'
 ,'1'
 ,1|Missing required parametrer.
[System: 192.168.1.54] DEBUG | 07/06/2026 18:05:05.778 | General Service|:: CompanyIndex:1 SpName: spADM_GetDataSet 
 'select * from COM_TokenHistory WITH(NOLOCK) where JwtToken=''eyJhbGciOiJIUzI1NiIsInR5cCI6IkpXVCJ9.eyJ1bmlxdWVfbmFtZSI6ImFkbWluLDEsMSwxIiwibmJmIjoxNzgzMzQxMDk1LCJleHAiOjE3ODMzNjk4OTUsImlhdCI6MTc4MzM0MTA5NX0.rwNKfVX7bznzeAGTphuhnEFpb2Dtvzgyg3vCg5fSBow'''
 ,1
 ,1
[System: 192.168.1.54] DEBUG | 07/06/2026 18:05:05.857 | General Service|:: CompanyIndex:1 SpName: spADM_GetCostCenterListViewData 
 306
 ,'a.Name,a.Code'
 ,''
 ,''
 ,'Name'
 ,''
 ,8
 ,False
 ,''
 ,''
 ,' a.NodeID in ( 20 , 12 , 21 , 25) '
 ,''
 ,''
 ,0
 ,False
 ,''
 ,''
 ,'1'
 ,'1'
 ,1
[System: 192.168.1.54] DEBUG | 07/06/2026 18:05:05.857 | General Service|:: CompanyIndex:1 SpName: spADM_GetDataSet 
 'select * from COM_TokenHistory WITH(NOLOCK) where JwtToken=''eyJhbGciOiJIUzI1NiIsInR5cCI6IkpXVCJ9.eyJ1bmlxdWVfbmFtZSI6ImFkbWluLDEsMSwxIiwibmJmIjoxNzgzMzQxMDk1LCJleHAiOjE3ODMzNjk4OTUsImlhdCI6MTc4MzM0MTA5NX0.rwNKfVX7bznzeAGTphuhnEFpb2Dtvzgyg3vCg5fSBow'''
 ,1
 ,1
[System: 192.168.1.54] DEBUG | 07/06/2026 18:05:09.642 | General Service|:: CompanyIndex:1 SpName: spADM_GetDataSet 
 '  DECLARE @Sql nvarchar(max),@DType bigint,@Day FLOAT,@getregis bit
 DECLARE @RegNodeID BIGINT,@ShiftID BIGINT,@tableName nvarchar(200),@CostCenterID int =40993 ,@UserID int =1
 declare @i int, @cnt int,@Value nvarchar(50),@shiftTabName nvarchar(100),@isDayClose bit,@isUserClose int,@isShiftClose bit,@Reg int,@DimensionList nvarchar(max)

set @getregis=0
    SELECT @DType=DocumentType FROM  ADM_DocumentTypes  WITH(NOLOCK)  where CostCenterID=@CostCenterID   

	if(@DType=38 or @DType=39 or @DType=50)
		set @getregis=1
	
	if(@DType=18 and exists(Select PrefValue from COM_DocumentPreferences WITH(NOLOCK) 
	where CostCenterID=@CostCenterID and PrefName=''UseasPosReciept'' and prefvalue=''true''))
		set @getregis=1
		
	if(@getregis=1)
	BEGIN
		set @Reg=0
		Select @Reg=Value from ADM_GlobalPreferences WITH(NOLOCK)    
		where Name=''Registers''
		and Value is not null and ISNUMERIC(Value)=1
		if(@Reg>50000)
		BEGIN
			select @tableName=TableName from ADM_Features WITH(NOLOCK)
			where FeatureID=@Reg
			set @RegNodeID=0
			print @tableName
			print @Reg
			--set @@Sql=''SELECT @RegNodeID=NOdeID from ''+@tableName+'' WITH(NOLOCK) where AliasName=''''''+@Lic+''''''''			
			--exec sp_executesql @Sql,N''@RegNodeID BIGINT OUTPUT'' ,@RegNodeID OUTPUT
			
			--if(@RegNodeID=0)
			--BEGIN
			--	declare @ind int
			--	set @ind=Charindex(''~'',@Lic,0)
			--	set @Lic=Substring(@Lic,0,@ind) 
 
			--	set @Sql=''SELECT @RegNodeID=NOdeID from ''+@tableName+'' WITH(NOLOCK) where AliasName=''''''+@Lic+''''''''			
			--	exec sp_executesql @Sql,N''@RegNodeID BIGINT OUTPUT'' ,@RegNodeID OUTPUT
			--END
			
			set @Sql=''''
			select @Sql=Value from ADM_GlobalPreferences with(nolock) where Name =''Dimension List''
   	
			declare  @TblList TABLE (Dimensions int)    
			INSERT INTO @TblList    
			exec spsplitstring @Sql,'','' 
			
			If ((select Count(*) from COM_CostCenterCostCenterMap WITH(NOLOCK)
				where ParentCostCenterID=7 and ParentNodeID=@UserID and CostCenterID=@Reg) > 1)
				Begin
				 select * ,''Multiple'' as IsMultiple from COM_CostCenterCostCenterMap WITH(NOLOCK)
				 where ParentCostCenterID=7 and ParentNodeID=@UserID and CostCenterID=@Reg
				 return 
				End
           Else
		   select @RegNodeID=NodeID from COM_CostCenterCostCenterMap WITH(NOLOCK)
					where ParentCostCenterID=7 and ParentNodeID=@UserID and CostCenterID=@Reg
					
			print @RegNodeID
		
			if(@UserID<>1 and EXISTS(SELECT Dimensions FROM @TblList WHERE Dimensions=@Reg))
			BEGIN
				if not exists(select * from COM_CostCenterCostCenterMap WITH(NOLOCK)
					where ParentCostCenterID=7 and ParentNodeID=@UserID and CostCenterID=@Reg)
					set @RegNodeID=0
			END
			
			
			if(@RegNodeID>0)
			BEGIN
				declare @StartTime time,@EndTime time--,@PosSessionID bigint
				
				--select @PosSessionID=POSLoginHistoryID,@Day=[Day] from POS_loginHistory WITH(NOLOCK) 
				--where RegisterNodeID=@RegNodeID
				--order by POSLoginHistoryID
				
				--if(@Day is not null and @Day < Floor(convert(float,getdate())))
				--begin
				--	if not exists (select DocNo from com_docid with(nolock) where PosSessionID= @PosSessionID)
				--	begin
				--		update POS_loginHistory set [IsDayClose]=1,isShiftClose=1,IsUserClose=1 where POSLoginHistoryID=@PosSessionID
				--	end
				--end
				
				select @Day=[Day],@isDayClose=[IsDayClose],@isShiftClose=isShiftClose,@ShiftID=ShiftNodeID,@isUserClose=IsUserClose
				from POS_loginHistory WITH(NOLOCK) 
				where RegisterNodeID=@RegNodeID
				order by POSLoginHistoryID
				
			    if(@Day is null)
					set @Day=Floor(convert(float,getdate()))
				else if (@isDayClose=1)
				begin
					
					if exists (Select PrefValue from COM_DocumentPreferences WITH(NOLOCK)    
					where CostCenterID=@CostCenterID and PrefName=''LogInasSystemDate'' and PrefValue=''true'')
						set @Day=Floor(convert(float,getdate()))
					else
						set @Day=@Day+1
				end
					
				set @i=0
				Select @i=Value from ADM_GlobalPreferences WITH(NOLOCK)    
				where Name=''PosShifts'' and Value is not null and ISNUMERIC(Value)=1
				
				if((@isShiftClose is null or @isShiftClose=1) and @i>50000)
				begin
					set @ShiftID=0
					select @shiftTabName=TableName from ADM_Features WITH(NOLOCK)
					where FeatureID=@i
				
					set @Sql=''declare @stat int
                       select @stat=statusid from com_status WITH(NOLOCK)
                       where costcenterid=''+convert(nvarchar(max),@i)+'' and status=''''In Active''''
                       
                       SELECT @ShiftID=SH.NodeID,@StartTime=SH.ccalpha49,@EndTime=SH.ccAlpha50 from ''+@shiftTabName+'' SH WITH(NOLOCK)''
					
					if (@UserID<>1 AND EXISTS (SELECT Dimensions FROM @TblList WHERE Dimensions=@i))
					BEGIN
						set @Sql=@Sql+'' JOIN COM_CostCenterCostCenterMap CCM WITH(NOLOCK) ON CCM.ParentCostCenterID=7 AND CCM.ParentNodeID=''+CONVERT(NVARCHAR,@UserID)
						set @Sql=@Sql+'' AND CCM.NodeID=SH.NodeID AND CCM.CostCenterID=''+CONVERT(NVARCHAR,@i)
					END
					
					
					set @Sql=@Sql+'' where ISDATE(SH.ccalpha49)=1 and ISDATE(SH.ccAlpha50)=1 and SH.statusid<>@stat
					and convert(time,getdate()) between CONVERT(time,SH.ccalpha49) and  CONVERT(time,SH.ccAlpha50)''
					
					Select @DimensionList=Value from ADM_GlobalPreferences WITH(NOLOCK) where Name=''UserWiseRegisters'' and Value is not null
					if (@DimensionList is not null AND @DimensionList<>'''' AND CONVERT(INT,@DimensionList) >0 )
					begin
						DECLARE @TEMPSql NVARCHAR(MAX),@ShiftIDS NVARCHAR(MAX)
						SET @TEMPSql=''SELECT @ShiftIDS=STUFF((SELECT DISTINCT '''',''''+CONVERT(NVARCHAR,CCD.dcCCNID''+CONVERT(NVARCHAR,(@i-50000))+'') 
								FROM INV_DocDetails IDD WITH(NOLOCK) 
								JOIN COM_DocCCData CCD WITH(NOLOCK) ON CCD.InvDocDetailsID=IDD.InvDocDetailsID
								WHERE IDD.DocDate=FLOOR(CONVERT(FLOAT,GETDATE())) AND IDD.CostCenterID=''+@DimensionList+'' 
								AND CCD.UserID =''+CONVERT(NVARCHAR,@UserID)+''
								ORDER BY 1 FOR XML PATH ('''''''')),1,1,'''''''')''
						
						exec sp_executesql @TEMPSql,N''@ShiftIDS NVARCHAR(MAX) OUTPUT'',@ShiftIDS OUTPUT		
						
						IF(@ShiftIDS is null OR  @ShiftIDS='''')
							SET @ShiftIDS=''0''
						set @Sql=@Sql+'' AND SH.NodeID IN(''+@ShiftIDS+'')''
					END
							print @Sql
					exec sp_executesql @Sql,N''@ShiftID BIGINT OUTPUT,@StartTime  nvarchar(50) OUTPUT,@EndTime  nvarchar(50) OUTPUT'' ,@ShiftID OUTPUT,@StartTime OUTPUT,@EndTime OUTPUT
				end
				
				if(@ShiftID is null or @i=0)
					set @ShiftID=0
					
				if(@i>50000)
				begin
				    select @shiftTabName=TableName from ADM_Features WITH(NOLOCK)
					where FeatureID=@i
					
					set @Sql=''SELECT @StartTime=convert(time,isnull(ccalpha49,GETDATE())),@EndTime=convert(time,isnull(ccAlpha50,GETDATE())) from ''+@shiftTabName+'' WITH(NOLOCK) 
						where NodeID=''+convert(nvarchar,@ShiftID)	
						print @Sql		
					exec sp_executesql @Sql,N''@StartTime time OUTPUT,@EndTime time OUTPUT'',@StartTime OUTPUT,@EndTime OUTPUT
				end
				
				if @StartTime is null
					set @StartTime=convert(time,getdate())
				if @EndTime is null	
					set @EndTime=convert(time,getdate())
				
				if(@isDayClose=0 and @isShiftClose=0)
					set @Sql=''SELECT a.NOdeID,COde,Name,0 IsShiftStart,r.PaymentModes,''+convert(nvarchar,@ShiftID)+'' ShiftID,convert(datetime,''+CONVERT(nvarchar,@day)+'') Day,RightPanelWidth,ButtonsPanelWidth,RowSize,TouchScreen,''''''+convert(nvarchar,@StartTime)+'''''' StartTime,''''''+convert(nvarchar,@EndTime)+'''''' EndTime,b.*,r.ActionHeight,r.ActionWidth,r.FontSize from ''+@tableName+'' a WITH(NOLOCK) 
					join com_ccccdata b WITH(NOLOCK) on a.NOdeID=b.NOdeID
					left join ADM_RegisterPreferences r WITH(NOLOCK) on  a.NOdeID=r.RegisterID
					where b.costcenterid=''+CONVERT(nvarchar,@Reg)+'' and a.NOdeID=''+convert(nvarchar(max),@RegNodeID)
				ELSE
					set @Sql=''SELECT a.NOdeID,COde,Name,1 IsShiftStart,r.PaymentModes,''+convert(nvarchar,@ShiftID)+'' ShiftID,convert(datetime,''+CONVERT(nvarchar,@day)+'') Day,RightPanelWidth,ButtonsPanelWidth,RowSize,TouchScreen,''''''+convert(nvarchar,@StartTime)+'''''' StartTime,''''''+convert(nvarchar,@EndTime)+'''''' EndTime,b.*,r.ActionHeight,r.ActionWidth,r.FontSize from ''+@tableName+'' a WITH(NOLOCK) 
					join com_ccccdata b WITH(NOLOCK) on a.NOdeID=b.NOdeID 
					left join ADM_RegisterPreferences r WITH(NOLOCK) on  a.NOdeID=r.RegisterID
					where b.costcenterid=''+CONVERT(nvarchar,@Reg)+'' and a.NOdeID=''+convert(nvarchar(max),@RegNodeID)
					print @Sql
				exec(@Sql)
			END
			ELSE
				SELECT 1 WHERE 1<>1						
		END
		ELSE
			SELECT 1 WHERE 1<>1		
	END	


	if (@RegNodeID is null or @RegNodeID=0) and exists(Select PrefValue from COM_DocumentPreferences WITH(NOLOCK)
	where PrefName=''EnableTouch'' and CostCenterID=@CostCenterID and prefvalue=''true'')
	BEGIN	
		set @Reg=0
		Select @Reg=Value from ADM_GlobalPreferences WITH(NOLOCK) where Name=''Registers''
		and Value is not null and ISNUMERIC(Value)=1
		if(@Reg>50000)
		BEGIN
			select @tableName=TableName from ADM_Features WITH(NOLOCK)
			where FeatureID=@Reg
			set @RegNodeID=0
			
			select @RegNodeID=NodeID from COM_CostCenterCostCenterMap WITH(NOLOCK)
					where ParentCostCenterID=7 and ParentNodeID=@UserID and CostCenterID=@Reg
					
			print @RegNodeID
			--set @Sql=''SELECT @RegNodeID=NOdeID from ''+@tableName+'' WITH(NOLOCK) where AliasName=''''''+@Lic+''''''''			
			--exec sp_executesql @Sql,N''@RegNodeID BIGINT OUTPUT'' ,@RegNodeID OUTPUT
		END	
	END	
	
    if(@RegNodeID is not null and @RegNodeID>0)	
    begin
		select a.CCID,a.Filter,a.[Level],a.Map,a.ParentCCID,case when f.Name is null then ''Product'' else f.Name end Name,r.ButtonHeight,r.ButtonWidth,
		isnull((select IsColumnInUse FROM ADM_CostCenterDef with(nolock)
		where costcenterid=(case when a.CCID<0 then 3 else a.CCID end) and  syscolumnname=''ccnid'' + convert(nvarchar,(a.ParentCCID - 50000))),0) ColumnInUse
		,r.ActionHeight,r.ActionWidth,r.FontSize 
		into #RegTouch
		from ADM_POSLevelsProfiles a WITH(NOLOCK)
		left join ADM_Features f WITH(NOLOCK) on a.CCID=f.FeatureID
		join ADM_RegisterPreferences r with(nolock) on a.ProfileID=r.LevelProfile
		where  r.RegisterID=@RegNodeID
		order by Level	
		
		if not exists (select * from #RegTouch where CCID=3 and [Level]=(select max([Level]) from #RegTouch))
			insert into #RegTouch
			select 3,null Filter,1000,0 Map,null ParentCCID,''Product'' Name
			,isnull((select max(ButtonHeight) from ADM_RegisterPreferences with(nolock) where RegisterID=@RegNodeID ),50) ButtonHeight
			,isnull((select max(ButtonWidth) from ADM_RegisterPreferences with(nolock) where RegisterID=@RegNodeID ),50) ButtonWidth,
			isnull((select top 1 IsColumnInUse FROM ADM_CostCenterDef with(nolock)
			where costcenterid=3 and  ColumnCostCenterID=((select CCID from ADM_POSLevelsProfiles a WITH(NOLOCK) where PosLevelsProfileID=(select max(a.PosLevelsProfileID)
			from ADM_POSLevelsProfiles a WITH(NOLOCK)
			join ADM_Features f WITH(NOLOCK) on a.CCID=f.FeatureID
			join ADM_RegisterPreferences r with(nolock) on a.ProfileID=r.LevelProfile
			where  r.RegisterID=@RegNodeID))) order by IsColumnInUse desc),0) ColumnInUse,0 ActionHeight,0 ActionWidth, 11 FontSize
		
		select * from #RegTouch
		order by Level
	end
	else	
		select 1 
  '
 ,1
 ,1
[System: 192.168.1.54] DEBUG | 07/06/2026 18:05:09.657 | General Service|:: CompanyIndex:1 SpName: spADM_GetDataSet 
 'select * from COM_TokenHistory WITH(NOLOCK) where JwtToken=''eyJhbGciOiJIUzI1NiIsInR5cCI6IkpXVCJ9.eyJ1bmlxdWVfbmFtZSI6ImFkbWluLDEsMSwxIiwibmJmIjoxNzgzMzQxMDk1LCJleHAiOjE3ODMzNjk4OTUsImlhdCI6MTc4MzM0MTA5NX0.rwNKfVX7bznzeAGTphuhnEFpb2Dtvzgyg3vCg5fSBow'''
 ,1
 ,1
[System: 192.168.1.54] DEBUG | 07/06/2026 18:05:09.735 | General Service|:: CompanyIndex:1 SpName: spADM_GetCostCenterListViewData 
 NULL
 ,''
 ,''
 ,''
 ,''
 ,''
 ,8
 ,False
 ,''
 ,''
 ,' a.NodeID in ( 20 , 12 , 21 , 25) '
 ,''
 ,''
 ,0
 ,False
 ,''
 ,''
 ,'1'
 ,'1'
 ,1
 message=Missing required parametrer.
[System: 192.168.1.54] INFO | 07/06/2026 18:05:09.735 | OnStartup: Logger Instance Created Successfully
[System: 192.168.1.54] INFO | 07/06/2026 18:05:09.735 | OnStartup: Application Starting...
[System: 192.168.1.54] ERROR | 07/06/2026 18:05:09.735 | General Service|:: CompanyIndex:1 SpName: spADM_GetCostCenterListViewDataParameters :
 NULL
 ,''
 ,''
 ,''
 ,''
 ,''
 ,8
 ,False
 ,''
 ,''
 ,' a.NodeID in ( 20 , 12 , 21 , 25) '
 ,''
 ,''
 ,0
 ,False
 ,''
 ,''
 ,'1'
 ,'1'
 ,1|Missing required parametrer.
[System: 192.168.1.54] DEBUG | 07/06/2026 18:05:09.735 | General Service|:: CompanyIndex:1 SpName: spADM_GetDataSet 
 'select * from COM_TokenHistory WITH(NOLOCK) where JwtToken=''eyJhbGciOiJIUzI1NiIsInR5cCI6IkpXVCJ9.eyJ1bmlxdWVfbmFtZSI6ImFkbWluLDEsMSwxIiwibmJmIjoxNzgzMzQxMDk1LCJleHAiOjE3ODMzNjk4OTUsImlhdCI6MTc4MzM0MTA5NX0.rwNKfVX7bznzeAGTphuhnEFpb2Dtvzgyg3vCg5fSBow'''
 ,1
 ,1
[System: 192.168.1.54] DEBUG | 07/06/2026 18:05:09.814 | General Service|:: CompanyIndex:1 SpName: spADM_GetCostCenterListViewData 
 306
 ,'a.Name,a.Code'
 ,''
 ,''
 ,'Name'
 ,''
 ,8
 ,False
 ,''
 ,''
 ,' a.NodeID in ( 20 , 12 , 21 , 25) '
 ,''
 ,''
 ,0
 ,False
 ,''
 ,''
 ,'1'
 ,'1'
 ,1
[System: 192.168.1.54] DEBUG | 07/06/2026 18:05:09.814 | General Service|:: CompanyIndex:1 SpName: spADM_GetDataSet 
 'select * from COM_TokenHistory WITH(NOLOCK) where JwtToken=''eyJhbGciOiJIUzI1NiIsInR5cCI6IkpXVCJ9.eyJ1bmlxdWVfbmFtZSI6ImFkbWluLDEsMSwxIiwibmJmIjoxNzgzMzQxMDk1LCJleHAiOjE3ODMzNjk4OTUsImlhdCI6MTc4MzM0MTA5NX0.rwNKfVX7bznzeAGTphuhnEFpb2Dtvzgyg3vCg5fSBow'''
 ,1
 ,1
[System: 192.168.1.54] DEBUG | 07/06/2026 18:05:13.246 | General Service|:: CompanyIndex:1 SpName: spADM_GetDataSet 
 'select CostCenterID,DocumentName,WebReportID,IsInventory,DocumentType from ADM_DocumentTypes with(nolock) where CostCenterID in (40018) order by DocumentName
declare @Tbl as Table(CostCenterID int,DocumentName nvarchar(100))
--Linked From
insert into @Tbl
select D.CostCenterID,D.DocumentName
from COM_DocumentLinkDef L with(nolock)
JOIN ADM_DocumentTypes D with(nolock) on D.CostCenterID=L.CostCenterIDLinked
where L.CostCenterIDBase in (40018)
order by DocumentName

select * from @Tbl

--Generate
select L.DocumentLinkDefID,L.CostCenterIDLinked CCID,D.CostCenterID,D.DocumentName
from COM_DocumentLinkDef L with(nolock)
JOIN ADM_DocumentTypes D with(nolock) on D.CostCenterID=L.CostCenterIDBase
JOIN @Tbl T on T.CostCenterID=L.CostCenterIDLinked
union
select L.DocumentLinkDefID,L.CostCenterIDLinked CCID,D.CostCenterID,D.DocumentName
from COM_DocumentLinkDef L with(nolock)
JOIN ADM_DocumentTypes D with(nolock) on D.CostCenterID=L.CostCenterIDBase
where L.CostCenterIDLinked in (40018)
order by CCID,DocumentName

select D.CostCenterID,D.PrefName,D.PrefValue from COM_DocumentPreferences D with(nolock)
where D.CostCenterID in (40018) and PrefName in (''DonotupdateAccounts'',''Selective'')
union all
select D.CostCenterID,D.PrefName,D.PrefValue from COM_DocumentPreferences D with(nolock)
JOIN @Tbl T on T.CostCenterID=D.CostCenterID
where PrefName in (''DonotupdateAccounts'',''Selective'')
'
 ,1
 ,1
[System: 192.168.1.54] DEBUG | 07/06/2026 18:05:13.262 | General Service|:: CompanyIndex:1 SpName: spADM_GetDataSet 
 'select * from COM_TokenHistory WITH(NOLOCK) where JwtToken=''eyJhbGciOiJIUzI1NiIsInR5cCI6IkpXVCJ9.eyJ1bmlxdWVfbmFtZSI6ImFkbWluLDEsMSwxIiwibmJmIjoxNzgzMzQxMDk1LCJleHAiOjE3ODMzNjk4OTUsImlhdCI6MTc4MzM0MTA5NX0.rwNKfVX7bznzeAGTphuhnEFpb2Dtvzgyg3vCg5fSBow'''
 ,1
 ,1
[System: 192.168.1.54] DEBUG | 07/06/2026 18:05:13.277 | General Service|:: CompanyIndex:1 SpName: spADM_GetDataSet 
 'SELECT StaticReportType FROM ADM_RevenUReports WITH(NOLOCK) WHERE ReportID=218'
 ,1
 ,1
[System: 192.168.1.54] DEBUG | 07/06/2026 18:05:13.277 | General Service|:: CompanyIndex:1 SpName: spADM_GetDataSet 
 'select * from COM_TokenHistory WITH(NOLOCK) where JwtToken=''eyJhbGciOiJIUzI1NiIsInR5cCI6IkpXVCJ9.eyJ1bmlxdWVfbmFtZSI6ImFkbWluLDEsMSwxIiwibmJmIjoxNzgzMzQxMDk1LCJleHAiOjE3ODMzNjk4OTUsImlhdCI6MTc4MzM0MTA5NX0.rwNKfVX7bznzeAGTphuhnEFpb2Dtvzgyg3vCg5fSBow'''
 ,1
 ,1
[System: 192.168.1.54] DEBUG | 07/06/2026 18:05:13.324 | General Service|:: CompanyIndex:1 SpName: spRPT_GetReport 
 0
 ,218
 ,'1'
 ,'1'
 ,1
[System: 192.168.1.54] DEBUG | 07/06/2026 18:05:13.324 | General Service|:: CompanyIndex:1 SpName: spADM_GetDataSet 
 'select * from COM_TokenHistory WITH(NOLOCK) where JwtToken=''eyJhbGciOiJIUzI1NiIsInR5cCI6IkpXVCJ9.eyJ1bmlxdWVfbmFtZSI6ImFkbWluLDEsMSwxIiwibmJmIjoxNzgzMzQxMDk1LCJleHAiOjE3ODMzNjk4OTUsImlhdCI6MTc4MzM0MTA5NX0.rwNKfVX7bznzeAGTphuhnEFpb2Dtvzgyg3vCg5fSBow'''
 ,1
 ,1
[System: 192.168.1.54] DEBUG | 07/06/2026 18:05:13.340 | General Service|:: CompanyIndex:1 SpName: spDOC_GetVPTPrintCopies 
 4
 ,50
 ,218
 ,2
 ,4
 ,'View~3e1c70e0-7845-4eb0-97fc-5e1c5df7c30e'
 ,'admin'
 ,1
[System: 192.168.1.54] DEBUG | 07/06/2026 18:05:13.340 | General Service|:: CompanyIndex:1 SpName: spADM_GetDataSet 
 'select * from COM_TokenHistory WITH(NOLOCK) where JwtToken=''eyJhbGciOiJIUzI1NiIsInR5cCI6IkpXVCJ9.eyJ1bmlxdWVfbmFtZSI6ImFkbWluLDEsMSwxIiwibmJmIjoxNzgzMzQxMDk1LCJleHAiOjE3ODMzNjk4OTUsImlhdCI6MTc4MzM0MTA5NX0.rwNKfVX7bznzeAGTphuhnEFpb2Dtvzgyg3vCg5fSBow'''
 ,1
 ,1
[System: 192.168.1.54] DEBUG | 07/06/2026 18:05:13.387 | General Service|:: CompanyIndex:1 SpName: spRPT_GetReportFields 
 400
 ,0
 ,'1'
 ,1
[System: 192.168.1.54] DEBUG | 07/06/2026 18:05:13.387 | General Service|:: CompanyIndex:1 SpName: spADM_GetDataSet 
 'select * from COM_TokenHistory WITH(NOLOCK) where JwtToken=''eyJhbGciOiJIUzI1NiIsInR5cCI6IkpXVCJ9.eyJ1bmlxdWVfbmFtZSI6ImFkbWluLDEsMSwxIiwibmJmIjoxNzgzMzQxMDk1LCJleHAiOjE3ODMzNjk4OTUsImlhdCI6MTc4MzM0MTA5NX0.rwNKfVX7bznzeAGTphuhnEFpb2Dtvzgyg3vCg5fSBow'''
 ,1
 ,1
[System: 192.168.1.54] DEBUG | 07/06/2026 18:05:13.465 | General Service|:: CompanyIndex:1 SpName: spADM_GetDataSet 
 'with rows as ( SELECT row_number() over (order by ACC.DocID desc) rowno,max(CONVERT(DATETIME,ACC.DocDate)) DocDate,max(ACC.VoucherNo) DocNo,sum(convert(float,ACC.Amount)) Amount,max(T1.Status) Status,max(T1.StatusID) _StatusID,max(T2.AccountName) DrAccount,max(T3.AccountName) CrAccount,max(ACC.CommonNarration) Narration
FROM ACC_DocDetails ACC with(nolock) left join COM_Status T1 with(nolock) on ACC.StatusID=T1.StatusID left join ACC_Accounts T2 with(nolock) on ACC.DebitAccount=T2.AccountID left join ACC_Accounts T3 with(nolock) on ACC.CreditAccount=T3.AccountID
WHERE CONVERT(DATETIME,ACC.DocDate) BETWEEN ''06 Jul 2025'' AND ''06 Jul 2026'' AND ACC.LinkedAccDocDetailsID is null and ACC.CostCenterID=40018
GROUP BY ACC.DocID,ACC.VoucherNo) select * from rows WHERE rowno>0 and rowno<=20 order by rowno
select S.StatusID,S.Status,count(*) CNT from (
SELECT ACC.StatusID,ACC.DocID
FROM ACC_DocDetails ACC with(nolock) left join COM_Status T1 with(nolock) on ACC.StatusID=T1.StatusID left join ACC_Accounts T2 with(nolock) on ACC.DebitAccount=T2.AccountID left join ACC_Accounts T3 with(nolock) on ACC.CreditAccount=T3.AccountID
WHERE CONVERT(DATETIME,ACC.DocDate) BETWEEN ''06 Jul 2025'' AND ''06 Jul 2026'' AND ACC.LinkedAccDocDetailsID is null and ACC.CostCenterID=40018
GROUP BY ACC.StatusID,ACC.DocID,ACC.VoucherNo) AS T
join COM_Status S with(nolock) on S.StatusID=T.StatusID
group by S.StatusID,S.Status'
 ,1
 ,1
[System: 192.168.1.54] DEBUG | 07/06/2026 18:05:13.480 | General Service|:: CompanyIndex:1 SpName: spADM_GetDataSet 
 'select * from COM_TokenHistory WITH(NOLOCK) where JwtToken=''eyJhbGciOiJIUzI1NiIsInR5cCI6IkpXVCJ9.eyJ1bmlxdWVfbmFtZSI6ImFkbWluLDEsMSwxIiwibmJmIjoxNzgzMzQxMDk1LCJleHAiOjE3ODMzNjk4OTUsImlhdCI6MTc4MzM0MTA5NX0.rwNKfVX7bznzeAGTphuhnEFpb2Dtvzgyg3vCg5fSBow'''
 ,1
 ,1
[System: 192.168.1.54] DEBUG | 07/06/2026 18:05:15.472 | General Service|:: CompanyIndex:1 SpName: spADM_GetDataSet 
 'declare @DocNo nvarchar(100),@DetailsID bigint
set @DocNo=''BRD-//11122551112284~5/2''
select @DetailsID=min(AccDocDetailsID) from ACC_DocDetails with(nolock) where VoucherNo=@DocNo
select CreatedBy,CONVERT(Datetime,CreatedDate) CreateDate from ACC_DocDetails with(nolock)
where AccDocDetailsID=@DetailsID

select @DetailsID=max(AccDocDetailsID) from ACC_DocDetails with(nolock) where VoucherNo=@DocNo
select ModifiedBy,CONVERT(Datetime,ModifiedDate) ModifiedDate from ACC_DocDetails with(nolock)
where AccDocDetailsID=@DetailsID

select A.AccountName,sum(Dr) Dr,sum(Cr) Cr
from(
select DebitAccount Account,Amount Dr, 0 Cr
from ACC_DocDetails with(nolock)
where VoucherNo=@DocNo
union all
select CreditAccount,0,Amount
from ACC_DocDetails with(nolock)
where VoucherNo=@DocNo
) AS T
join ACC_Accounts A with(nolock) on A.AccountID=T.Account
Group By A.AccountName
order by Dr desc,Cr desc'
 ,1
 ,1
[System: 192.168.1.54] DEBUG | 07/06/2026 18:05:15.472 | General Service|:: CompanyIndex:1 SpName: spADM_GetDataSet 
 'select * from COM_TokenHistory WITH(NOLOCK) where JwtToken=''eyJhbGciOiJIUzI1NiIsInR5cCI6IkpXVCJ9.eyJ1bmlxdWVfbmFtZSI6ImFkbWluLDEsMSwxIiwibmJmIjoxNzgzMzQxMDk1LCJleHAiOjE3ODMzNjk4OTUsImlhdCI6MTc4MzM0MTA5NX0.rwNKfVX7bznzeAGTphuhnEFpb2Dtvzgyg3vCg5fSBow'''
 ,1
 ,1
[System: 192.168.1.54] DEBUG | 07/06/2026 18:05:15.487 | General Service|:: CompanyIndex:1 SpName: spDOC_GetDocumentDetailsByVoucherNo 
 'BRD-//11122551112284~5/2'
 ,'1'
 ,1
[System: 192.168.1.54] DEBUG | 07/06/2026 18:05:15.487 | General Service|:: CompanyIndex:1 SpName: spADM_GetDataSet 
 'select * from COM_TokenHistory WITH(NOLOCK) where JwtToken=''eyJhbGciOiJIUzI1NiIsInR5cCI6IkpXVCJ9.eyJ1bmlxdWVfbmFtZSI6ImFkbWluLDEsMSwxIiwibmJmIjoxNzgzMzQxMDk1LCJleHAiOjE3ODMzNjk4OTUsImlhdCI6MTc4MzM0MTA5NX0.rwNKfVX7bznzeAGTphuhnEFpb2Dtvzgyg3vCg5fSBow'''
 ,1
 ,1
[System: 192.168.1.54] DEBUG | 07/06/2026 18:05:15.769 | General Service|:: CompanyIndex:1 SpName: spDOC_GetDocumentDefinition 
 40018
 ,NULL
 ,NULL
 ,''
 ,1
 ,'admin'
 ,1
 ,1
 ,1
[System: 192.168.1.54] DEBUG | 07/06/2026 18:05:15.769 | General Service|:: CompanyIndex:1 SpName: spADM_GetDataSet 
 'select * from COM_TokenHistory WITH(NOLOCK) where JwtToken=''eyJhbGciOiJIUzI1NiIsInR5cCI6IkpXVCJ9.eyJ1bmlxdWVfbmFtZSI6ImFkbWluLDEsMSwxIiwibmJmIjoxNzgzMzQxMDk1LCJleHAiOjE3ODMzNjk4OTUsImlhdCI6MTc4MzM0MTA5NX0.rwNKfVX7bznzeAGTphuhnEFpb2Dtvzgyg3vCg5fSBow'''
 ,1
 ,1
[System: 192.168.1.54] DEBUG | 07/06/2026 18:05:16.081 | General Service|:: CompanyIndex:1 SpName: spDOC_GetDocumentDefinition 
 41001
 ,NULL
 ,NULL
 ,''
 ,1
 ,'admin'
 ,1
 ,1
 ,1
[System: 192.168.1.54] DEBUG | 07/06/2026 18:05:16.081 | General Service|:: CompanyIndex:1 SpName: spADM_GetDataSet 
 'select * from COM_TokenHistory WITH(NOLOCK) where JwtToken=''eyJhbGciOiJIUzI1NiIsInR5cCI6IkpXVCJ9.eyJ1bmlxdWVfbmFtZSI6ImFkbWluLDEsMSwxIiwibmJmIjoxNzgzMzQxMDk1LCJleHAiOjE3ODMzNjk4OTUsImlhdCI6MTc4MzM0MTA5NX0.rwNKfVX7bznzeAGTphuhnEFpb2Dtvzgyg3vCg5fSBow'''
 ,1
 ,1
[System: 192.168.1.54] DEBUG | 07/06/2026 18:05:16.097 | General Service|:: CompanyIndex:1 SpName: spDOC_GetCurrentCodeNumber 
 40018
 ,''
 ,1
 ,1
[System: 192.168.1.54] DEBUG | 07/06/2026 18:05:16.097 | General Service|:: CompanyIndex:1 SpName: spADM_GetDataSet 
 'select * from COM_TokenHistory WITH(NOLOCK) where JwtToken=''eyJhbGciOiJIUzI1NiIsInR5cCI6IkpXVCJ9.eyJ1bmlxdWVfbmFtZSI6ImFkbWluLDEsMSwxIiwibmJmIjoxNzgzMzQxMDk1LCJleHAiOjE3ODMzNjk4OTUsImlhdCI6MTc4MzM0MTA5NX0.rwNKfVX7bznzeAGTphuhnEFpb2Dtvzgyg3vCg5fSBow'''
 ,1
 ,1
[System: 192.168.1.54] DEBUG | 07/06/2026 18:05:16.097 | General Service|:: CompanyIndex:1 SpName: spADM_GetListViewDataByIDs 
 '<XML><Row CCID="2"  TypeID="10"  DBColumnID="4140"  NodeID="333" /><Row CCID="2"  TypeID="100"  DBColumnID="4140"  NodeID="333" /></XML>'
 ,1
 ,1
[System: 192.168.1.54] DEBUG | 07/06/2026 18:05:16.112 | General Service|:: CompanyIndex:1 SpName: spADM_GetDataSet 
 'select * from COM_TokenHistory WITH(NOLOCK) where JwtToken=''eyJhbGciOiJIUzI1NiIsInR5cCI6IkpXVCJ9.eyJ1bmlxdWVfbmFtZSI6ImFkbWluLDEsMSwxIiwibmJmIjoxNzgzMzQxMDk1LCJleHAiOjE3ODMzNjk4OTUsImlhdCI6MTc4MzM0MTA5NX0.rwNKfVX7bznzeAGTphuhnEFpb2Dtvzgyg3vCg5fSBow'''
 ,1
 ,1
[System: 192.168.1.54] DEBUG | 07/06/2026 18:05:16.112 | General Service|:: CompanyIndex:1 SpName: spADM_GetListViewDataByIDs 
 '<XML><Row CCID="2"  TypeID="10"  DBColumnID="4140"  NodeID="333" /><Row CCID="2"  TypeID="100"  DBColumnID="4140"  NodeID="333" /></XML>'
 ,1
 ,1
[System: 192.168.1.54] DEBUG | 07/06/2026 18:05:16.112 | General Service|:: CompanyIndex:1 SpName: spADM_GetDataSet 
 'select * from COM_TokenHistory WITH(NOLOCK) where JwtToken=''eyJhbGciOiJIUzI1NiIsInR5cCI6IkpXVCJ9.eyJ1bmlxdWVfbmFtZSI6ImFkbWluLDEsMSwxIiwibmJmIjoxNzgzMzQxMDk1LCJleHAiOjE3ODMzNjk4OTUsImlhdCI6MTc4MzM0MTA5NX0.rwNKfVX7bznzeAGTphuhnEFpb2Dtvzgyg3vCg5fSBow'''
 ,1
 ,1
[System: 192.168.1.54] DEBUG | 07/06/2026 18:05:16.159 | General Service|:: CompanyIndex:1 SpName: spCOM_GetDimensionTabGridData 
 40018
 ,144
 ,1
 ,1
[System: 192.168.1.54] DEBUG | 07/06/2026 18:05:16.159 | General Service|:: CompanyIndex:1 SpName: spADM_GetDataSet 
 'select * from COM_TokenHistory WITH(NOLOCK) where JwtToken=''eyJhbGciOiJIUzI1NiIsInR5cCI6IkpXVCJ9.eyJ1bmlxdWVfbmFtZSI6ImFkbWluLDEsMSwxIiwibmJmIjoxNzgzMzQxMDk1LCJleHAiOjE3ODMzNjk4OTUsImlhdCI6MTc4MzM0MTA5NX0.rwNKfVX7bznzeAGTphuhnEFpb2Dtvzgyg3vCg5fSBow'''
 ,1
 ,1
[System: 192.168.1.54] DEBUG | 07/06/2026 18:05:16.175 | General Service|:: CompanyIndex:1 SpName: SPCRM_GetActivitiesCustomFields 
 40018
 ,0
 ,'admin'
 ,1
 ,1
 ,1
[System: 192.168.1.54] DEBUG | 07/06/2026 18:05:16.175 | General Service|:: CompanyIndex:1 SpName: spADM_GetDataSet 
 'select * from COM_TokenHistory WITH(NOLOCK) where JwtToken=''eyJhbGciOiJIUzI1NiIsInR5cCI6IkpXVCJ9.eyJ1bmlxdWVfbmFtZSI6ImFkbWluLDEsMSwxIiwibmJmIjoxNzgzMzQxMDk1LCJleHAiOjE3ODMzNjk4OTUsImlhdCI6MTc4MzM0MTA5NX0.rwNKfVX7bznzeAGTphuhnEFpb2Dtvzgyg3vCg5fSBow'''
 ,1
 ,1
[System: 192.168.1.54] DEBUG | 07/06/2026 18:05:16.190 | General Service|:: CompanyIndex:1 SpName: spADM_GetDataSet 
 ' select Name,value from [com_Costcenterpreferences] with(nolock) where CostCenterID=1000 '
 ,1
 ,1
[System: 192.168.1.54] DEBUG | 07/06/2026 18:05:16.190 | General Service|:: CompanyIndex:1 SpName: spADM_GetDataSet 
 'select * from COM_TokenHistory WITH(NOLOCK) where JwtToken=''eyJhbGciOiJIUzI1NiIsInR5cCI6IkpXVCJ9.eyJ1bmlxdWVfbmFtZSI6ImFkbWluLDEsMSwxIiwibmJmIjoxNzgzMzQxMDk1LCJleHAiOjE3ODMzNjk4OTUsImlhdCI6MTc4MzM0MTA5NX0.rwNKfVX7bznzeAGTphuhnEFpb2Dtvzgyg3vCg5fSBow'''
 ,1
 ,1
[System: 192.168.1.54] DEBUG | 07/06/2026 18:05:16.206 | General Service|:: CompanyIndex:1 SpName: spADM_GetDataSet 
 'select * from COM_TokenHistory WITH(NOLOCK) where JwtToken=''eyJhbGciOiJIUzI1NiIsInR5cCI6IkpXVCJ9.eyJ1bmlxdWVfbmFtZSI6ImFkbWluLDEsMSwxIiwibmJmIjoxNzgzMzQxMDk1LCJleHAiOjE3ODMzNjk4OTUsImlhdCI6MTc4MzM0MTA5NX0.rwNKfVX7bznzeAGTphuhnEFpb2Dtvzgyg3vCg5fSBow'''
 ,1
 ,1
[System: 192.168.1.54] DEBUG | 07/06/2026 18:05:16.222 | General Service|:: CompanyIndex:1 SpName: spADM_GetDataSet 
 'select UserName,UserID from dbo.adm_users with(nolock) where isuserdeleted=0 and StatusID=1'
 ,1
 ,1
[System: 192.168.1.54] DEBUG | 07/06/2026 18:05:16.222 | General Service|:: CompanyIndex:1 SpName: spADM_GetDataSet 
 'select * from COM_TokenHistory WITH(NOLOCK) where JwtToken=''eyJhbGciOiJIUzI1NiIsInR5cCI6IkpXVCJ9.eyJ1bmlxdWVfbmFtZSI6ImFkbWluLDEsMSwxIiwibmJmIjoxNzgzMzQxMDk1LCJleHAiOjE3ODMzNjk4OTUsImlhdCI6MTc4MzM0MTA5NX0.rwNKfVX7bznzeAGTphuhnEFpb2Dtvzgyg3vCg5fSBow'''
 ,1
 ,1
[System: 192.168.1.54] DEBUG | 07/06/2026 18:05:16.253 | General Service|:: CompanyIndex:1 SpName: spCOM_GetWorkFlowScreenDetails 
 NULL
 ,NULL
 ,'1'
 ,'1'
 ,1
 ,True
[System: 192.168.1.54] DEBUG | 07/06/2026 18:05:16.253 | General Service|:: CompanyIndex:1 SpName: spADM_GetDataSet 
 'select * from COM_TokenHistory WITH(NOLOCK) where JwtToken=''eyJhbGciOiJIUzI1NiIsInR5cCI6IkpXVCJ9.eyJ1bmlxdWVfbmFtZSI6ImFkbWluLDEsMSwxIiwibmJmIjoxNzgzMzQxMDk1LCJleHAiOjE3ODMzNjk4OTUsImlhdCI6MTc4MzM0MTA5NX0.rwNKfVX7bznzeAGTphuhnEFpb2Dtvzgyg3vCg5fSBow'''
 ,1
 ,1
[System: 192.168.1.54] DEBUG | 07/06/2026 18:05:16.284 | General Service|:: CompanyIndex:1 SpName: spADM_GetDataSet 
 'select Name,value from [com_Costcenterpreferences] with(nolock) where CostCenterID=40018'
 ,1
 ,1
[System: 192.168.1.54] DEBUG | 07/06/2026 18:05:16.284 | General Service|:: CompanyIndex:1 SpName: spADM_GetDataSet 
 'select * from COM_TokenHistory WITH(NOLOCK) where JwtToken=''eyJhbGciOiJIUzI1NiIsInR5cCI6IkpXVCJ9.eyJ1bmlxdWVfbmFtZSI6ImFkbWluLDEsMSwxIiwibmJmIjoxNzgzMzQxMDk1LCJleHAiOjE3ODMzNjk4OTUsImlhdCI6MTc4MzM0MTA5NX0.rwNKfVX7bznzeAGTphuhnEFpb2Dtvzgyg3vCg5fSBow'''
 ,1
 ,1
[System: 192.168.1.54] DEBUG | 07/06/2026 18:05:16.300 | General Service|:: CompanyIndex:1 SpName: spADM_GetListViewDataByIDs 
 '<XML><Row CCID="2"  TypeID="10"  DBColumnID="4140"  NodeID="333" /><Row CCID="2"  TypeID="100"  DBColumnID="4140"  NodeID="333" /></XML>'
 ,1
 ,1
[System: 192.168.1.54] DEBUG | 07/06/2026 18:05:16.300 | General Service|:: CompanyIndex:1 SpName: spADM_GetDataSet 
 'select * from COM_TokenHistory WITH(NOLOCK) where JwtToken=''eyJhbGciOiJIUzI1NiIsInR5cCI6IkpXVCJ9.eyJ1bmlxdWVfbmFtZSI6ImFkbWluLDEsMSwxIiwibmJmIjoxNzgzMzQxMDk1LCJleHAiOjE3ODMzNjk4OTUsImlhdCI6MTc4MzM0MTA5NX0.rwNKfVX7bznzeAGTphuhnEFpb2Dtvzgyg3vCg5fSBow'''
 ,1
 ,1
[System: 192.168.1.54] DEBUG | 07/06/2026 18:05:16.581 | General Service|:: CompanyIndex:1 SpName: spDOC_GetAccDocument 
 40018
 ,'//11122551112284~5/'
 ,'2'
 ,'0'
 ,0
 ,' and (b.dcCCNID2=c.CCNID2 or c.CCNID2=0)'
 ,1
 ,1
 ,'admin'
 ,1
[System: 192.168.1.54] DEBUG | 07/06/2026 18:05:16.581 | General Service|:: CompanyIndex:1 SpName: spADM_GetDataSet 
 'select * from COM_TokenHistory WITH(NOLOCK) where JwtToken=''eyJhbGciOiJIUzI1NiIsInR5cCI6IkpXVCJ9.eyJ1bmlxdWVfbmFtZSI6ImFkbWluLDEsMSwxIiwibmJmIjoxNzgzMzQxMDk1LCJleHAiOjE3ODMzNjk4OTUsImlhdCI6MTc4MzM0MTA5NX0.rwNKfVX7bznzeAGTphuhnEFpb2Dtvzgyg3vCg5fSBow'''
 ,1
 ,1
[System: 192.168.1.54] DEBUG | 07/06/2026 18:05:16.597 | General Service|:: CompanyIndex:1 SpName: spADM_GetDataSet 
 ' select BODocID,MRDocID, VendorID from Com_BiddingDocs with (nolock) where QTDocID =36912 and Status = 1
                    and CONVERT(float, Convert(datetime, ''06/Jul/2026 06:05:16 PM'')) between CONVERT(float,BidStartTime) and CONVERT(float,BidEndTime)'
 ,1
 ,1
[System: 192.168.1.54] DEBUG | 07/06/2026 18:05:16.612 | General Service|:: CompanyIndex:1 SpName: spADM_GetDataSet 
 'select * from COM_TokenHistory WITH(NOLOCK) where JwtToken=''eyJhbGciOiJIUzI1NiIsInR5cCI6IkpXVCJ9.eyJ1bmlxdWVfbmFtZSI6ImFkbWluLDEsMSwxIiwibmJmIjoxNzgzMzQxMDk1LCJleHAiOjE3ODMzNjk4OTUsImlhdCI6MTc4MzM0MTA5NX0.rwNKfVX7bznzeAGTphuhnEFpb2Dtvzgyg3vCg5fSBow'''
 ,1
 ,1
[System: 192.168.1.54] DEBUG | 07/06/2026 18:05:16.628 | General Service|:: CompanyIndex:1 SpName: spADM_GetListViewDataByIDs 
 '<XML><Row CCID="2"  TypeID="10"  DBColumnID="4140"  NodeID="3107" /><Row CCID="2"  TypeID="100"  DBColumnID="4140"  NodeID="3107" /><Row CCID="50002"  TypeID="3"  DBColumnID="6474"  NodeID="1" /><Row CCID="50005"  TypeID="1"  DBColumnID="6477"  NodeID="157" /><Row CCID="50002"  TypeID="3"  DBColumnID="6474"  NodeID="1" /><Row CCID="50005"  TypeID="1"  DBColumnID="6477"  NodeID="157" /><Row CCID="50059"  TypeID="1"  DBColumnID="7203"  NodeID="6" /><Row CCID="50010"  TypeID="1"  DBColumnID="6482"  NodeID="1" /><Row CCID="50024"  TypeID="1"  DBColumnID="6496"  NodeID="1" /><Row CCID="50051"  TypeID="1"  DBColumnID="56360"  NodeID="1" /><Row CCID="50068"  TypeID="1"  DBColumnID="825601"  NodeID="1" /><Row CCID="50009"  TypeID="3"  DBColumnID="6481"  NodeID="1" /><Row CCID="2"  TypeID="2"  DBColumnID="6447"  NodeID="1755" /><Row CCID="50012"  TypeID="1"  DBColumnID="6484"  NodeID="5,1" /><Row CCID="50031"  TypeID="1"  DBColumnID="6503"  NodeID="1" /><Row CCID="2"  TypeID="100"  DBColumnID="4141"  NodeID="4960,408,467" /><Row CCID="2"  TypeID="10"  DBColumnID="24480"  NodeID="4960,408,467" /><Row CCID="50003"  TypeID="1"  DBColumnID="6475"  NodeID="1" /><Row CCID="50001"  TypeID="1"  DBColumnID="6473"  NodeID="1" /><Row CCID="50004"  TypeID="1"  DBColumnID="6476"  NodeID="1" /><Row CCID="50058"  TypeID="1"  DBColumnID="7134"  NodeID="1022,3,1031" /><Row CCID="44"  TypeID="1005"  DBColumnID="6435"  NodeID="50433,50434" /></XML>'
 ,1
 ,1
[System: 192.168.1.54] DEBUG | 07/06/2026 18:05:16.628 | General Service|:: CompanyIndex:1 SpName: spADM_GetDataSet 
 'select * from COM_TokenHistory WITH(NOLOCK) where JwtToken=''eyJhbGciOiJIUzI1NiIsInR5cCI6IkpXVCJ9.eyJ1bmlxdWVfbmFtZSI6ImFkbWluLDEsMSwxIiwibmJmIjoxNzgzMzQxMDk1LCJleHAiOjE3ODMzNjk4OTUsImlhdCI6MTc4MzM0MTA5NX0.rwNKfVX7bznzeAGTphuhnEFpb2Dtvzgyg3vCg5fSBow'''
 ,1
 ,1
[System: 192.168.1.54] DEBUG | 07/06/2026 18:05:16.893 | General Service|:: CompanyIndex:1 SpName: spDOC_GetDocumentDefinition 
 41001
 ,NULL
 ,NULL
 ,''
 ,1
 ,'admin'
 ,1
 ,1
 ,1
[System: 192.168.1.54] DEBUG | 07/06/2026 18:05:16.893 | General Service|:: CompanyIndex:1 SpName: spADM_GetDataSet 
 'select * from COM_TokenHistory WITH(NOLOCK) where JwtToken=''eyJhbGciOiJIUzI1NiIsInR5cCI6IkpXVCJ9.eyJ1bmlxdWVfbmFtZSI6ImFkbWluLDEsMSwxIiwibmJmIjoxNzgzMzQxMDk1LCJleHAiOjE3ODMzNjk4OTUsImlhdCI6MTc4MzM0MTA5NX0.rwNKfVX7bznzeAGTphuhnEFpb2Dtvzgyg3vCg5fSBow'''
 ,1
 ,1
[System: 192.168.1.54] DEBUG | 07/06/2026 18:05:16.925 | General Service|:: CompanyIndex:1 SpName: spADM_GetDataSet 
 ' SELECT * FROM CRM_ASSIGNMENT WITH(NOLOCK) WHERE CCID=40018 AND CCNODEID=0 AND ISFROMACTIVITY IS NOT NULL     SELECT a.* FROM COM_FILES a WITH(NOLOCK) join CRM_Activities b WITH(NOLOCK) on a.FEATUREPK=b.ActivityID WHERE a.FEATUREID=144 and b.CostCenterID=40018 and b.NodeID=0   exec spCRM_GetAssignedListForActivities 40018,0 ,0 '
 ,1
 ,1
[System: 192.168.1.54] DEBUG | 07/06/2026 18:05:16.925 | General Service|:: CompanyIndex:1 SpName: spADM_GetDataSet 
 'select * from COM_TokenHistory WITH(NOLOCK) where JwtToken=''eyJhbGciOiJIUzI1NiIsInR5cCI6IkpXVCJ9.eyJ1bmlxdWVfbmFtZSI6ImFkbWluLDEsMSwxIiwibmJmIjoxNzgzMzQxMDk1LCJleHAiOjE3ODMzNjk4OTUsImlhdCI6MTc4MzM0MTA5NX0.rwNKfVX7bznzeAGTphuhnEFpb2Dtvzgyg3vCg5fSBow'''
 ,1
 ,1
[System: 192.168.1.54] DEBUG | 07/06/2026 18:05:17.003 | General Service|:: CompanyIndex:1 SpName: spADM_GetCostCenterListViewData 
 NULL
 ,''
 ,''
 ,''
 ,''
 ,''
 ,8
 ,False
 ,''
 ,''
 ,''
 ,''
 ,''
 ,0
 ,False
 ,''
 ,''
 ,'1'
 ,'1'
 ,1
 message=Missing required parametrer.
[System: 192.168.1.54] INFO | 07/06/2026 18:05:17.003 | OnStartup: Logger Instance Created Successfully
[System: 192.168.1.54] INFO | 07/06/2026 18:05:17.003 | OnStartup: Application Starting...
[System: 192.168.1.54] ERROR | 07/06/2026 18:05:17.003 | General Service|:: CompanyIndex:1 SpName: spADM_GetCostCenterListViewDataParameters :
 NULL
 ,''
 ,''
 ,''
 ,''
 ,''
 ,8
 ,False
 ,''
 ,''
 ,''
 ,''
 ,''
 ,0
 ,False
 ,''
 ,''
 ,'1'
 ,'1'
 ,1|Missing required parametrer.
[System: 192.168.1.54] DEBUG | 07/06/2026 18:05:17.003 | General Service|:: CompanyIndex:1 SpName: spADM_GetDataSet 
 'select * from COM_TokenHistory WITH(NOLOCK) where JwtToken=''eyJhbGciOiJIUzI1NiIsInR5cCI6IkpXVCJ9.eyJ1bmlxdWVfbmFtZSI6ImFkbWluLDEsMSwxIiwibmJmIjoxNzgzMzQxMDk1LCJleHAiOjE3ODMzNjk4OTUsImlhdCI6MTc4MzM0MTA5NX0.rwNKfVX7bznzeAGTphuhnEFpb2Dtvzgyg3vCg5fSBow'''
 ,1
 ,1
[System: 192.168.1.54] DEBUG | 07/06/2026 18:05:17.081 | General Service|:: CompanyIndex:1 SpName: spADM_GetCostCenterListViewData 
 271
 ,'a.Code,a.Name'
 ,''
 ,''
 ,'Code'
 ,''
 ,8
 ,False
 ,''
 ,157
 ,''
 ,''
 ,''
 ,0
 ,False
 ,''
 ,''
 ,'1'
 ,'1'
 ,1
[System: 192.168.1.54] DEBUG | 07/06/2026 18:05:17.081 | General Service|:: CompanyIndex:1 SpName: spADM_GetDataSet 
 'select * from COM_TokenHistory WITH(NOLOCK) where JwtToken=''eyJhbGciOiJIUzI1NiIsInR5cCI6IkpXVCJ9.eyJ1bmlxdWVfbmFtZSI6ImFkbWluLDEsMSwxIiwibmJmIjoxNzgzMzQxMDk1LCJleHAiOjE3ODMzNjk4OTUsImlhdCI6MTc4MzM0MTA5NX0.rwNKfVX7bznzeAGTphuhnEFpb2Dtvzgyg3vCg5fSBow'''
 ,1
 ,1
[System: 192.168.1.54] DEBUG | 07/06/2026 18:05:17.143 | General Service|:: CompanyIndex:1 SpName: spADM_GetCostCenterListViewData 
 NULL
 ,''
 ,''
 ,''
 ,''
 ,''
 ,8
 ,False
 ,''
 ,''
 ,''
 ,''
 ,''
 ,0
 ,False
 ,''
 ,''
 ,'1'
 ,'1'
 ,1
 message=Missing required parametrer.
[System: 192.168.1.54] INFO | 07/06/2026 18:05:17.143 | OnStartup: Logger Instance Created Successfully
[System: 192.168.1.54] INFO | 07/06/2026 18:05:17.143 | OnStartup: Application Starting...
[System: 192.168.1.54] ERROR | 07/06/2026 18:05:17.143 | General Service|:: CompanyIndex:1 SpName: spADM_GetCostCenterListViewDataParameters :
 NULL
 ,''
 ,''
 ,''
 ,''
 ,''
 ,8
 ,False
 ,''
 ,''
 ,''
 ,''
 ,''
 ,0
 ,False
 ,''
 ,''
 ,'1'
 ,'1'
 ,1|Missing required parametrer.
[System: 192.168.1.54] DEBUG | 07/06/2026 18:05:17.159 | General Service|:: CompanyIndex:1 SpName: spADM_GetDataSet 
 'select * from COM_TokenHistory WITH(NOLOCK) where JwtToken=''eyJhbGciOiJIUzI1NiIsInR5cCI6IkpXVCJ9.eyJ1bmlxdWVfbmFtZSI6ImFkbWluLDEsMSwxIiwibmJmIjoxNzgzMzQxMDk1LCJleHAiOjE3ODMzNjk4OTUsImlhdCI6MTc4MzM0MTA5NX0.rwNKfVX7bznzeAGTphuhnEFpb2Dtvzgyg3vCg5fSBow'''
 ,1
 ,1
[System: 192.168.1.54] DEBUG | 07/06/2026 18:05:17.221 | General Service|:: CompanyIndex:1 SpName: spADM_GetCostCenterListViewData 
 NULL
 ,''
 ,''
 ,''
 ,''
 ,''
 ,8
 ,False
 ,''
 ,''
 ,''
 ,''
 ,''
 ,0
 ,False
 ,''
 ,''
 ,'1'
 ,'1'
 ,1
 message=Missing required parametrer.
[System: 192.168.1.54] INFO | 07/06/2026 18:05:17.221 | OnStartup: Logger Instance Created Successfully
[System: 192.168.1.54] INFO | 07/06/2026 18:05:17.221 | OnStartup: Application Starting...
[System: 192.168.1.54] ERROR | 07/06/2026 18:05:17.221 | General Service|:: CompanyIndex:1 SpName: spADM_GetCostCenterListViewDataParameters :
 NULL
 ,''
 ,''
 ,''
 ,''
 ,''
 ,8
 ,False
 ,''
 ,''
 ,''
 ,''
 ,''
 ,0
 ,False
 ,''
 ,''
 ,'1'
 ,'1'
 ,1|Missing required parametrer.
[System: 192.168.1.54] DEBUG | 07/06/2026 18:05:17.221 | General Service|:: CompanyIndex:1 SpName: spADM_GetDataSet 
 'select * from COM_TokenHistory WITH(NOLOCK) where JwtToken=''eyJhbGciOiJIUzI1NiIsInR5cCI6IkpXVCJ9.eyJ1bmlxdWVfbmFtZSI6ImFkbWluLDEsMSwxIiwibmJmIjoxNzgzMzQxMDk1LCJleHAiOjE3ODMzNjk4OTUsImlhdCI6MTc4MzM0MTA5NX0.rwNKfVX7bznzeAGTphuhnEFpb2Dtvzgyg3vCg5fSBow'''
 ,1
 ,1
[System: 192.168.1.54] DEBUG | 07/06/2026 18:05:17.284 | General Service|:: CompanyIndex:1 SpName: spADM_GetCostCenterListViewData 
 NULL
 ,''
 ,''
 ,''
 ,''
 ,''
 ,8
 ,False
 ,''
 ,''
 ,''
 ,''
 ,''
 ,0
 ,False
 ,''
 ,''
 ,'1'
 ,'1'
 ,1
 message=Missing required parametrer.
[System: 192.168.1.54] INFO | 07/06/2026 18:05:17.284 | OnStartup: Logger Instance Created Successfully
[System: 192.168.1.54] INFO | 07/06/2026 18:05:17.284 | OnStartup: Application Starting...
[System: 192.168.1.54] ERROR | 07/06/2026 18:05:17.284 | General Service|:: CompanyIndex:1 SpName: spADM_GetCostCenterListViewDataParameters :
 NULL
 ,''
 ,''
 ,''
 ,''
 ,''
 ,8
 ,False
 ,''
 ,''
 ,''
 ,''
 ,''
 ,0
 ,False
 ,''
 ,''
 ,'1'
 ,'1'
 ,1|Missing required parametrer.
[System: 192.168.1.54] DEBUG | 07/06/2026 18:05:17.300 | General Service|:: CompanyIndex:1 SpName: spADM_GetDataSet 
 'select * from COM_TokenHistory WITH(NOLOCK) where JwtToken=''eyJhbGciOiJIUzI1NiIsInR5cCI6IkpXVCJ9.eyJ1bmlxdWVfbmFtZSI6ImFkbWluLDEsMSwxIiwibmJmIjoxNzgzMzQxMDk1LCJleHAiOjE3ODMzNjk4OTUsImlhdCI6MTc4MzM0MTA5NX0.rwNKfVX7bznzeAGTphuhnEFpb2Dtvzgyg3vCg5fSBow'''
 ,1
 ,1
[System: 192.168.1.54] DEBUG | 07/06/2026 18:05:17.362 | General Service|:: CompanyIndex:1 SpName: spADM_GetCostCenterListViewData 
 NULL
 ,''
 ,''
 ,''
 ,''
 ,''
 ,8
 ,False
 ,''
 ,''
 ,' 1=1 '
 ,''
 ,''
 ,0
 ,False
 ,''
 ,''
 ,'1'
 ,'1'
 ,1
 message=Missing required parametrer.
[System: 192.168.1.54] INFO | 07/06/2026 18:05:17.362 | OnStartup: Logger Instance Created Successfully
[System: 192.168.1.54] INFO | 07/06/2026 18:05:17.362 | OnStartup: Application Starting...
[System: 192.168.1.54] ERROR | 07/06/2026 18:05:17.362 | General Service|:: CompanyIndex:1 SpName: spADM_GetCostCenterListViewDataParameters :
 NULL
 ,''
 ,''
 ,''
 ,''
 ,''
 ,8
 ,False
 ,''
 ,''
 ,' 1=1 '
 ,''
 ,''
 ,0
 ,False
 ,''
 ,''
 ,'1'
 ,'1'
 ,1|Missing required parametrer.
[System: 192.168.1.54] DEBUG | 07/06/2026 18:05:17.362 | General Service|:: CompanyIndex:1 SpName: spADM_GetDataSet 
 'select * from COM_TokenHistory WITH(NOLOCK) where JwtToken=''eyJhbGciOiJIUzI1NiIsInR5cCI6IkpXVCJ9.eyJ1bmlxdWVfbmFtZSI6ImFkbWluLDEsMSwxIiwibmJmIjoxNzgzMzQxMDk1LCJleHAiOjE3ODMzNjk4OTUsImlhdCI6MTc4MzM0MTA5NX0.rwNKfVX7bznzeAGTphuhnEFpb2Dtvzgyg3vCg5fSBow'''
 ,1
 ,1
[System: 192.168.1.54] DEBUG | 07/06/2026 18:05:17.425 | General Service|:: CompanyIndex:1 SpName: spADM_GetCostCenterListViewData 
 NULL
 ,''
 ,''
 ,''
 ,''
 ,''
 ,8
 ,False
 ,''
 ,''
 ,''
 ,''
 ,''
 ,0
 ,False
 ,''
 ,''
 ,'1'
 ,'1'
 ,1
 message=Missing required parametrer.
[System: 192.168.1.54] INFO | 07/06/2026 18:05:17.425 | OnStartup: Logger Instance Created Successfully
[System: 192.168.1.54] INFO | 07/06/2026 18:05:17.425 | OnStartup: Application Starting...
[System: 192.168.1.54] ERROR | 07/06/2026 18:05:17.425 | General Service|:: CompanyIndex:1 SpName: spADM_GetCostCenterListViewDataParameters :
 NULL
 ,''
 ,''
 ,''
 ,''
 ,''
 ,8
 ,False
 ,''
 ,''
 ,''
 ,''
 ,''
 ,0
 ,False
 ,''
 ,''
 ,'1'
 ,'1'
 ,1|Missing required parametrer.
[System: 192.168.1.54] DEBUG | 07/06/2026 18:05:17.440 | General Service|:: CompanyIndex:1 SpName: spADM_GetDataSet 
 'select * from COM_TokenHistory WITH(NOLOCK) where JwtToken=''eyJhbGciOiJIUzI1NiIsInR5cCI6IkpXVCJ9.eyJ1bmlxdWVfbmFtZSI6ImFkbWluLDEsMSwxIiwibmJmIjoxNzgzMzQxMDk1LCJleHAiOjE3ODMzNjk4OTUsImlhdCI6MTc4MzM0MTA5NX0.rwNKfVX7bznzeAGTphuhnEFpb2Dtvzgyg3vCg5fSBow'''
 ,1
 ,1
[System: 192.168.1.54] DEBUG | 07/06/2026 18:05:17.503 | General Service|:: CompanyIndex:1 SpName: spADM_GetCostCenterListViewData 
 NULL
 ,''
 ,''
 ,''
 ,''
 ,''
 ,8
 ,False
 ,''
 ,''
 ,''
 ,''
 ,''
 ,0
 ,False
 ,''
 ,''
 ,'1'
 ,'1'
 ,1
 message=Missing required parametrer.
[System: 192.168.1.54] INFO | 07/06/2026 18:05:17.503 | OnStartup: Logger Instance Created Successfully
[System: 192.168.1.54] INFO | 07/06/2026 18:05:17.503 | OnStartup: Application Starting...
[System: 192.168.1.54] ERROR | 07/06/2026 18:05:17.503 | General Service|:: CompanyIndex:1 SpName: spADM_GetCostCenterListViewDataParameters :
 NULL
 ,''
 ,''
 ,''
 ,''
 ,''
 ,8
 ,False
 ,''
 ,''
 ,''
 ,''
 ,''
 ,0
 ,False
 ,''
 ,''
 ,'1'
 ,'1'
 ,1|Missing required parametrer.
[System: 192.168.1.54] DEBUG | 07/06/2026 18:05:17.503 | General Service|:: CompanyIndex:1 SpName: spADM_GetDataSet 
 'select * from COM_TokenHistory WITH(NOLOCK) where JwtToken=''eyJhbGciOiJIUzI1NiIsInR5cCI6IkpXVCJ9.eyJ1bmlxdWVfbmFtZSI6ImFkbWluLDEsMSwxIiwibmJmIjoxNzgzMzQxMDk1LCJleHAiOjE3ODMzNjk4OTUsImlhdCI6MTc4MzM0MTA5NX0.rwNKfVX7bznzeAGTphuhnEFpb2Dtvzgyg3vCg5fSBow'''
 ,1
 ,1
[System: 192.168.1.54] DEBUG | 07/06/2026 18:05:17.518 | General Service|:: CompanyIndex:1 SpName: spCOM_GetCostCenterSelectionBoxData 
 40018
 ,'dcAlpha1'
 ,'1'
 ,1
[System: 192.168.1.54] DEBUG | 07/06/2026 18:05:17.518 | General Service|:: CompanyIndex:1 SpName: spADM_GetDataSet 
 'select * from COM_TokenHistory WITH(NOLOCK) where JwtToken=''eyJhbGciOiJIUzI1NiIsInR5cCI6IkpXVCJ9.eyJ1bmlxdWVfbmFtZSI6ImFkbWluLDEsMSwxIiwibmJmIjoxNzgzMzQxMDk1LCJleHAiOjE3ODMzNjk4OTUsImlhdCI6MTc4MzM0MTA5NX0.rwNKfVX7bznzeAGTphuhnEFpb2Dtvzgyg3vCg5fSBow'''
 ,1
 ,1
[System: 192.168.1.54] DEBUG | 07/06/2026 18:05:17.581 | General Service|:: CompanyIndex:1 SpName: spCOM_GetCostCenterSelectionBoxData 
 40018
 ,'dcAlpha18'
 ,'1'
 ,1
[System: 192.168.1.54] DEBUG | 07/06/2026 18:05:17.581 | General Service|:: CompanyIndex:1 SpName: spADM_GetDataSet 
 'select * from COM_TokenHistory WITH(NOLOCK) where JwtToken=''eyJhbGciOiJIUzI1NiIsInR5cCI6IkpXVCJ9.eyJ1bmlxdWVfbmFtZSI6ImFkbWluLDEsMSwxIiwibmJmIjoxNzgzMzQxMDk1LCJleHAiOjE3ODMzNjk4OTUsImlhdCI6MTc4MzM0MTA5NX0.rwNKfVX7bznzeAGTphuhnEFpb2Dtvzgyg3vCg5fSBow'''
 ,1
 ,1
[System: 192.168.1.54] DEBUG | 07/06/2026 18:05:18.971 | General Service|:: CompanyIndex:1 SpName: spDOC_GetAccDocument 
 40018
 ,'//11122551112284~5/'
 ,'1'
 ,'1'
 ,0
 ,' and (b.dcCCNID2=c.CCNID2 or c.CCNID2=0)'
 ,1
 ,1
 ,'admin'
 ,1
[System: 192.168.1.54] DEBUG | 07/06/2026 18:05:18.971 | General Service|:: CompanyIndex:1 SpName: spADM_GetDataSet 
 'select * from COM_TokenHistory WITH(NOLOCK) where JwtToken=''eyJhbGciOiJIUzI1NiIsInR5cCI6IkpXVCJ9.eyJ1bmlxdWVfbmFtZSI6ImFkbWluLDEsMSwxIiwibmJmIjoxNzgzMzQxMDk1LCJleHAiOjE3ODMzNjk4OTUsImlhdCI6MTc4MzM0MTA5NX0.rwNKfVX7bznzeAGTphuhnEFpb2Dtvzgyg3vCg5fSBow'''
 ,1
 ,1
[System: 192.168.1.54] DEBUG | 07/06/2026 18:05:19.252 | General Service|:: CompanyIndex:1 SpName: spDOC_GetDocumentDefinition 
 41001
 ,NULL
 ,NULL
 ,''
 ,1
 ,'admin'
 ,1
 ,1
 ,1
[System: 192.168.1.54] DEBUG | 07/06/2026 18:05:19.252 | General Service|:: CompanyIndex:1 SpName: spADM_GetDataSet 
 'select * from COM_TokenHistory WITH(NOLOCK) where JwtToken=''eyJhbGciOiJIUzI1NiIsInR5cCI6IkpXVCJ9.eyJ1bmlxdWVfbmFtZSI6ImFkbWluLDEsMSwxIiwibmJmIjoxNzgzMzQxMDk1LCJleHAiOjE3ODMzNjk4OTUsImlhdCI6MTc4MzM0MTA5NX0.rwNKfVX7bznzeAGTphuhnEFpb2Dtvzgyg3vCg5fSBow'''
 ,1
 ,1
[System: 192.168.1.54] DEBUG | 07/06/2026 18:05:27.283 | General Service|:: CompanyIndex:1 SpName: spADM_GetDataSet 
 'select CostCenterID,DocumentName,WebReportID,IsInventory,DocumentType from ADM_DocumentTypes with(nolock) where CostCenterID in (40022) order by DocumentName
declare @Tbl as Table(CostCenterID int,DocumentName nvarchar(100))
--Linked From
insert into @Tbl
select D.CostCenterID,D.DocumentName
from COM_DocumentLinkDef L with(nolock)
JOIN ADM_DocumentTypes D with(nolock) on D.CostCenterID=L.CostCenterIDLinked
where L.CostCenterIDBase in (40022)
order by DocumentName

select * from @Tbl

--Generate
select L.DocumentLinkDefID,L.CostCenterIDLinked CCID,D.CostCenterID,D.DocumentName
from COM_DocumentLinkDef L with(nolock)
JOIN ADM_DocumentTypes D with(nolock) on D.CostCenterID=L.CostCenterIDBase
JOIN @Tbl T on T.CostCenterID=L.CostCenterIDLinked
union
select L.DocumentLinkDefID,L.CostCenterIDLinked CCID,D.CostCenterID,D.DocumentName
from COM_DocumentLinkDef L with(nolock)
JOIN ADM_DocumentTypes D with(nolock) on D.CostCenterID=L.CostCenterIDBase
where L.CostCenterIDLinked in (40022)
order by CCID,DocumentName

select D.CostCenterID,D.PrefName,D.PrefValue from COM_DocumentPreferences D with(nolock)
where D.CostCenterID in (40022) and PrefName in (''DonotupdateAccounts'',''Selective'')
union all
select D.CostCenterID,D.PrefName,D.PrefValue from COM_DocumentPreferences D with(nolock)
JOIN @Tbl T on T.CostCenterID=D.CostCenterID
where PrefName in (''DonotupdateAccounts'',''Selective'')
'
 ,1
 ,1
[System: 192.168.1.54] DEBUG | 07/06/2026 18:05:27.283 | General Service|:: CompanyIndex:1 SpName: spADM_GetDataSet 
 'select * from COM_TokenHistory WITH(NOLOCK) where JwtToken=''eyJhbGciOiJIUzI1NiIsInR5cCI6IkpXVCJ9.eyJ1bmlxdWVfbmFtZSI6ImFkbWluLDEsMSwxIiwibmJmIjoxNzgzMzQxMDk1LCJleHAiOjE3ODMzNjk4OTUsImlhdCI6MTc4MzM0MTA5NX0.rwNKfVX7bznzeAGTphuhnEFpb2Dtvzgyg3vCg5fSBow'''
 ,1
 ,1
[System: 192.168.1.54] DEBUG | 07/06/2026 18:05:27.314 | General Service|:: CompanyIndex:1 SpName: spADM_GetDataSet 
 'SELECT StaticReportType FROM ADM_RevenUReports WITH(NOLOCK) WHERE ReportID=218'
 ,1
 ,1
[System: 192.168.1.54] DEBUG | 07/06/2026 18:05:27.314 | General Service|:: CompanyIndex:1 SpName: spADM_GetDataSet 
 'select * from COM_TokenHistory WITH(NOLOCK) where JwtToken=''eyJhbGciOiJIUzI1NiIsInR5cCI6IkpXVCJ9.eyJ1bmlxdWVfbmFtZSI6ImFkbWluLDEsMSwxIiwibmJmIjoxNzgzMzQxMDk1LCJleHAiOjE3ODMzNjk4OTUsImlhdCI6MTc4MzM0MTA5NX0.rwNKfVX7bznzeAGTphuhnEFpb2Dtvzgyg3vCg5fSBow'''
 ,1
 ,1
[System: 192.168.1.54] DEBUG | 07/06/2026 18:05:27.329 | General Service|:: CompanyIndex:1 SpName: spRPT_GetReport 
 0
 ,218
 ,'1'
 ,'1'
 ,1
[System: 192.168.1.54] DEBUG | 07/06/2026 18:05:27.329 | General Service|:: CompanyIndex:1 SpName: spADM_GetDataSet 
 'select * from COM_TokenHistory WITH(NOLOCK) where JwtToken=''eyJhbGciOiJIUzI1NiIsInR5cCI6IkpXVCJ9.eyJ1bmlxdWVfbmFtZSI6ImFkbWluLDEsMSwxIiwibmJmIjoxNzgzMzQxMDk1LCJleHAiOjE3ODMzNjk4OTUsImlhdCI6MTc4MzM0MTA5NX0.rwNKfVX7bznzeAGTphuhnEFpb2Dtvzgyg3vCg5fSBow'''
 ,1
 ,1
[System: 192.168.1.54] DEBUG | 07/06/2026 18:05:27.345 | General Service|:: CompanyIndex:1 SpName: spDOC_GetVPTPrintCopies 
 4
 ,50
 ,218
 ,2
 ,4
 ,'View~3e1c70e0-7845-4eb0-97fc-5e1c5df7c30e'
 ,'admin'
 ,1
[System: 192.168.1.54] DEBUG | 07/06/2026 18:05:27.345 | General Service|:: CompanyIndex:1 SpName: spADM_GetDataSet 
 'select * from COM_TokenHistory WITH(NOLOCK) where JwtToken=''eyJhbGciOiJIUzI1NiIsInR5cCI6IkpXVCJ9.eyJ1bmlxdWVfbmFtZSI6ImFkbWluLDEsMSwxIiwibmJmIjoxNzgzMzQxMDk1LCJleHAiOjE3ODMzNjk4OTUsImlhdCI6MTc4MzM0MTA5NX0.rwNKfVX7bznzeAGTphuhnEFpb2Dtvzgyg3vCg5fSBow'''
 ,1
 ,1
[System: 192.168.1.54] DEBUG | 07/06/2026 18:05:27.392 | General Service|:: CompanyIndex:1 SpName: spRPT_GetReportFields 
 400
 ,0
 ,'1'
 ,1
[System: 192.168.1.54] DEBUG | 07/06/2026 18:05:27.392 | General Service|:: CompanyIndex:1 SpName: spADM_GetDataSet 
 'select * from COM_TokenHistory WITH(NOLOCK) where JwtToken=''eyJhbGciOiJIUzI1NiIsInR5cCI6IkpXVCJ9.eyJ1bmlxdWVfbmFtZSI6ImFkbWluLDEsMSwxIiwibmJmIjoxNzgzMzQxMDk1LCJleHAiOjE3ODMzNjk4OTUsImlhdCI6MTc4MzM0MTA5NX0.rwNKfVX7bznzeAGTphuhnEFpb2Dtvzgyg3vCg5fSBow'''
 ,1
 ,1
[System: 192.168.1.54] DEBUG | 07/06/2026 18:05:27.470 | General Service|:: CompanyIndex:1 SpName: spADM_GetDataSet 
 'with rows as ( SELECT row_number() over (order by ACC.DocID desc) rowno,max(CONVERT(DATETIME,ACC.DocDate)) DocDate,max(ACC.VoucherNo) DocNo,sum(convert(float,ACC.Amount)) Amount,max(T1.Status) Status,max(T1.StatusID) _StatusID,max(T2.AccountName) DrAccount,max(T3.AccountName) CrAccount,max(ACC.CommonNarration) Narration
FROM ACC_DocDetails ACC with(nolock) left join COM_Status T1 with(nolock) on ACC.StatusID=T1.StatusID left join ACC_Accounts T2 with(nolock) on ACC.DebitAccount=T2.AccountID left join ACC_Accounts T3 with(nolock) on ACC.CreditAccount=T3.AccountID
WHERE CONVERT(DATETIME,ACC.DocDate) BETWEEN ''06 Jul 2025'' AND ''06 Jul 2026'' AND ACC.LinkedAccDocDetailsID is null and ACC.CostCenterID=40022
GROUP BY ACC.DocID,ACC.VoucherNo) select * from rows WHERE rowno>0 and rowno<=20 order by rowno
select S.StatusID,S.Status,count(*) CNT from (
SELECT ACC.StatusID,ACC.DocID
FROM ACC_DocDetails ACC with(nolock) left join COM_Status T1 with(nolock) on ACC.StatusID=T1.StatusID left join ACC_Accounts T2 with(nolock) on ACC.DebitAccount=T2.AccountID left join ACC_Accounts T3 with(nolock) on ACC.CreditAccount=T3.AccountID
WHERE CONVERT(DATETIME,ACC.DocDate) BETWEEN ''06 Jul 2025'' AND ''06 Jul 2026'' AND ACC.LinkedAccDocDetailsID is null and ACC.CostCenterID=40022
GROUP BY ACC.StatusID,ACC.DocID,ACC.VoucherNo) AS T
join COM_Status S with(nolock) on S.StatusID=T.StatusID
group by S.StatusID,S.Status'
 ,1
 ,1
[System: 192.168.1.54] DEBUG | 07/06/2026 18:05:27.485 | General Service|:: CompanyIndex:1 SpName: spADM_GetDataSet 
 'select * from COM_TokenHistory WITH(NOLOCK) where JwtToken=''eyJhbGciOiJIUzI1NiIsInR5cCI6IkpXVCJ9.eyJ1bmlxdWVfbmFtZSI6ImFkbWluLDEsMSwxIiwibmJmIjoxNzgzMzQxMDk1LCJleHAiOjE3ODMzNjk4OTUsImlhdCI6MTc4MzM0MTA5NX0.rwNKfVX7bznzeAGTphuhnEFpb2Dtvzgyg3vCg5fSBow'''
 ,1
 ,1
[System: 192.168.1.54] DEBUG | 07/06/2026 18:05:29.121 | General Service|:: CompanyIndex:1 SpName: spDOC_GetDocumentDetailsByVoucherNo 
 'RCT-97410'
 ,'1'
 ,1
[System: 192.168.1.54] DEBUG | 07/06/2026 18:05:29.121 | General Service|:: CompanyIndex:1 SpName: spADM_GetDataSet 
 'select * from COM_TokenHistory WITH(NOLOCK) where JwtToken=''eyJhbGciOiJIUzI1NiIsInR5cCI6IkpXVCJ9.eyJ1bmlxdWVfbmFtZSI6ImFkbWluLDEsMSwxIiwibmJmIjoxNzgzMzQxMDk1LCJleHAiOjE3ODMzNjk4OTUsImlhdCI6MTc4MzM0MTA5NX0.rwNKfVX7bznzeAGTphuhnEFpb2Dtvzgyg3vCg5fSBow'''
 ,1
 ,1
[System: 192.168.1.54] DEBUG | 07/06/2026 18:05:29.121 | General Service|:: CompanyIndex:1 SpName: spADM_GetDataSet 
 'declare @DocNo nvarchar(100),@DetailsID bigint
set @DocNo=''RCT-97410''
select @DetailsID=min(AccDocDetailsID) from ACC_DocDetails with(nolock) where VoucherNo=@DocNo
select CreatedBy,CONVERT(Datetime,CreatedDate) CreateDate from ACC_DocDetails with(nolock)
where AccDocDetailsID=@DetailsID

select @DetailsID=max(AccDocDetailsID) from ACC_DocDetails with(nolock) where VoucherNo=@DocNo
select ModifiedBy,CONVERT(Datetime,ModifiedDate) ModifiedDate from ACC_DocDetails with(nolock)
where AccDocDetailsID=@DetailsID

select A.AccountName,sum(Dr) Dr,sum(Cr) Cr
from(
select DebitAccount Account,Amount Dr, 0 Cr
from ACC_DocDetails with(nolock)
where VoucherNo=@DocNo
union all
select CreditAccount,0,Amount
from ACC_DocDetails with(nolock)
where VoucherNo=@DocNo
) AS T
join ACC_Accounts A with(nolock) on A.AccountID=T.Account
Group By A.AccountName
order by Dr desc,Cr desc'
 ,1
 ,1
[System: 192.168.1.54] DEBUG | 07/06/2026 18:05:29.121 | General Service|:: CompanyIndex:1 SpName: spADM_GetDataSet 
 'select * from COM_TokenHistory WITH(NOLOCK) where JwtToken=''eyJhbGciOiJIUzI1NiIsInR5cCI6IkpXVCJ9.eyJ1bmlxdWVfbmFtZSI6ImFkbWluLDEsMSwxIiwibmJmIjoxNzgzMzQxMDk1LCJleHAiOjE3ODMzNjk4OTUsImlhdCI6MTc4MzM0MTA5NX0.rwNKfVX7bznzeAGTphuhnEFpb2Dtvzgyg3vCg5fSBow'''
 ,1
 ,1
[System: 192.168.1.54] DEBUG | 07/06/2026 18:05:29.398 | General Service|:: CompanyIndex:1 SpName: spDOC_GetDocumentDefinition 
 40022
 ,NULL
 ,NULL
 ,''
 ,1
 ,'admin'
 ,1
 ,1
 ,1
[System: 192.168.1.54] DEBUG | 07/06/2026 18:05:29.414 | General Service|:: CompanyIndex:1 SpName: spADM_GetDataSet 
 'select * from COM_TokenHistory WITH(NOLOCK) where JwtToken=''eyJhbGciOiJIUzI1NiIsInR5cCI6IkpXVCJ9.eyJ1bmlxdWVfbmFtZSI6ImFkbWluLDEsMSwxIiwibmJmIjoxNzgzMzQxMDk1LCJleHAiOjE3ODMzNjk4OTUsImlhdCI6MTc4MzM0MTA5NX0.rwNKfVX7bznzeAGTphuhnEFpb2Dtvzgyg3vCg5fSBow'''
 ,1
 ,1
[System: 192.168.1.54] DEBUG | 07/06/2026 18:05:29.688 | General Service|:: CompanyIndex:1 SpName: spDOC_GetDocumentDefinition 
 40023
 ,NULL
 ,NULL
 ,''
 ,1
 ,'admin'
 ,1
 ,1
 ,1
[System: 192.168.1.54] DEBUG | 07/06/2026 18:05:29.704 | General Service|:: CompanyIndex:1 SpName: spADM_GetDataSet 
 'select * from COM_TokenHistory WITH(NOLOCK) where JwtToken=''eyJhbGciOiJIUzI1NiIsInR5cCI6IkpXVCJ9.eyJ1bmlxdWVfbmFtZSI6ImFkbWluLDEsMSwxIiwibmJmIjoxNzgzMzQxMDk1LCJleHAiOjE3ODMzNjk4OTUsImlhdCI6MTc4MzM0MTA5NX0.rwNKfVX7bznzeAGTphuhnEFpb2Dtvzgyg3vCg5fSBow'''
 ,1
 ,1
[System: 192.168.1.54] DEBUG | 07/06/2026 18:05:29.720 | General Service|:: CompanyIndex:1 SpName: spDOC_GetCurrentCodeNumber 
 40022
 ,''
 ,1
 ,1
[System: 192.168.1.54] DEBUG | 07/06/2026 18:05:29.720 | General Service|:: CompanyIndex:1 SpName: spADM_GetDataSet 
 'select * from COM_TokenHistory WITH(NOLOCK) where JwtToken=''eyJhbGciOiJIUzI1NiIsInR5cCI6IkpXVCJ9.eyJ1bmlxdWVfbmFtZSI6ImFkbWluLDEsMSwxIiwibmJmIjoxNzgzMzQxMDk1LCJleHAiOjE3ODMzNjk4OTUsImlhdCI6MTc4MzM0MTA5NX0.rwNKfVX7bznzeAGTphuhnEFpb2Dtvzgyg3vCg5fSBow'''
 ,1
 ,1
[System: 192.168.1.54] DEBUG | 07/06/2026 18:05:29.735 | General Service|:: CompanyIndex:1 SpName: spADM_GetListViewDataByIDs 
 '<XML><Row CCID="2"  TypeID="10"  DBColumnID="9677"  NodeID="1513" /><Row CCID="2"  TypeID="100"  DBColumnID="9677"  NodeID="1513" /></XML>'
 ,1
 ,1
[System: 192.168.1.54] DEBUG | 07/06/2026 18:05:29.735 | General Service|:: CompanyIndex:1 SpName: spADM_GetDataSet 
 'select * from COM_TokenHistory WITH(NOLOCK) where JwtToken=''eyJhbGciOiJIUzI1NiIsInR5cCI6IkpXVCJ9.eyJ1bmlxdWVfbmFtZSI6ImFkbWluLDEsMSwxIiwibmJmIjoxNzgzMzQxMDk1LCJleHAiOjE3ODMzNjk4OTUsImlhdCI6MTc4MzM0MTA5NX0.rwNKfVX7bznzeAGTphuhnEFpb2Dtvzgyg3vCg5fSBow'''
 ,1
 ,1
[System: 192.168.1.54] DEBUG | 07/06/2026 18:05:29.751 | General Service|:: CompanyIndex:1 SpName: spADM_GetListViewDataByIDs 
 '<XML><Row CCID="2"  TypeID="10"  DBColumnID="9677"  NodeID="1513" /><Row CCID="2"  TypeID="100"  DBColumnID="9677"  NodeID="1513" /></XML>'
 ,1
 ,1
[System: 192.168.1.54] DEBUG | 07/06/2026 18:05:29.751 | General Service|:: CompanyIndex:1 SpName: spADM_GetDataSet 
 'select * from COM_TokenHistory WITH(NOLOCK) where JwtToken=''eyJhbGciOiJIUzI1NiIsInR5cCI6IkpXVCJ9.eyJ1bmlxdWVfbmFtZSI6ImFkbWluLDEsMSwxIiwibmJmIjoxNzgzMzQxMDk1LCJleHAiOjE3ODMzNjk4OTUsImlhdCI6MTc4MzM0MTA5NX0.rwNKfVX7bznzeAGTphuhnEFpb2Dtvzgyg3vCg5fSBow'''
 ,1
 ,1
[System: 192.168.1.54] DEBUG | 07/06/2026 18:05:29.766 | General Service|:: CompanyIndex:1 SpName: spADM_GetListViewDataByIDs 
 '<XML><Row CCID="2"  TypeID="10"  DBColumnID="9677"  NodeID="1513" /><Row CCID="2"  TypeID="100"  DBColumnID="9677"  NodeID="1513" /></XML>'
 ,1
 ,1
[System: 192.168.1.54] DEBUG | 07/06/2026 18:05:29.766 | General Service|:: CompanyIndex:1 SpName: spADM_GetDataSet 
 'select * from COM_TokenHistory WITH(NOLOCK) where JwtToken=''eyJhbGciOiJIUzI1NiIsInR5cCI6IkpXVCJ9.eyJ1bmlxdWVfbmFtZSI6ImFkbWluLDEsMSwxIiwibmJmIjoxNzgzMzQxMDk1LCJleHAiOjE3ODMzNjk4OTUsImlhdCI6MTc4MzM0MTA5NX0.rwNKfVX7bznzeAGTphuhnEFpb2Dtvzgyg3vCg5fSBow'''
 ,1
 ,1
[System: 192.168.1.54] DEBUG | 07/06/2026 18:05:29.860 | General Service|:: CompanyIndex:1 SpName: spDOC_GetAccDocument 
 40022
 ,''
 ,'97410'
 ,'0'
 ,0
 ,' and (b.dcCCNID2=c.CCNID2 or c.CCNID2=0)'
 ,1
 ,1
 ,'admin'
 ,1
[System: 192.168.1.54] DEBUG | 07/06/2026 18:05:29.860 | General Service|:: CompanyIndex:1 SpName: spADM_GetDataSet 
 'select * from COM_TokenHistory WITH(NOLOCK) where JwtToken=''eyJhbGciOiJIUzI1NiIsInR5cCI6IkpXVCJ9.eyJ1bmlxdWVfbmFtZSI6ImFkbWluLDEsMSwxIiwibmJmIjoxNzgzMzQxMDk1LCJleHAiOjE3ODMzNjk4OTUsImlhdCI6MTc4MzM0MTA5NX0.rwNKfVX7bznzeAGTphuhnEFpb2Dtvzgyg3vCg5fSBow'''
 ,1
 ,1
[System: 192.168.1.54] DEBUG | 07/06/2026 18:05:29.876 | General Service|:: CompanyIndex:1 SpName: spADM_GetDataSet 
 ' select BODocID,MRDocID, VendorID from Com_BiddingDocs with (nolock) where QTDocID =36921 and Status = 1
                    and CONVERT(float, Convert(datetime, ''06/Jul/2026 06:05:29 PM'')) between CONVERT(float,BidStartTime) and CONVERT(float,BidEndTime)'
 ,1
 ,1
[System: 192.168.1.54] DEBUG | 07/06/2026 18:05:29.876 | General Service|:: CompanyIndex:1 SpName: spADM_GetDataSet 
 'select * from COM_TokenHistory WITH(NOLOCK) where JwtToken=''eyJhbGciOiJIUzI1NiIsInR5cCI6IkpXVCJ9.eyJ1bmlxdWVfbmFtZSI6ImFkbWluLDEsMSwxIiwibmJmIjoxNzgzMzQxMDk1LCJleHAiOjE3ODMzNjk4OTUsImlhdCI6MTc4MzM0MTA5NX0.rwNKfVX7bznzeAGTphuhnEFpb2Dtvzgyg3vCg5fSBow'''
 ,1
 ,1
[System: 192.168.1.54] DEBUG | 07/06/2026 18:05:29.891 | General Service|:: CompanyIndex:1 SpName: spADM_GetListViewDataByIDs 
 '<XML><Row CCID="2"  TypeID="10"  DBColumnID="9677"  NodeID="1513" /><Row CCID="2"  TypeID="100"  DBColumnID="9677"  NodeID="1513" /><Row CCID="50002"  TypeID="3"  DBColumnID="9762"  NodeID="1" /><Row CCID="2"  TypeID="10"  DBColumnID="24483"  NodeID="3694" /><Row CCID="2"  TypeID="100"  DBColumnID="9678"  NodeID="3694" /><Row CCID="50012"  TypeID="1"  DBColumnID="9772"  NodeID="1" /></XML>'
 ,1
 ,1
[System: 192.168.1.54] DEBUG | 07/06/2026 18:05:29.891 | General Service|:: CompanyIndex:1 SpName: spADM_GetDataSet 
 'select * from COM_TokenHistory WITH(NOLOCK) where JwtToken=''eyJhbGciOiJIUzI1NiIsInR5cCI6IkpXVCJ9.eyJ1bmlxdWVfbmFtZSI6ImFkbWluLDEsMSwxIiwibmJmIjoxNzgzMzQxMDk1LCJleHAiOjE3ODMzNjk4OTUsImlhdCI6MTc4MzM0MTA5NX0.rwNKfVX7bznzeAGTphuhnEFpb2Dtvzgyg3vCg5fSBow'''
 ,1
 ,1
[System: 192.168.1.54] DEBUG | 07/06/2026 18:05:30.161 | General Service|:: CompanyIndex:1 SpName: spDOC_GetDocumentDefinition 
 40023
 ,NULL
 ,NULL
 ,''
 ,1
 ,'admin'
 ,1
 ,1
 ,1
[System: 192.168.1.54] DEBUG | 07/06/2026 18:05:30.161 | General Service|:: CompanyIndex:1 SpName: spADM_GetDataSet 
 'select * from COM_TokenHistory WITH(NOLOCK) where JwtToken=''eyJhbGciOiJIUzI1NiIsInR5cCI6IkpXVCJ9.eyJ1bmlxdWVfbmFtZSI6ImFkbWluLDEsMSwxIiwibmJmIjoxNzgzMzQxMDk1LCJleHAiOjE3ODMzNjk4OTUsImlhdCI6MTc4MzM0MTA5NX0.rwNKfVX7bznzeAGTphuhnEFpb2Dtvzgyg3vCg5fSBow'''
 ,1
 ,1
[System: 192.168.1.54] DEBUG | 07/06/2026 18:05:30.208 | General Service|:: CompanyIndex:1 SpName: spCOM_GetCostCenterSelectionBoxData 
 40022
 ,'dcAlpha7'
 ,'1'
 ,1
[System: 192.168.1.54] DEBUG | 07/06/2026 18:05:30.208 | General Service|:: CompanyIndex:1 SpName: spADM_GetDataSet 
 'select * from COM_TokenHistory WITH(NOLOCK) where JwtToken=''eyJhbGciOiJIUzI1NiIsInR5cCI6IkpXVCJ9.eyJ1bmlxdWVfbmFtZSI6ImFkbWluLDEsMSwxIiwibmJmIjoxNzgzMzQxMDk1LCJleHAiOjE3ODMzNjk4OTUsImlhdCI6MTc4MzM0MTA5NX0.rwNKfVX7bznzeAGTphuhnEFpb2Dtvzgyg3vCg5fSBow'''
 ,1
 ,1
[System: 192.168.1.54] DEBUG | 07/06/2026 18:05:39.097 | General Service|:: CompanyIndex:1 SpName: spADM_GetDataSet 
 'declare @DocNo nvarchar(100),@DetailsID bigint
set @DocNo=''RCT-97406''
select @DetailsID=min(AccDocDetailsID) from ACC_DocDetails with(nolock) where VoucherNo=@DocNo
select CreatedBy,CONVERT(Datetime,CreatedDate) CreateDate from ACC_DocDetails with(nolock)
where AccDocDetailsID=@DetailsID

select @DetailsID=max(AccDocDetailsID) from ACC_DocDetails with(nolock) where VoucherNo=@DocNo
select ModifiedBy,CONVERT(Datetime,ModifiedDate) ModifiedDate from ACC_DocDetails with(nolock)
where AccDocDetailsID=@DetailsID

select A.AccountName,sum(Dr) Dr,sum(Cr) Cr
from(
select DebitAccount Account,Amount Dr, 0 Cr
from ACC_DocDetails with(nolock)
where VoucherNo=@DocNo
union all
select CreditAccount,0,Amount
from ACC_DocDetails with(nolock)
where VoucherNo=@DocNo
) AS T
join ACC_Accounts A with(nolock) on A.AccountID=T.Account
Group By A.AccountName
order by Dr desc,Cr desc'
 ,1
 ,1
[System: 192.168.1.54] DEBUG | 07/06/2026 18:05:39.097 | General Service|:: CompanyIndex:1 SpName: spDOC_GetDocumentDetailsByVoucherNo 
 'RCT-97406'
 ,'1'
 ,1
[System: 192.168.1.54] DEBUG | 07/06/2026 18:05:39.113 | General Service|:: CompanyIndex:1 SpName: spADM_GetDataSet 
 'select * from COM_TokenHistory WITH(NOLOCK) where JwtToken=''eyJhbGciOiJIUzI1NiIsInR5cCI6IkpXVCJ9.eyJ1bmlxdWVfbmFtZSI6ImFkbWluLDEsMSwxIiwibmJmIjoxNzgzMzQxMDk1LCJleHAiOjE3ODMzNjk4OTUsImlhdCI6MTc4MzM0MTA5NX0.rwNKfVX7bznzeAGTphuhnEFpb2Dtvzgyg3vCg5fSBow'''
 ,1
 ,1
[System: 192.168.1.54] DEBUG | 07/06/2026 18:05:39.113 | General Service|:: CompanyIndex:1 SpName: spADM_GetDataSet 
 'select * from COM_TokenHistory WITH(NOLOCK) where JwtToken=''eyJhbGciOiJIUzI1NiIsInR5cCI6IkpXVCJ9.eyJ1bmlxdWVfbmFtZSI6ImFkbWluLDEsMSwxIiwibmJmIjoxNzgzMzQxMDk1LCJleHAiOjE3ODMzNjk4OTUsImlhdCI6MTc4MzM0MTA5NX0.rwNKfVX7bznzeAGTphuhnEFpb2Dtvzgyg3vCg5fSBow'''
 ,1
 ,1
[System: 192.168.1.54] DEBUG | 07/06/2026 18:05:39.378 | General Service|:: CompanyIndex:1 SpName: spDOC_GetDocumentDefinition 
 40022
 ,NULL
 ,NULL
 ,''
 ,1
 ,'admin'
 ,1
 ,1
 ,1
[System: 192.168.1.54] DEBUG | 07/06/2026 18:05:39.378 | General Service|:: CompanyIndex:1 SpName: spADM_GetDataSet 
 'select * from COM_TokenHistory WITH(NOLOCK) where JwtToken=''eyJhbGciOiJIUzI1NiIsInR5cCI6IkpXVCJ9.eyJ1bmlxdWVfbmFtZSI6ImFkbWluLDEsMSwxIiwibmJmIjoxNzgzMzQxMDk1LCJleHAiOjE3ODMzNjk4OTUsImlhdCI6MTc4MzM0MTA5NX0.rwNKfVX7bznzeAGTphuhnEFpb2Dtvzgyg3vCg5fSBow'''
 ,1
 ,1
[System: 192.168.1.54] DEBUG | 07/06/2026 18:05:39.659 | General Service|:: CompanyIndex:1 SpName: spDOC_GetDocumentDefinition 
 40023
 ,NULL
 ,NULL
 ,''
 ,1
 ,'admin'
 ,1
 ,1
 ,1
[System: 192.168.1.54] DEBUG | 07/06/2026 18:05:39.659 | General Service|:: CompanyIndex:1 SpName: spADM_GetDataSet 
 'select * from COM_TokenHistory WITH(NOLOCK) where JwtToken=''eyJhbGciOiJIUzI1NiIsInR5cCI6IkpXVCJ9.eyJ1bmlxdWVfbmFtZSI6ImFkbWluLDEsMSwxIiwibmJmIjoxNzgzMzQxMDk1LCJleHAiOjE3ODMzNjk4OTUsImlhdCI6MTc4MzM0MTA5NX0.rwNKfVX7bznzeAGTphuhnEFpb2Dtvzgyg3vCg5fSBow'''
 ,1
 ,1
[System: 192.168.1.54] DEBUG | 07/06/2026 18:05:39.675 | General Service|:: CompanyIndex:1 SpName: spDOC_GetCurrentCodeNumber 
 40022
 ,''
 ,1
 ,1
[System: 192.168.1.54] DEBUG | 07/06/2026 18:05:39.675 | General Service|:: CompanyIndex:1 SpName: spADM_GetDataSet 
 'select * from COM_TokenHistory WITH(NOLOCK) where JwtToken=''eyJhbGciOiJIUzI1NiIsInR5cCI6IkpXVCJ9.eyJ1bmlxdWVfbmFtZSI6ImFkbWluLDEsMSwxIiwibmJmIjoxNzgzMzQxMDk1LCJleHAiOjE3ODMzNjk4OTUsImlhdCI6MTc4MzM0MTA5NX0.rwNKfVX7bznzeAGTphuhnEFpb2Dtvzgyg3vCg5fSBow'''
 ,1
 ,1
[System: 192.168.1.54] DEBUG | 07/06/2026 18:05:39.691 | General Service|:: CompanyIndex:1 SpName: spADM_GetListViewDataByIDs 
 '<XML><Row CCID="2"  TypeID="10"  DBColumnID="9677"  NodeID="1513" /><Row CCID="2"  TypeID="100"  DBColumnID="9677"  NodeID="1513" /></XML>'
 ,1
 ,1
[System: 192.168.1.54] DEBUG | 07/06/2026 18:05:39.691 | General Service|:: CompanyIndex:1 SpName: spADM_GetDataSet 
 'select * from COM_TokenHistory WITH(NOLOCK) where JwtToken=''eyJhbGciOiJIUzI1NiIsInR5cCI6IkpXVCJ9.eyJ1bmlxdWVfbmFtZSI6ImFkbWluLDEsMSwxIiwibmJmIjoxNzgzMzQxMDk1LCJleHAiOjE3ODMzNjk4OTUsImlhdCI6MTc4MzM0MTA5NX0.rwNKfVX7bznzeAGTphuhnEFpb2Dtvzgyg3vCg5fSBow'''
 ,1
 ,1
[System: 192.168.1.54] DEBUG | 07/06/2026 18:05:39.691 | General Service|:: CompanyIndex:1 SpName: spADM_GetListViewDataByIDs 
 '<XML><Row CCID="2"  TypeID="10"  DBColumnID="9677"  NodeID="1513" /><Row CCID="2"  TypeID="100"  DBColumnID="9677"  NodeID="1513" /></XML>'
 ,1
 ,1
[System: 192.168.1.54] DEBUG | 07/06/2026 18:05:39.691 | General Service|:: CompanyIndex:1 SpName: spADM_GetDataSet 
 'select * from COM_TokenHistory WITH(NOLOCK) where JwtToken=''eyJhbGciOiJIUzI1NiIsInR5cCI6IkpXVCJ9.eyJ1bmlxdWVfbmFtZSI6ImFkbWluLDEsMSwxIiwibmJmIjoxNzgzMzQxMDk1LCJleHAiOjE3ODMzNjk4OTUsImlhdCI6MTc4MzM0MTA5NX0.rwNKfVX7bznzeAGTphuhnEFpb2Dtvzgyg3vCg5fSBow'''
 ,1
 ,1
[System: 192.168.1.54] DEBUG | 07/06/2026 18:05:39.706 | General Service|:: CompanyIndex:1 SpName: spADM_GetListViewDataByIDs 
 '<XML><Row CCID="2"  TypeID="10"  DBColumnID="9677"  NodeID="1513" /><Row CCID="2"  TypeID="100"  DBColumnID="9677"  NodeID="1513" /></XML>'
 ,1
 ,1
[System: 192.168.1.54] DEBUG | 07/06/2026 18:05:39.706 | General Service|:: CompanyIndex:1 SpName: spADM_GetDataSet 
 'select * from COM_TokenHistory WITH(NOLOCK) where JwtToken=''eyJhbGciOiJIUzI1NiIsInR5cCI6IkpXVCJ9.eyJ1bmlxdWVfbmFtZSI6ImFkbWluLDEsMSwxIiwibmJmIjoxNzgzMzQxMDk1LCJleHAiOjE3ODMzNjk4OTUsImlhdCI6MTc4MzM0MTA5NX0.rwNKfVX7bznzeAGTphuhnEFpb2Dtvzgyg3vCg5fSBow'''
 ,1
 ,1
[System: 192.168.1.54] DEBUG | 07/06/2026 18:05:39.785 | General Service|:: CompanyIndex:1 SpName: spDOC_GetAccDocument 
 40022
 ,''
 ,'97406'
 ,'0'
 ,0
 ,' and (b.dcCCNID2=c.CCNID2 or c.CCNID2=0)'
 ,1
 ,1
 ,'admin'
 ,1
[System: 192.168.1.54] DEBUG | 07/06/2026 18:05:39.785 | General Service|:: CompanyIndex:1 SpName: spADM_GetDataSet 
 'select * from COM_TokenHistory WITH(NOLOCK) where JwtToken=''eyJhbGciOiJIUzI1NiIsInR5cCI6IkpXVCJ9.eyJ1bmlxdWVfbmFtZSI6ImFkbWluLDEsMSwxIiwibmJmIjoxNzgzMzQxMDk1LCJleHAiOjE3ODMzNjk4OTUsImlhdCI6MTc4MzM0MTA5NX0.rwNKfVX7bznzeAGTphuhnEFpb2Dtvzgyg3vCg5fSBow'''
 ,1
 ,1
[System: 192.168.1.54] DEBUG | 07/06/2026 18:05:39.800 | General Service|:: CompanyIndex:1 SpName: spADM_GetDataSet 
 ' select BODocID,MRDocID, VendorID from Com_BiddingDocs with (nolock) where QTDocID =36707 and Status = 1
                    and CONVERT(float, Convert(datetime, ''06/Jul/2026 06:05:39 PM'')) between CONVERT(float,BidStartTime) and CONVERT(float,BidEndTime)'
 ,1
 ,1
[System: 192.168.1.54] DEBUG | 07/06/2026 18:05:39.800 | General Service|:: CompanyIndex:1 SpName: spADM_GetDataSet 
 'select * from COM_TokenHistory WITH(NOLOCK) where JwtToken=''eyJhbGciOiJIUzI1NiIsInR5cCI6IkpXVCJ9.eyJ1bmlxdWVfbmFtZSI6ImFkbWluLDEsMSwxIiwibmJmIjoxNzgzMzQxMDk1LCJleHAiOjE3ODMzNjk4OTUsImlhdCI6MTc4MzM0MTA5NX0.rwNKfVX7bznzeAGTphuhnEFpb2Dtvzgyg3vCg5fSBow'''
 ,1
 ,1
[System: 192.168.1.54] DEBUG | 07/06/2026 18:05:39.800 | General Service|:: CompanyIndex:1 SpName: spADM_GetListViewDataByIDs 
 '<XML><Row CCID="2"  TypeID="10"  DBColumnID="9677"  NodeID="1506" /><Row CCID="2"  TypeID="100"  DBColumnID="9677"  NodeID="1506" /><Row CCID="50002"  TypeID="3"  DBColumnID="9762"  NodeID="400" /><Row CCID="2"  TypeID="10"  DBColumnID="24483"  NodeID="3072" /><Row CCID="2"  TypeID="100"  DBColumnID="9678"  NodeID="3072" /><Row CCID="50012"  TypeID="1"  DBColumnID="9772"  NodeID="1" /></XML>'
 ,1
 ,1
[System: 192.168.1.54] DEBUG | 07/06/2026 18:05:39.816 | General Service|:: CompanyIndex:1 SpName: spADM_GetDataSet 
 'select * from COM_TokenHistory WITH(NOLOCK) where JwtToken=''eyJhbGciOiJIUzI1NiIsInR5cCI6IkpXVCJ9.eyJ1bmlxdWVfbmFtZSI6ImFkbWluLDEsMSwxIiwibmJmIjoxNzgzMzQxMDk1LCJleHAiOjE3ODMzNjk4OTUsImlhdCI6MTc4MzM0MTA5NX0.rwNKfVX7bznzeAGTphuhnEFpb2Dtvzgyg3vCg5fSBow'''
 ,1
 ,1
[System: 192.168.1.54] DEBUG | 07/06/2026 18:05:40.082 | General Service|:: CompanyIndex:1 SpName: spDOC_GetDocumentDefinition 
 40023
 ,NULL
 ,NULL
 ,''
 ,1
 ,'admin'
 ,1
 ,1
 ,1
[System: 192.168.1.54] DEBUG | 07/06/2026 18:05:40.082 | General Service|:: CompanyIndex:1 SpName: spADM_GetDataSet 
 'select * from COM_TokenHistory WITH(NOLOCK) where JwtToken=''eyJhbGciOiJIUzI1NiIsInR5cCI6IkpXVCJ9.eyJ1bmlxdWVfbmFtZSI6ImFkbWluLDEsMSwxIiwibmJmIjoxNzgzMzQxMDk1LCJleHAiOjE3ODMzNjk4OTUsImlhdCI6MTc4MzM0MTA5NX0.rwNKfVX7bznzeAGTphuhnEFpb2Dtvzgyg3vCg5fSBow'''
 ,1
 ,1
[System: 192.168.1.54] DEBUG | 07/06/2026 18:05:40.129 | General Service|:: CompanyIndex:1 SpName: spCOM_GetCostCenterSelectionBoxData 
 40022
 ,'dcAlpha7'
 ,'1'
 ,1
[System: 192.168.1.54] DEBUG | 07/06/2026 18:05:40.129 | General Service|:: CompanyIndex:1 SpName: spADM_GetDataSet 
 'select * from COM_TokenHistory WITH(NOLOCK) where JwtToken=''eyJhbGciOiJIUzI1NiIsInR5cCI6IkpXVCJ9.eyJ1bmlxdWVfbmFtZSI6ImFkbWluLDEsMSwxIiwibmJmIjoxNzgzMzQxMDk1LCJleHAiOjE3ODMzNjk4OTUsImlhdCI6MTc4MzM0MTA5NX0.rwNKfVX7bznzeAGTphuhnEFpb2Dtvzgyg3vCg5fSBow'''
 ,1
 ,1
[System: 192.168.1.54] DEBUG | 07/06/2026 18:05:40.425 | General Service|:: CompanyIndex:1 SpName: spADM_GetDataSet 
 'declare @UserID int,@RoleID int,@UserName NVARCHAR(100),@where nvarchar(max),@query nvarchar(max)
set @UserID=1
set @RoleID=1-- Employee:-1
SELECT @UserName=UserName From ADM_Users WITH(NOLOCK) WHERE UserID=@UserID
exec [fnGet_GetAssignedDims] @UserID,@RoleID,@where output
 create table #TblUsrWF(WID int,LevelID int,Type int,CtWef float,LvWef int)
EXEC spRPT_GetReportData @Type=8,@Param1=@UserID,@strXML=null,@RoleID=@RoleID set @query=''  SELECT DT.CostCenterID,DT.DocumentName,DT.DocumentType,DT.IsInventory,count(*) CNT
FROM (
 SELECT INV.CostCenterID
FROM INV_DocDetails INV with(nolock)''
if(@where<>'''')
	set @query=@query+'' join com_docccdata d with(nolock) on INV.INVDocDetailsid=d.INVDocDetailsid''	

set @query=@query+'' ,#TblUsrWF WF
WHERE WF.WID=INV.WorkflowID and (WF.LevelID>INV.WorkFlowLevel or (WF.LevelID+1=INV.WorkFlowLevel and INV.StatusID=372)) and (INV.StatusID=371 or INV.StatusID=372 or INV.StatusID=441) AND (WF.Type=1 or (INV.WorkFlowLevel+1=WF.LevelID and INV.StatusID!=372) or (WF.LevelID+1=INV.WorkFlowLevel and INV.StatusID=372) or (WF.CtWef is not null and INV.WorkFlowLevel>=WF.LvWef
and INV.CreatedDate+WF.CtWef<=convert(float,getdate())))  ''+@where+''
GROUP BY INV.CostCenterID,INV.VoucherNo
UNION ALL
SELECT ACC.CostCenterID
FROM ACC_DocDetails ACC with(nolock)''
if(@where<>'''')
	set @query=@query+'' join com_docccdata d with(nolock) on ACC.ACCDocDetailsid=d.ACCDocDetailsid''	

set @query=@query+'',#TblUsrWF WF
WHERE ACC.LinkedAccDocDetailsID is null and ACC.InvDocDetailsID is null and WF.WID=ACC.WorkflowID and (WF.LevelID>ACC.WorkFlowLevel or (WF.LevelID+1=ACC.WorkFlowLevel and ACC.StatusID=372)) and (ACC.StatusID=371 or ACC.StatusID=372 or ACC.StatusID=441) AND (WF.Type=1 or (ACC.WorkFlowLevel+1=WF.LevelID and ACC.StatusID!=372) or (WF.LevelID+1=ACC.WorkFlowLevel and ACC.StatusID=372) or (WF.CtWef is not null and ACC.WorkFlowLevel>=WF.LvWef
and ACC.CreatedDate+WF.CtWef<=convert(float,getdate())))   ''+@where+''
GROUP BY ACC.CostCenterID,ACC.VoucherNo  ) AS T
JOIN ADM_DocumentTypes DT with(nolock) ON T.CostCenterID=DT.CostCenterID
GROUP BY DT.CostCenterID,DT.DocumentName,DT.DocumentType,DT.IsInventory  
UNION ALL
SELECT DT.FeatureID CostCenterID,DT.Name DocumentName,-DT.FeatureID DocumentType,0 IsInventory,count(*) CNT
FROM (
SELECT INV.CostCenterID FROM REN_Contract INV WITH(NOLOCK),#TblUsrWF WF
WHERE  WF.WID=INV.WorkflowID and WF.LevelID>INV.WorkFlowLevel and (INV.StatusID=440 or INV.StatusID=470 or INV.StatusID=466) AND (WF.Type=1 or (INV.WorkFlowLevel+1=WF.LevelID and INV.StatusID!=470)  or (WF.CtWef is not null and INV.WorkFlowLevel>=WF.LvWef
 and INV.CreatedDate+WF.CtWef<=convert(float,getdate()))) AND INV.RefContractID=0 ) AS T
JOIN ADM_Features DT with(nolock) ON T.CostCenterID=DT.FeatureID
GROUP BY DT.FeatureID,DT.Name 
ORDER BY DocumentName''
exec(@query)

DROP TABLE #TblUsrWF
'
 ,1
 ,1
[System: 192.168.1.54] DEBUG | 07/06/2026 18:05:40.440 | General Service|:: CompanyIndex:1 SpName: spADM_GetDataSet 
 'select * from COM_TokenHistory WITH(NOLOCK) where JwtToken=''eyJhbGciOiJIUzI1NiIsInR5cCI6IkpXVCJ9.eyJ1bmlxdWVfbmFtZSI6ImFkbWluLDEsMSwxIiwibmJmIjoxNzgzMzQxMDk1LCJleHAiOjE3ODMzNjk4OTUsImlhdCI6MTc4MzM0MTA5NX0.rwNKfVX7bznzeAGTphuhnEFpb2Dtvzgyg3vCg5fSBow'''
 ,1
 ,1
[System: 192.168.1.54] DEBUG | 07/06/2026 18:05:43.643 | General Service|:: CompanyIndex:1 SpName: spDOC_GetDocumentDetailsByVoucherNo 
 'RCT-97412'
 ,'1'
 ,1
[System: 192.168.1.54] DEBUG | 07/06/2026 18:05:43.643 | General Service|:: CompanyIndex:1 SpName: spADM_GetDataSet 
 'declare @DocNo nvarchar(100),@DetailsID bigint
set @DocNo=''RCT-97412''
select @DetailsID=min(AccDocDetailsID) from ACC_DocDetails with(nolock) where VoucherNo=@DocNo
select CreatedBy,CONVERT(Datetime,CreatedDate) CreateDate from ACC_DocDetails with(nolock)
where AccDocDetailsID=@DetailsID

select @DetailsID=max(AccDocDetailsID) from ACC_DocDetails with(nolock) where VoucherNo=@DocNo
select ModifiedBy,CONVERT(Datetime,ModifiedDate) ModifiedDate from ACC_DocDetails with(nolock)
where AccDocDetailsID=@DetailsID

select A.AccountName,sum(Dr) Dr,sum(Cr) Cr
from(
select DebitAccount Account,Amount Dr, 0 Cr
from ACC_DocDetails with(nolock)
where VoucherNo=@DocNo
union all
select CreditAccount,0,Amount
from ACC_DocDetails with(nolock)
where VoucherNo=@DocNo
) AS T
join ACC_Accounts A with(nolock) on A.AccountID=T.Account
Group By A.AccountName
order by Dr desc,Cr desc'
 ,1
 ,1
[System: 192.168.1.54] DEBUG | 07/06/2026 18:05:43.643 | General Service|:: CompanyIndex:1 SpName: spADM_GetDataSet 
 'select * from COM_TokenHistory WITH(NOLOCK) where JwtToken=''eyJhbGciOiJIUzI1NiIsInR5cCI6IkpXVCJ9.eyJ1bmlxdWVfbmFtZSI6ImFkbWluLDEsMSwxIiwibmJmIjoxNzgzMzQxMDk1LCJleHAiOjE3ODMzNjk4OTUsImlhdCI6MTc4MzM0MTA5NX0.rwNKfVX7bznzeAGTphuhnEFpb2Dtvzgyg3vCg5fSBow'''
 ,1
 ,1
[System: 192.168.1.54] DEBUG | 07/06/2026 18:05:43.643 | General Service|:: CompanyIndex:1 SpName: spADM_GetDataSet 
 'select * from COM_TokenHistory WITH(NOLOCK) where JwtToken=''eyJhbGciOiJIUzI1NiIsInR5cCI6IkpXVCJ9.eyJ1bmlxdWVfbmFtZSI6ImFkbWluLDEsMSwxIiwibmJmIjoxNzgzMzQxMDk1LCJleHAiOjE3ODMzNjk4OTUsImlhdCI6MTc4MzM0MTA5NX0.rwNKfVX7bznzeAGTphuhnEFpb2Dtvzgyg3vCg5fSBow'''
 ,1
 ,1
[System: 192.168.1.54] DEBUG | 07/06/2026 18:05:43.907 | General Service|:: CompanyIndex:1 SpName: spDOC_GetDocumentDefinition 
 40022
 ,NULL
 ,NULL
 ,''
 ,1
 ,'admin'
 ,1
 ,1
 ,1
[System: 192.168.1.54] DEBUG | 07/06/2026 18:05:43.923 | General Service|:: CompanyIndex:1 SpName: spADM_GetDataSet 
 'select * from COM_TokenHistory WITH(NOLOCK) where JwtToken=''eyJhbGciOiJIUzI1NiIsInR5cCI6IkpXVCJ9.eyJ1bmlxdWVfbmFtZSI6ImFkbWluLDEsMSwxIiwibmJmIjoxNzgzMzQxMDk1LCJleHAiOjE3ODMzNjk4OTUsImlhdCI6MTc4MzM0MTA5NX0.rwNKfVX7bznzeAGTphuhnEFpb2Dtvzgyg3vCg5fSBow'''
 ,1
 ,1
[System: 192.168.1.54] DEBUG | 07/06/2026 18:05:44.207 | General Service|:: CompanyIndex:1 SpName: spDOC_GetDocumentDefinition 
 40023
 ,NULL
 ,NULL
 ,''
 ,1
 ,'admin'
 ,1
 ,1
 ,1
[System: 192.168.1.54] DEBUG | 07/06/2026 18:05:44.207 | General Service|:: CompanyIndex:1 SpName: spADM_GetDataSet 
 'select * from COM_TokenHistory WITH(NOLOCK) where JwtToken=''eyJhbGciOiJIUzI1NiIsInR5cCI6IkpXVCJ9.eyJ1bmlxdWVfbmFtZSI6ImFkbWluLDEsMSwxIiwibmJmIjoxNzgzMzQxMDk1LCJleHAiOjE3ODMzNjk4OTUsImlhdCI6MTc4MzM0MTA5NX0.rwNKfVX7bznzeAGTphuhnEFpb2Dtvzgyg3vCg5fSBow'''
 ,1
 ,1
[System: 192.168.1.54] DEBUG | 07/06/2026 18:05:44.223 | General Service|:: CompanyIndex:1 SpName: spDOC_GetCurrentCodeNumber 
 40022
 ,''
 ,1
 ,1
[System: 192.168.1.54] DEBUG | 07/06/2026 18:05:44.223 | General Service|:: CompanyIndex:1 SpName: spADM_GetDataSet 
 'select * from COM_TokenHistory WITH(NOLOCK) where JwtToken=''eyJhbGciOiJIUzI1NiIsInR5cCI6IkpXVCJ9.eyJ1bmlxdWVfbmFtZSI6ImFkbWluLDEsMSwxIiwibmJmIjoxNzgzMzQxMDk1LCJleHAiOjE3ODMzNjk4OTUsImlhdCI6MTc4MzM0MTA5NX0.rwNKfVX7bznzeAGTphuhnEFpb2Dtvzgyg3vCg5fSBow'''
 ,1
 ,1
[System: 192.168.1.54] DEBUG | 07/06/2026 18:05:44.223 | General Service|:: CompanyIndex:1 SpName: spADM_GetListViewDataByIDs 
 '<XML><Row CCID="2"  TypeID="10"  DBColumnID="9677"  NodeID="1513" /><Row CCID="2"  TypeID="100"  DBColumnID="9677"  NodeID="1513" /></XML>'
 ,1
 ,1
[System: 192.168.1.54] DEBUG | 07/06/2026 18:05:44.223 | General Service|:: CompanyIndex:1 SpName: spADM_GetDataSet 
 'select * from COM_TokenHistory WITH(NOLOCK) where JwtToken=''eyJhbGciOiJIUzI1NiIsInR5cCI6IkpXVCJ9.eyJ1bmlxdWVfbmFtZSI6ImFkbWluLDEsMSwxIiwibmJmIjoxNzgzMzQxMDk1LCJleHAiOjE3ODMzNjk4OTUsImlhdCI6MTc4MzM0MTA5NX0.rwNKfVX7bznzeAGTphuhnEFpb2Dtvzgyg3vCg5fSBow'''
 ,1
 ,1
[System: 192.168.1.54] DEBUG | 07/06/2026 18:05:44.239 | General Service|:: CompanyIndex:1 SpName: spADM_GetListViewDataByIDs 
 '<XML><Row CCID="2"  TypeID="10"  DBColumnID="9677"  NodeID="1513" /><Row CCID="2"  TypeID="100"  DBColumnID="9677"  NodeID="1513" /></XML>'
 ,1
 ,1
[System: 192.168.1.54] DEBUG | 07/06/2026 18:05:44.239 | General Service|:: CompanyIndex:1 SpName: spADM_GetDataSet 
 'select * from COM_TokenHistory WITH(NOLOCK) where JwtToken=''eyJhbGciOiJIUzI1NiIsInR5cCI6IkpXVCJ9.eyJ1bmlxdWVfbmFtZSI6ImFkbWluLDEsMSwxIiwibmJmIjoxNzgzMzQxMDk1LCJleHAiOjE3ODMzNjk4OTUsImlhdCI6MTc4MzM0MTA5NX0.rwNKfVX7bznzeAGTphuhnEFpb2Dtvzgyg3vCg5fSBow'''
 ,1
 ,1
[System: 192.168.1.54] DEBUG | 07/06/2026 18:05:44.254 | General Service|:: CompanyIndex:1 SpName: spADM_GetListViewDataByIDs 
 '<XML><Row CCID="2"  TypeID="10"  DBColumnID="9677"  NodeID="1513" /><Row CCID="2"  TypeID="100"  DBColumnID="9677"  NodeID="1513" /></XML>'
 ,1
 ,1
[System: 192.168.1.54] DEBUG | 07/06/2026 18:05:44.254 | General Service|:: CompanyIndex:1 SpName: spADM_GetDataSet 
 'select * from COM_TokenHistory WITH(NOLOCK) where JwtToken=''eyJhbGciOiJIUzI1NiIsInR5cCI6IkpXVCJ9.eyJ1bmlxdWVfbmFtZSI6ImFkbWluLDEsMSwxIiwibmJmIjoxNzgzMzQxMDk1LCJleHAiOjE3ODMzNjk4OTUsImlhdCI6MTc4MzM0MTA5NX0.rwNKfVX7bznzeAGTphuhnEFpb2Dtvzgyg3vCg5fSBow'''
 ,1
 ,1
[System: 192.168.1.54] DEBUG | 07/06/2026 18:05:44.333 | General Service|:: CompanyIndex:1 SpName: spDOC_GetAccDocument 
 40022
 ,''
 ,'97412'
 ,'0'
 ,0
 ,' and (b.dcCCNID2=c.CCNID2 or c.CCNID2=0)'
 ,1
 ,1
 ,'admin'
 ,1
[System: 192.168.1.54] DEBUG | 07/06/2026 18:05:44.333 | General Service|:: CompanyIndex:1 SpName: spADM_GetDataSet 
 'select * from COM_TokenHistory WITH(NOLOCK) where JwtToken=''eyJhbGciOiJIUzI1NiIsInR5cCI6IkpXVCJ9.eyJ1bmlxdWVfbmFtZSI6ImFkbWluLDEsMSwxIiwibmJmIjoxNzgzMzQxMDk1LCJleHAiOjE3ODMzNjk4OTUsImlhdCI6MTc4MzM0MTA5NX0.rwNKfVX7bznzeAGTphuhnEFpb2Dtvzgyg3vCg5fSBow'''
 ,1
 ,1
[System: 192.168.1.54] DEBUG | 07/06/2026 18:05:44.355 | General Service|:: CompanyIndex:1 SpName: spADM_GetDataSet 
 ' select BODocID,MRDocID, VendorID from Com_BiddingDocs with (nolock) where QTDocID =36923 and Status = 1
                    and CONVERT(float, Convert(datetime, ''06/Jul/2026 06:05:44 PM'')) between CONVERT(float,BidStartTime) and CONVERT(float,BidEndTime)'
 ,1
 ,1
[System: 192.168.1.54] DEBUG | 07/06/2026 18:05:44.355 | General Service|:: CompanyIndex:1 SpName: spADM_GetDataSet 
 'select * from COM_TokenHistory WITH(NOLOCK) where JwtToken=''eyJhbGciOiJIUzI1NiIsInR5cCI6IkpXVCJ9.eyJ1bmlxdWVfbmFtZSI6ImFkbWluLDEsMSwxIiwibmJmIjoxNzgzMzQxMDk1LCJleHAiOjE3ODMzNjk4OTUsImlhdCI6MTc4MzM0MTA5NX0.rwNKfVX7bznzeAGTphuhnEFpb2Dtvzgyg3vCg5fSBow'''
 ,1
 ,1
[System: 192.168.1.54] DEBUG | 07/06/2026 18:05:44.368 | General Service|:: CompanyIndex:1 SpName: spADM_GetListViewDataByIDs 
 '<XML><Row CCID="2"  TypeID="10"  DBColumnID="9677"  NodeID="1513" /><Row CCID="2"  TypeID="100"  DBColumnID="9677"  NodeID="1513" /><Row CCID="50002"  TypeID="3"  DBColumnID="9762"  NodeID="1" /><Row CCID="2"  TypeID="10"  DBColumnID="24483"  NodeID="3694" /><Row CCID="2"  TypeID="100"  DBColumnID="9678"  NodeID="3694" /><Row CCID="50012"  TypeID="1"  DBColumnID="9772"  NodeID="1" /></XML>'
 ,1
 ,1
[System: 192.168.1.54] DEBUG | 07/06/2026 18:05:44.368 | General Service|:: CompanyIndex:1 SpName: spADM_GetDataSet 
 'select * from COM_TokenHistory WITH(NOLOCK) where JwtToken=''eyJhbGciOiJIUzI1NiIsInR5cCI6IkpXVCJ9.eyJ1bmlxdWVfbmFtZSI6ImFkbWluLDEsMSwxIiwibmJmIjoxNzgzMzQxMDk1LCJleHAiOjE3ODMzNjk4OTUsImlhdCI6MTc4MzM0MTA5NX0.rwNKfVX7bznzeAGTphuhnEFpb2Dtvzgyg3vCg5fSBow'''
 ,1
 ,1
[System: 192.168.1.54] DEBUG | 07/06/2026 18:05:44.640 | General Service|:: CompanyIndex:1 SpName: spDOC_GetDocumentDefinition 
 40023
 ,NULL
 ,NULL
 ,''
 ,1
 ,'admin'
 ,1
 ,1
 ,1
[System: 192.168.1.54] DEBUG | 07/06/2026 18:05:44.640 | General Service|:: CompanyIndex:1 SpName: spADM_GetDataSet 
 'select * from COM_TokenHistory WITH(NOLOCK) where JwtToken=''eyJhbGciOiJIUzI1NiIsInR5cCI6IkpXVCJ9.eyJ1bmlxdWVfbmFtZSI6ImFkbWluLDEsMSwxIiwibmJmIjoxNzgzMzQxMDk1LCJleHAiOjE3ODMzNjk4OTUsImlhdCI6MTc4MzM0MTA5NX0.rwNKfVX7bznzeAGTphuhnEFpb2Dtvzgyg3vCg5fSBow'''
 ,1
 ,1
[System: 192.168.1.54] DEBUG | 07/06/2026 18:05:44.691 | General Service|:: CompanyIndex:1 SpName: spCOM_GetCostCenterSelectionBoxData 
 40022
 ,'dcAlpha7'
 ,'1'
 ,1
[System: 192.168.1.54] DEBUG | 07/06/2026 18:05:44.691 | General Service|:: CompanyIndex:1 SpName: spADM_GetDataSet 
 'select * from COM_TokenHistory WITH(NOLOCK) where JwtToken=''eyJhbGciOiJIUzI1NiIsInR5cCI6IkpXVCJ9.eyJ1bmlxdWVfbmFtZSI6ImFkbWluLDEsMSwxIiwibmJmIjoxNzgzMzQxMDk1LCJleHAiOjE3ODMzNjk4OTUsImlhdCI6MTc4MzM0MTA5NX0.rwNKfVX7bznzeAGTphuhnEFpb2Dtvzgyg3vCg5fSBow'''
 ,1
 ,1
[System: 192.168.1.54] DEBUG | 07/06/2026 18:05:48.119 | General Service|:: CompanyIndex:1 SpName: spDOC_GetDocumentDefinition 
 41124
 ,NULL
 ,NULL
 ,''
 ,1
 ,'admin'
 ,1
 ,1
 ,1
[System: 192.168.1.54] DEBUG | 07/06/2026 18:05:48.135 | General Service|:: CompanyIndex:1 SpName: spADM_GetDataSet 
 'select * from COM_TokenHistory WITH(NOLOCK) where JwtToken=''eyJhbGciOiJIUzI1NiIsInR5cCI6IkpXVCJ9.eyJ1bmlxdWVfbmFtZSI6ImFkbWluLDEsMSwxIiwibmJmIjoxNzgzMzQxMDk1LCJleHAiOjE3ODMzNjk4OTUsImlhdCI6MTc4MzM0MTA5NX0.rwNKfVX7bznzeAGTphuhnEFpb2Dtvzgyg3vCg5fSBow'''
 ,1
 ,1
[System: 192.168.1.54] DEBUG | 07/06/2026 18:05:48.432 | General Service|:: CompanyIndex:1 SpName: spDOC_GetDocumentDefinition 
 41001
 ,NULL
 ,NULL
 ,''
 ,1
 ,'admin'
 ,1
 ,1
 ,1
[System: 192.168.1.54] DEBUG | 07/06/2026 18:05:48.432 | General Service|:: CompanyIndex:1 SpName: spADM_GetDataSet 
 'select * from COM_TokenHistory WITH(NOLOCK) where JwtToken=''eyJhbGciOiJIUzI1NiIsInR5cCI6IkpXVCJ9.eyJ1bmlxdWVfbmFtZSI6ImFkbWluLDEsMSwxIiwibmJmIjoxNzgzMzQxMDk1LCJleHAiOjE3ODMzNjk4OTUsImlhdCI6MTc4MzM0MTA5NX0.rwNKfVX7bznzeAGTphuhnEFpb2Dtvzgyg3vCg5fSBow'''
 ,1
 ,1
[System: 192.168.1.54] DEBUG | 07/06/2026 18:05:48.525 | General Service|:: CompanyIndex:1 SpName: spADM_GetCostCenterListViewData 
 267
 ,'a.Name,a.Code,a.CreatedBy,Convert(Datetime,a.CreatedDate) as CreatedDate'
 ,''
 ,''
 ,'Name'
 ,''
 ,8
 ,False
 ,''
 ,''
 ,''
 ,''
 ,''
 ,0
 ,False
 ,''
 ,''
 ,'1'
 ,'1'
 ,1
[System: 192.168.1.54] DEBUG | 07/06/2026 18:05:48.525 | General Service|:: CompanyIndex:1 SpName: spADM_GetDataSet 
 'select * from COM_TokenHistory WITH(NOLOCK) where JwtToken=''eyJhbGciOiJIUzI1NiIsInR5cCI6IkpXVCJ9.eyJ1bmlxdWVfbmFtZSI6ImFkbWluLDEsMSwxIiwibmJmIjoxNzgzMzQxMDk1LCJleHAiOjE3ODMzNjk4OTUsImlhdCI6MTc4MzM0MTA5NX0.rwNKfVX7bznzeAGTphuhnEFpb2Dtvzgyg3vCg5fSBow'''
 ,1
 ,1
[System: 192.168.1.54] DEBUG | 07/06/2026 18:05:48.604 | General Service|:: CompanyIndex:1 SpName: spADM_GetCostCenterListViewData 
 354
 ,'a.Name,a.Code'
 ,''
 ,''
 ,'Name'
 ,''
 ,8
 ,False
 ,''
 ,''
 ,''
 ,''
 ,''
 ,0
 ,False
 ,''
 ,''
 ,'1'
 ,'1'
 ,1
[System: 192.168.1.54] DEBUG | 07/06/2026 18:05:48.604 | General Service|:: CompanyIndex:1 SpName: spADM_GetDataSet 
 'select * from COM_TokenHistory WITH(NOLOCK) where JwtToken=''eyJhbGciOiJIUzI1NiIsInR5cCI6IkpXVCJ9.eyJ1bmlxdWVfbmFtZSI6ImFkbWluLDEsMSwxIiwibmJmIjoxNzgzMzQxMDk1LCJleHAiOjE3ODMzNjk4OTUsImlhdCI6MTc4MzM0MTA5NX0.rwNKfVX7bznzeAGTphuhnEFpb2Dtvzgyg3vCg5fSBow'''
 ,1
 ,1
[System: 192.168.1.54] DEBUG | 07/06/2026 18:05:48.682 | General Service|:: CompanyIndex:1 SpName: spADM_GetCostCenterListViewData 
 269
 ,'a.Name,a.Code,a.CurrencyID, CC3.Name as CC3Name , CC4.AccountName as CC4AccountName '
 ,''
 ,' LEFT JOIN COM_Salesman CC3  WITH(NOLOCK)  on  CC3.NodeID=CC.CCNID5  LEFT JOIN ACC_Accounts CC4  WITH(NOLOCK)  on  CC4.AccountID= a.SalesAccount '
 ,'Name'
 ,''
 ,8
 ,False
 ,''
 ,''
 ,''
 ,''
 ,''
 ,0
 ,False
 ,'(a.Code like  N''%{0}%''  or a.Name like  N''%{0}%''  escape ''\'' )'
 ,''
 ,'1'
 ,'1'
 ,1
[System: 192.168.1.54] DEBUG | 07/06/2026 18:05:48.682 | General Service|:: CompanyIndex:1 SpName: spADM_GetDataSet 
 'select * from COM_TokenHistory WITH(NOLOCK) where JwtToken=''eyJhbGciOiJIUzI1NiIsInR5cCI6IkpXVCJ9.eyJ1bmlxdWVfbmFtZSI6ImFkbWluLDEsMSwxIiwibmJmIjoxNzgzMzQxMDk1LCJleHAiOjE3ODMzNjk4OTUsImlhdCI6MTc4MzM0MTA5NX0.rwNKfVX7bznzeAGTphuhnEFpb2Dtvzgyg3vCg5fSBow'''
 ,1
 ,1
[System: 192.168.1.54] DEBUG | 07/06/2026 18:05:48.729 | General Service|:: CompanyIndex:1 SpName: spCOM_GetDimensionTabGridData 
 41124
 ,144
 ,1
 ,1
[System: 192.168.1.54] DEBUG | 07/06/2026 18:05:48.729 | General Service|:: CompanyIndex:1 SpName: spADM_GetDataSet 
 'select * from COM_TokenHistory WITH(NOLOCK) where JwtToken=''eyJhbGciOiJIUzI1NiIsInR5cCI6IkpXVCJ9.eyJ1bmlxdWVfbmFtZSI6ImFkbWluLDEsMSwxIiwibmJmIjoxNzgzMzQxMDk1LCJleHAiOjE3ODMzNjk4OTUsImlhdCI6MTc4MzM0MTA5NX0.rwNKfVX7bznzeAGTphuhnEFpb2Dtvzgyg3vCg5fSBow'''
 ,1
 ,1
[System: 192.168.1.54] DEBUG | 07/06/2026 18:05:48.760 | General Service|:: CompanyIndex:1 SpName: SPCRM_GetActivitiesCustomFields 
 41124
 ,0
 ,'admin'
 ,1
 ,1
 ,1
[System: 192.168.1.54] DEBUG | 07/06/2026 18:05:48.760 | General Service|:: CompanyIndex:1 SpName: spADM_GetDataSet 
 'select * from COM_TokenHistory WITH(NOLOCK) where JwtToken=''eyJhbGciOiJIUzI1NiIsInR5cCI6IkpXVCJ9.eyJ1bmlxdWVfbmFtZSI6ImFkbWluLDEsMSwxIiwibmJmIjoxNzgzMzQxMDk1LCJleHAiOjE3ODMzNjk4OTUsImlhdCI6MTc4MzM0MTA5NX0.rwNKfVX7bznzeAGTphuhnEFpb2Dtvzgyg3vCg5fSBow'''
 ,1
 ,1
[System: 192.168.1.54] DEBUG | 07/06/2026 18:05:48.776 | General Service|:: CompanyIndex:1 SpName: spADM_GetDataSet 
 ' select Name,value from [com_Costcenterpreferences] with(nolock) where CostCenterID=1000 '
 ,1
 ,1
[System: 192.168.1.54] DEBUG | 07/06/2026 18:05:48.776 | General Service|:: CompanyIndex:1 SpName: spADM_GetDataSet 
 'select * from COM_TokenHistory WITH(NOLOCK) where JwtToken=''eyJhbGciOiJIUzI1NiIsInR5cCI6IkpXVCJ9.eyJ1bmlxdWVfbmFtZSI6ImFkbWluLDEsMSwxIiwibmJmIjoxNzgzMzQxMDk1LCJleHAiOjE3ODMzNjk4OTUsImlhdCI6MTc4MzM0MTA5NX0.rwNKfVX7bznzeAGTphuhnEFpb2Dtvzgyg3vCg5fSBow'''
 ,1
 ,1
[System: 192.168.1.54] DEBUG | 07/06/2026 18:05:48.776 | General Service|:: CompanyIndex:1 SpName: spADM_GetDataSet 
 'select * from COM_TokenHistory WITH(NOLOCK) where JwtToken=''eyJhbGciOiJIUzI1NiIsInR5cCI6IkpXVCJ9.eyJ1bmlxdWVfbmFtZSI6ImFkbWluLDEsMSwxIiwibmJmIjoxNzgzMzQxMDk1LCJleHAiOjE3ODMzNjk4OTUsImlhdCI6MTc4MzM0MTA5NX0.rwNKfVX7bznzeAGTphuhnEFpb2Dtvzgyg3vCg5fSBow'''
 ,1
 ,1
[System: 192.168.1.54] DEBUG | 07/06/2026 18:05:48.791 | General Service|:: CompanyIndex:1 SpName: spADM_GetDataSet 
 'select UserName,UserID from dbo.adm_users with(nolock) where isuserdeleted=0 and StatusID=1'
 ,1
 ,1
[System: 192.168.1.54] DEBUG | 07/06/2026 18:05:48.791 | General Service|:: CompanyIndex:1 SpName: spADM_GetDataSet 
 'select * from COM_TokenHistory WITH(NOLOCK) where JwtToken=''eyJhbGciOiJIUzI1NiIsInR5cCI6IkpXVCJ9.eyJ1bmlxdWVfbmFtZSI6ImFkbWluLDEsMSwxIiwibmJmIjoxNzgzMzQxMDk1LCJleHAiOjE3ODMzNjk4OTUsImlhdCI6MTc4MzM0MTA5NX0.rwNKfVX7bznzeAGTphuhnEFpb2Dtvzgyg3vCg5fSBow'''
 ,1
 ,1
[System: 192.168.1.54] DEBUG | 07/06/2026 18:05:48.822 | General Service|:: CompanyIndex:1 SpName: spCOM_GetWorkFlowScreenDetails 
 NULL
 ,NULL
 ,'1'
 ,'1'
 ,1
 ,True
[System: 192.168.1.54] DEBUG | 07/06/2026 18:05:48.822 | General Service|:: CompanyIndex:1 SpName: spADM_GetDataSet 
 'select * from COM_TokenHistory WITH(NOLOCK) where JwtToken=''eyJhbGciOiJIUzI1NiIsInR5cCI6IkpXVCJ9.eyJ1bmlxdWVfbmFtZSI6ImFkbWluLDEsMSwxIiwibmJmIjoxNzgzMzQxMDk1LCJleHAiOjE3ODMzNjk4OTUsImlhdCI6MTc4MzM0MTA5NX0.rwNKfVX7bznzeAGTphuhnEFpb2Dtvzgyg3vCg5fSBow'''
 ,1
 ,1
[System: 192.168.1.54] DEBUG | 07/06/2026 18:05:48.838 | General Service|:: CompanyIndex:1 SpName: spADM_GetDataSet 
 'select Name,value from [com_Costcenterpreferences] with(nolock) where CostCenterID=41124'
 ,1
 ,1
[System: 192.168.1.54] DEBUG | 07/06/2026 18:05:48.854 | General Service|:: CompanyIndex:1 SpName: spADM_GetDataSet 
 'select * from COM_TokenHistory WITH(NOLOCK) where JwtToken=''eyJhbGciOiJIUzI1NiIsInR5cCI6IkpXVCJ9.eyJ1bmlxdWVfbmFtZSI6ImFkbWluLDEsMSwxIiwibmJmIjoxNzgzMzQxMDk1LCJleHAiOjE3ODMzNjk4OTUsImlhdCI6MTc4MzM0MTA5NX0.rwNKfVX7bznzeAGTphuhnEFpb2Dtvzgyg3vCg5fSBow'''
 ,1
 ,1
[System: 192.168.1.54] DEBUG | 07/06/2026 18:05:48.932 | General Service|:: CompanyIndex:1 SpName: spADM_GetCostCenterListViewData 
 354
 ,'a.Name,a.Code'
 ,''
 ,''
 ,'Name'
 ,''
 ,8
 ,False
 ,''
 ,''
 ,''
 ,''
 ,''
 ,0
 ,False
 ,''
 ,''
 ,'1'
 ,'1'
 ,1
[System: 192.168.1.54] DEBUG | 07/06/2026 18:05:48.932 | General Service|:: CompanyIndex:1 SpName: spADM_GetDataSet 
 'select * from COM_TokenHistory WITH(NOLOCK) where JwtToken=''eyJhbGciOiJIUzI1NiIsInR5cCI6IkpXVCJ9.eyJ1bmlxdWVfbmFtZSI6ImFkbWluLDEsMSwxIiwibmJmIjoxNzgzMzQxMDk1LCJleHAiOjE3ODMzNjk4OTUsImlhdCI6MTc4MzM0MTA5NX0.rwNKfVX7bznzeAGTphuhnEFpb2Dtvzgyg3vCg5fSBow'''
 ,1
 ,1
[System: 192.168.1.54] DEBUG | 07/06/2026 18:05:48.994 | General Service|:: CompanyIndex:1 SpName: spADM_GetCostCenterListViewData 
 NULL
 ,''
 ,''
 ,''
 ,''
 ,''
 ,8
 ,False
 ,''
 ,''
 ,''
 ,''
 ,''
 ,0
 ,False
 ,''
 ,''
 ,'1'
 ,'1'
 ,1
 message=Missing required parametrer.
[System: 192.168.1.54] INFO | 07/06/2026 18:05:48.994 | OnStartup: Logger Instance Created Successfully
[System: 192.168.1.54] INFO | 07/06/2026 18:05:48.994 | OnStartup: Application Starting...
[System: 192.168.1.54] ERROR | 07/06/2026 18:05:48.994 | General Service|:: CompanyIndex:1 SpName: spADM_GetCostCenterListViewDataParameters :
 NULL
 ,''
 ,''
 ,''
 ,''
 ,''
 ,8
 ,False
 ,''
 ,''
 ,''
 ,''
 ,''
 ,0
 ,False
 ,''
 ,''
 ,'1'
 ,'1'
 ,1|Missing required parametrer.
[System: 192.168.1.54] DEBUG | 07/06/2026 18:05:49.010 | General Service|:: CompanyIndex:1 SpName: spADM_GetDataSet 
 'select * from COM_TokenHistory WITH(NOLOCK) where JwtToken=''eyJhbGciOiJIUzI1NiIsInR5cCI6IkpXVCJ9.eyJ1bmlxdWVfbmFtZSI6ImFkbWluLDEsMSwxIiwibmJmIjoxNzgzMzQxMDk1LCJleHAiOjE3ODMzNjk4OTUsImlhdCI6MTc4MzM0MTA5NX0.rwNKfVX7bznzeAGTphuhnEFpb2Dtvzgyg3vCg5fSBow'''
 ,1
 ,1
[System: 192.168.1.54] DEBUG | 07/06/2026 18:05:49.088 | General Service|:: CompanyIndex:1 SpName: spADM_GetCostCenterListViewData 
 271
 ,'a.Code,a.Name'
 ,''
 ,''
 ,'Code'
 ,''
 ,8
 ,False
 ,''
 ,''
 ,''
 ,''
 ,''
 ,0
 ,False
 ,''
 ,''
 ,'1'
 ,'1'
 ,1
[System: 192.168.1.54] DEBUG | 07/06/2026 18:05:49.088 | General Service|:: CompanyIndex:1 SpName: spADM_GetDataSet 
 'select * from COM_TokenHistory WITH(NOLOCK) where JwtToken=''eyJhbGciOiJIUzI1NiIsInR5cCI6IkpXVCJ9.eyJ1bmlxdWVfbmFtZSI6ImFkbWluLDEsMSwxIiwibmJmIjoxNzgzMzQxMDk1LCJleHAiOjE3ODMzNjk4OTUsImlhdCI6MTc4MzM0MTA5NX0.rwNKfVX7bznzeAGTphuhnEFpb2Dtvzgyg3vCg5fSBow'''
 ,1
 ,1
[System: 192.168.1.54] DEBUG | 07/06/2026 18:05:49.166 | General Service|:: CompanyIndex:1 SpName: spADM_GetCostCenterListViewData 
 NULL
 ,''
 ,''
 ,''
 ,''
 ,''
 ,8
 ,False
 ,''
 ,''
 ,''
 ,''
 ,''
 ,0
 ,False
 ,''
 ,''
 ,'1'
 ,'1'
 ,1
 message=Missing required parametrer.
[System: 192.168.1.54] INFO | 07/06/2026 18:05:49.166 | OnStartup: Logger Instance Created Successfully
[System: 192.168.1.54] INFO | 07/06/2026 18:05:49.166 | OnStartup: Application Starting...
[System: 192.168.1.54] ERROR | 07/06/2026 18:05:49.166 | General Service|:: CompanyIndex:1 SpName: spADM_GetCostCenterListViewDataParameters :
 NULL
 ,''
 ,''
 ,''
 ,''
 ,''
 ,8
 ,False
 ,''
 ,''
 ,''
 ,''
 ,''
 ,0
 ,False
 ,''
 ,''
 ,'1'
 ,'1'
 ,1|Missing required parametrer.
[System: 192.168.1.54] DEBUG | 07/06/2026 18:05:49.166 | General Service|:: CompanyIndex:1 SpName: spADM_GetDataSet 
 'select * from COM_TokenHistory WITH(NOLOCK) where JwtToken=''eyJhbGciOiJIUzI1NiIsInR5cCI6IkpXVCJ9.eyJ1bmlxdWVfbmFtZSI6ImFkbWluLDEsMSwxIiwibmJmIjoxNzgzMzQxMDk1LCJleHAiOjE3ODMzNjk4OTUsImlhdCI6MTc4MzM0MTA5NX0.rwNKfVX7bznzeAGTphuhnEFpb2Dtvzgyg3vCg5fSBow'''
 ,1
 ,1
[System: 192.168.1.54] DEBUG | 07/06/2026 18:05:49.244 | General Service|:: CompanyIndex:1 SpName: spADM_GetCostCenterListViewData 
 276
 ,'a.Name,a.Code'
 ,''
 ,''
 ,'Name'
 ,''
 ,8
 ,False
 ,''
 ,''
 ,''
 ,''
 ,''
 ,0
 ,False
 ,''
 ,''
 ,'1'
 ,'1'
 ,1
[System: 192.168.1.54] DEBUG | 07/06/2026 18:05:49.260 | General Service|:: CompanyIndex:1 SpName: spADM_GetDataSet 
 'select * from COM_TokenHistory WITH(NOLOCK) where JwtToken=''eyJhbGciOiJIUzI1NiIsInR5cCI6IkpXVCJ9.eyJ1bmlxdWVfbmFtZSI6ImFkbWluLDEsMSwxIiwibmJmIjoxNzgzMzQxMDk1LCJleHAiOjE3ODMzNjk4OTUsImlhdCI6MTc4MzM0MTA5NX0.rwNKfVX7bznzeAGTphuhnEFpb2Dtvzgyg3vCg5fSBow'''
 ,1
 ,1
[System: 192.168.1.54] DEBUG | 07/06/2026 18:05:49.322 | General Service|:: CompanyIndex:1 SpName: spADM_GetCostCenterListViewData 
 NULL
 ,''
 ,''
 ,''
 ,''
 ,''
 ,8
 ,False
 ,''
 ,''
 ,''
 ,''
 ,''
 ,0
 ,False
 ,''
 ,''
 ,'1'
 ,'1'
 ,1
 message=Missing required parametrer.
[System: 192.168.1.54] INFO | 07/06/2026 18:05:49.322 | OnStartup: Logger Instance Created Successfully
[System: 192.168.1.54] INFO | 07/06/2026 18:05:49.322 | OnStartup: Application Starting...
[System: 192.168.1.54] ERROR | 07/06/2026 18:05:49.322 | General Service|:: CompanyIndex:1 SpName: spADM_GetCostCenterListViewDataParameters :
 NULL
 ,''
 ,''
 ,''
 ,''
 ,''
 ,8
 ,False
 ,''
 ,''
 ,''
 ,''
 ,''
 ,0
 ,False
 ,''
 ,''
 ,'1'
 ,'1'
 ,1|Missing required parametrer.
[System: 192.168.1.54] DEBUG | 07/06/2026 18:05:49.322 | General Service|:: CompanyIndex:1 SpName: spADM_GetDataSet 
 'select * from COM_TokenHistory WITH(NOLOCK) where JwtToken=''eyJhbGciOiJIUzI1NiIsInR5cCI6IkpXVCJ9.eyJ1bmlxdWVfbmFtZSI6ImFkbWluLDEsMSwxIiwibmJmIjoxNzgzMzQxMDk1LCJleHAiOjE3ODMzNjk4OTUsImlhdCI6MTc4MzM0MTA5NX0.rwNKfVX7bznzeAGTphuhnEFpb2Dtvzgyg3vCg5fSBow'''
 ,1
 ,1
[System: 192.168.1.54] DEBUG | 07/06/2026 18:05:49.401 | General Service|:: CompanyIndex:1 SpName: spADM_GetCostCenterListViewData 
 290
 ,'a.Name,a.Code'
 ,''
 ,''
 ,'Name'
 ,''
 ,8
 ,False
 ,''
 ,''
 ,''
 ,''
 ,''
 ,0
 ,False
 ,''
 ,''
 ,'1'
 ,'1'
 ,1
[System: 192.168.1.54] DEBUG | 07/06/2026 18:05:49.401 | General Service|:: CompanyIndex:1 SpName: spADM_GetDataSet 
 'select * from COM_TokenHistory WITH(NOLOCK) where JwtToken=''eyJhbGciOiJIUzI1NiIsInR5cCI6IkpXVCJ9.eyJ1bmlxdWVfbmFtZSI6ImFkbWluLDEsMSwxIiwibmJmIjoxNzgzMzQxMDk1LCJleHAiOjE3ODMzNjk4OTUsImlhdCI6MTc4MzM0MTA5NX0.rwNKfVX7bznzeAGTphuhnEFpb2Dtvzgyg3vCg5fSBow'''
 ,1
 ,1
[System: 192.168.1.54] DEBUG | 07/06/2026 18:05:49.463 | General Service|:: CompanyIndex:1 SpName: spADM_GetCostCenterListViewData 
 NULL
 ,''
 ,''
 ,''
 ,''
 ,''
 ,8
 ,False
 ,''
 ,''
 ,' 1=1 '
 ,''
 ,''
 ,0
 ,False
 ,''
 ,''
 ,'1'
 ,'1'
 ,1
 message=Missing required parametrer.
[System: 192.168.1.54] INFO | 07/06/2026 18:05:49.463 | OnStartup: Logger Instance Created Successfully
[System: 192.168.1.54] INFO | 07/06/2026 18:05:49.478 | OnStartup: Application Starting...
[System: 192.168.1.54] ERROR | 07/06/2026 18:05:49.478 | General Service|:: CompanyIndex:1 SpName: spADM_GetCostCenterListViewDataParameters :
 NULL
 ,''
 ,''
 ,''
 ,''
 ,''
 ,8
 ,False
 ,''
 ,''
 ,' 1=1 '
 ,''
 ,''
 ,0
 ,False
 ,''
 ,''
 ,'1'
 ,'1'
 ,1|Missing required parametrer.
[System: 192.168.1.54] DEBUG | 07/06/2026 18:05:49.478 | General Service|:: CompanyIndex:1 SpName: spADM_GetDataSet 
 'select * from COM_TokenHistory WITH(NOLOCK) where JwtToken=''eyJhbGciOiJIUzI1NiIsInR5cCI6IkpXVCJ9.eyJ1bmlxdWVfbmFtZSI6ImFkbWluLDEsMSwxIiwibmJmIjoxNzgzMzQxMDk1LCJleHAiOjE3ODMzNjk4OTUsImlhdCI6MTc4MzM0MTA5NX0.rwNKfVX7bznzeAGTphuhnEFpb2Dtvzgyg3vCg5fSBow'''
 ,1
 ,1
[System: 192.168.1.54] DEBUG | 07/06/2026 18:05:49.557 | General Service|:: CompanyIndex:1 SpName: spADM_GetCostCenterListViewData 
 600
 ,'a.Name,a.Code'
 ,''
 ,''
 ,'Name'
 ,''
 ,8
 ,False
 ,''
 ,''
 ,' 1=1 '
 ,''
 ,''
 ,0
 ,False
 ,''
 ,''
 ,'1'
 ,'1'
 ,1
[System: 192.168.1.54] DEBUG | 07/06/2026 18:05:49.557 | General Service|:: CompanyIndex:1 SpName: spADM_GetDataSet 
 'select * from COM_TokenHistory WITH(NOLOCK) where JwtToken=''eyJhbGciOiJIUzI1NiIsInR5cCI6IkpXVCJ9.eyJ1bmlxdWVfbmFtZSI6ImFkbWluLDEsMSwxIiwibmJmIjoxNzgzMzQxMDk1LCJleHAiOjE3ODMzNjk4OTUsImlhdCI6MTc4MzM0MTA5NX0.rwNKfVX7bznzeAGTphuhnEFpb2Dtvzgyg3vCg5fSBow'''
 ,1
 ,1
[System: 192.168.1.54] DEBUG | 07/06/2026 18:05:49.619 | General Service|:: CompanyIndex:1 SpName: spADM_GetCostCenterListViewData 
 NULL
 ,''
 ,''
 ,''
 ,''
 ,''
 ,8
 ,False
 ,''
 ,''
 ,''
 ,''
 ,''
 ,0
 ,False
 ,''
 ,''
 ,'1'
 ,'1'
 ,1
 message=Missing required parametrer.
[System: 192.168.1.54] INFO | 07/06/2026 18:05:49.619 | OnStartup: Logger Instance Created Successfully
[System: 192.168.1.54] INFO | 07/06/2026 18:05:49.619 | OnStartup: Application Starting...
[System: 192.168.1.54] ERROR | 07/06/2026 18:05:49.619 | General Service|:: CompanyIndex:1 SpName: spADM_GetCostCenterListViewDataParameters :
 NULL
 ,''
 ,''
 ,''
 ,''
 ,''
 ,8
 ,False
 ,''
 ,''
 ,''
 ,''
 ,''
 ,0
 ,False
 ,''
 ,''
 ,'1'
 ,'1'
 ,1|Missing required parametrer.
[System: 192.168.1.54] DEBUG | 07/06/2026 18:05:49.635 | General Service|:: CompanyIndex:1 SpName: spADM_GetDataSet 
 'select * from COM_TokenHistory WITH(NOLOCK) where JwtToken=''eyJhbGciOiJIUzI1NiIsInR5cCI6IkpXVCJ9.eyJ1bmlxdWVfbmFtZSI6ImFkbWluLDEsMSwxIiwibmJmIjoxNzgzMzQxMDk1LCJleHAiOjE3ODMzNjk4OTUsImlhdCI6MTc4MzM0MTA5NX0.rwNKfVX7bznzeAGTphuhnEFpb2Dtvzgyg3vCg5fSBow'''
 ,1
 ,1
[System: 192.168.1.54] DEBUG | 07/06/2026 18:05:49.697 | General Service|:: CompanyIndex:1 SpName: spADM_GetCostCenterListViewData 
 678
 ,'a.Name,a.Code'
 ,''
 ,''
 ,'Name'
 ,''
 ,8
 ,False
 ,''
 ,''
 ,''
 ,''
 ,''
 ,0
 ,False
 ,''
 ,''
 ,'1'
 ,'1'
 ,1
[System: 192.168.1.54] DEBUG | 07/06/2026 18:05:49.697 | General Service|:: CompanyIndex:1 SpName: spADM_GetDataSet 
 'select * from COM_TokenHistory WITH(NOLOCK) where JwtToken=''eyJhbGciOiJIUzI1NiIsInR5cCI6IkpXVCJ9.eyJ1bmlxdWVfbmFtZSI6ImFkbWluLDEsMSwxIiwibmJmIjoxNzgzMzQxMDk1LCJleHAiOjE3ODMzNjk4OTUsImlhdCI6MTc4MzM0MTA5NX0.rwNKfVX7bznzeAGTphuhnEFpb2Dtvzgyg3vCg5fSBow'''
 ,1
 ,1
[System: 192.168.1.54] DEBUG | 07/06/2026 18:05:49.760 | General Service|:: CompanyIndex:1 SpName: spADM_GetCostCenterListViewData 
 NULL
 ,''
 ,''
 ,''
 ,''
 ,''
 ,8
 ,False
 ,''
 ,''
 ,''
 ,''
 ,''
 ,0
 ,False
 ,''
 ,''
 ,'1'
 ,'1'
 ,1
 message=Missing required parametrer.
[System: 192.168.1.54] INFO | 07/06/2026 18:05:49.760 | OnStartup: Logger Instance Created Successfully
[System: 192.168.1.54] INFO | 07/06/2026 18:05:49.760 | OnStartup: Application Starting...
[System: 192.168.1.54] ERROR | 07/06/2026 18:05:49.760 | General Service|:: CompanyIndex:1 SpName: spADM_GetCostCenterListViewDataParameters :
 NULL
 ,''
 ,''
 ,''
 ,''
 ,''
 ,8
 ,False
 ,''
 ,''
 ,''
 ,''
 ,''
 ,0
 ,False
 ,''
 ,''
 ,'1'
 ,'1'
 ,1|Missing required parametrer.
[System: 192.168.1.54] DEBUG | 07/06/2026 18:05:49.775 | General Service|:: CompanyIndex:1 SpName: spADM_GetDataSet 
 'select * from COM_TokenHistory WITH(NOLOCK) where JwtToken=''eyJhbGciOiJIUzI1NiIsInR5cCI6IkpXVCJ9.eyJ1bmlxdWVfbmFtZSI6ImFkbWluLDEsMSwxIiwibmJmIjoxNzgzMzQxMDk1LCJleHAiOjE3ODMzNjk4OTUsImlhdCI6MTc4MzM0MTA5NX0.rwNKfVX7bznzeAGTphuhnEFpb2Dtvzgyg3vCg5fSBow'''
 ,1
 ,1
[System: 192.168.1.54] DEBUG | 07/06/2026 18:05:49.838 | General Service|:: CompanyIndex:1 SpName: spADM_GetCostCenterListViewData 
 361
 ,'a.Name,a.Code'
 ,''
 ,''
 ,'Name'
 ,''
 ,8
 ,False
 ,''
 ,''
 ,''
 ,''
 ,''
 ,0
 ,False
 ,''
 ,''
 ,'1'
 ,'1'
 ,1
[System: 192.168.1.54] DEBUG | 07/06/2026 18:05:49.838 | General Service|:: CompanyIndex:1 SpName: spADM_GetDataSet 
 'select * from COM_TokenHistory WITH(NOLOCK) where JwtToken=''eyJhbGciOiJIUzI1NiIsInR5cCI6IkpXVCJ9.eyJ1bmlxdWVfbmFtZSI6ImFkbWluLDEsMSwxIiwibmJmIjoxNzgzMzQxMDk1LCJleHAiOjE3ODMzNjk4OTUsImlhdCI6MTc4MzM0MTA5NX0.rwNKfVX7bznzeAGTphuhnEFpb2Dtvzgyg3vCg5fSBow'''
 ,1
 ,1
[System: 192.168.1.54] DEBUG | 07/06/2026 18:05:49.885 | General Service|:: CompanyIndex:1 SpName: spCOM_GetCostCenterSelectionBoxData 
 41124
 ,'dcAlpha1'
 ,'1'
 ,1
[System: 192.168.1.54] DEBUG | 07/06/2026 18:05:49.885 | General Service|:: CompanyIndex:1 SpName: spADM_GetDataSet 
 'select * from COM_TokenHistory WITH(NOLOCK) where JwtToken=''eyJhbGciOiJIUzI1NiIsInR5cCI6IkpXVCJ9.eyJ1bmlxdWVfbmFtZSI6ImFkbWluLDEsMSwxIiwibmJmIjoxNzgzMzQxMDk1LCJleHAiOjE3ODMzNjk4OTUsImlhdCI6MTc4MzM0MTA5NX0.rwNKfVX7bznzeAGTphuhnEFpb2Dtvzgyg3vCg5fSBow'''
 ,1
 ,1
[System: 192.168.1.54] DEBUG | 07/06/2026 18:05:49.947 | General Service|:: CompanyIndex:1 SpName: spADM_GetCostCenterListViewData 
 4
 ,'a.AccountName,a.AccountCode'
 ,''
 ,''
 ,'AccountName'
 ,''
 ,8
 ,False
 ,''
 ,''
 ,''
 ,''
 ,''
 ,0
 ,False
 ,''
 ,''
 ,'1'
 ,'1'
 ,1
[System: 192.168.1.54] DEBUG | 07/06/2026 18:05:49.947 | General Service|:: CompanyIndex:1 SpName: spADM_GetDataSet 
 'select * from COM_TokenHistory WITH(NOLOCK) where JwtToken=''eyJhbGciOiJIUzI1NiIsInR5cCI6IkpXVCJ9.eyJ1bmlxdWVfbmFtZSI6ImFkbWluLDEsMSwxIiwibmJmIjoxNzgzMzQxMDk1LCJleHAiOjE3ODMzNjk4OTUsImlhdCI6MTc4MzM0MTA5NX0.rwNKfVX7bznzeAGTphuhnEFpb2Dtvzgyg3vCg5fSBow'''
 ,1
 ,1
[System: 192.168.1.54] DEBUG | 07/06/2026 18:05:49.963 | General Service|:: CompanyIndex:1 SpName: spCOM_GetCostCenterSelectionBoxData 
 41124
 ,'dcAlpha18'
 ,'1'
 ,1
[System: 192.168.1.54] DEBUG | 07/06/2026 18:05:49.978 | General Service|:: CompanyIndex:1 SpName: spADM_GetDataSet 
 'select * from COM_TokenHistory WITH(NOLOCK) where JwtToken=''eyJhbGciOiJIUzI1NiIsInR5cCI6IkpXVCJ9.eyJ1bmlxdWVfbmFtZSI6ImFkbWluLDEsMSwxIiwibmJmIjoxNzgzMzQxMDk1LCJleHAiOjE3ODMzNjk4OTUsImlhdCI6MTc4MzM0MTA5NX0.rwNKfVX7bznzeAGTphuhnEFpb2Dtvzgyg3vCg5fSBow'''
 ,1
 ,1
[System: 192.168.1.54] DEBUG | 07/06/2026 18:05:50.041 | General Service|:: CompanyIndex:1 SpName: spADM_GetCostCenterListViewData 
 4
 ,'a.AccountName,a.AccountCode'
 ,''
 ,''
 ,'AccountName'
 ,''
 ,8
 ,False
 ,''
 ,''
 ,''
 ,''
 ,''
 ,0
 ,False
 ,''
 ,''
 ,'1'
 ,'1'
 ,1
[System: 192.168.1.54] DEBUG | 07/06/2026 18:05:50.041 | General Service|:: CompanyIndex:1 SpName: spADM_GetDataSet 
 'select * from COM_TokenHistory WITH(NOLOCK) where JwtToken=''eyJhbGciOiJIUzI1NiIsInR5cCI6IkpXVCJ9.eyJ1bmlxdWVfbmFtZSI6ImFkbWluLDEsMSwxIiwibmJmIjoxNzgzMzQxMDk1LCJleHAiOjE3ODMzNjk4OTUsImlhdCI6MTc4MzM0MTA5NX0.rwNKfVX7bznzeAGTphuhnEFpb2Dtvzgyg3vCg5fSBow'''
 ,1
 ,1
[System: 192.168.1.54] DEBUG | 07/06/2026 18:05:50.119 | General Service|:: CompanyIndex:1 SpName: spADM_GetCostCenterListViewData 
 NULL
 ,''
 ,''
 ,''
 ,''
 ,''
 ,8
 ,False
 ,''
 ,''
 ,''
 ,''
 ,''
 ,0
 ,False
 ,''
 ,''
 ,'1'
 ,'1'
 ,1
 message=Missing required parametrer.
[System: 192.168.1.54] INFO | 07/06/2026 18:05:50.119 | OnStartup: Logger Instance Created Successfully
[System: 192.168.1.54] INFO | 07/06/2026 18:05:50.119 | OnStartup: Application Starting...
[System: 192.168.1.54] ERROR | 07/06/2026 18:05:50.119 | General Service|:: CompanyIndex:1 SpName: spADM_GetCostCenterListViewDataParameters :
 NULL
 ,''
 ,''
 ,''
 ,''
 ,''
 ,8
 ,False
 ,''
 ,''
 ,''
 ,''
 ,''
 ,0
 ,False
 ,''
 ,''
 ,'1'
 ,'1'
 ,1|Missing required parametrer.
[System: 192.168.1.54] DEBUG | 07/06/2026 18:05:50.119 | General Service|:: CompanyIndex:1 SpName: spADM_GetDataSet 
 'select * from COM_TokenHistory WITH(NOLOCK) where JwtToken=''eyJhbGciOiJIUzI1NiIsInR5cCI6IkpXVCJ9.eyJ1bmlxdWVfbmFtZSI6ImFkbWluLDEsMSwxIiwibmJmIjoxNzgzMzQxMDk1LCJleHAiOjE3ODMzNjk4OTUsImlhdCI6MTc4MzM0MTA5NX0.rwNKfVX7bznzeAGTphuhnEFpb2Dtvzgyg3vCg5fSBow'''
 ,1
 ,1
[System: 192.168.1.54] DEBUG | 07/06/2026 18:05:50.198 | General Service|:: CompanyIndex:1 SpName: spADM_GetCostCenterListViewData 
 645
 ,'a.Name,a.Code'
 ,''
 ,''
 ,'Name'
 ,''
 ,8
 ,False
 ,''
 ,''
 ,''
 ,''
 ,''
 ,0
 ,False
 ,''
 ,''
 ,'1'
 ,'1'
 ,1
[System: 192.168.1.54] DEBUG | 07/06/2026 18:05:50.198 | General Service|:: CompanyIndex:1 SpName: spADM_GetDataSet 
 'select * from COM_TokenHistory WITH(NOLOCK) where JwtToken=''eyJhbGciOiJIUzI1NiIsInR5cCI6IkpXVCJ9.eyJ1bmlxdWVfbmFtZSI6ImFkbWluLDEsMSwxIiwibmJmIjoxNzgzMzQxMDk1LCJleHAiOjE3ODMzNjk4OTUsImlhdCI6MTc4MzM0MTA5NX0.rwNKfVX7bznzeAGTphuhnEFpb2Dtvzgyg3vCg5fSBow'''
 ,1
 ,1
[System: 192.168.1.54] DEBUG | 07/06/2026 18:05:50.369 | General Service|:: CompanyIndex:1 SpName: spADM_GetCostCenterListViewData 
 267
 ,'a.Name,a.Code,a.CreatedBy,Convert(Datetime,a.CreatedDate) as CreatedDate'
 ,''
 ,''
 ,'Name'
 ,''
 ,8
 ,False
 ,''
 ,''
 ,''
 ,''
 ,''
 ,0
 ,False
 ,''
 ,''
 ,'1'
 ,'1'
 ,1
[System: 192.168.1.54] DEBUG | 07/06/2026 18:05:50.369 | General Service|:: CompanyIndex:1 SpName: spADM_GetDataSet 
 'select * from COM_TokenHistory WITH(NOLOCK) where JwtToken=''eyJhbGciOiJIUzI1NiIsInR5cCI6IkpXVCJ9.eyJ1bmlxdWVfbmFtZSI6ImFkbWluLDEsMSwxIiwibmJmIjoxNzgzMzQxMDk1LCJleHAiOjE3ODMzNjk4OTUsImlhdCI6MTc4MzM0MTA5NX0.rwNKfVX7bznzeAGTphuhnEFpb2Dtvzgyg3vCg5fSBow'''
 ,1
 ,1
[System: 192.168.1.54] DEBUG | 07/06/2026 18:05:50.463 | General Service|:: CompanyIndex:1 SpName: spADM_GetCostCenterListViewData 
 354
 ,'a.Name,a.Code'
 ,''
 ,''
 ,'Name'
 ,''
 ,8
 ,False
 ,''
 ,''
 ,''
 ,''
 ,''
 ,0
 ,False
 ,''
 ,''
 ,'1'
 ,'1'
 ,1
[System: 192.168.1.54] DEBUG | 07/06/2026 18:05:50.463 | General Service|:: CompanyIndex:1 SpName: spADM_GetDataSet 
 'select * from COM_TokenHistory WITH(NOLOCK) where JwtToken=''eyJhbGciOiJIUzI1NiIsInR5cCI6IkpXVCJ9.eyJ1bmlxdWVfbmFtZSI6ImFkbWluLDEsMSwxIiwibmJmIjoxNzgzMzQxMDk1LCJleHAiOjE3ODMzNjk4OTUsImlhdCI6MTc4MzM0MTA5NX0.rwNKfVX7bznzeAGTphuhnEFpb2Dtvzgyg3vCg5fSBow'''
 ,1
 ,1
[System: 192.168.1.54] DEBUG | 07/06/2026 18:05:50.526 | General Service|:: CompanyIndex:1 SpName: spADM_GetCostCenterListViewData 
 NULL
 ,''
 ,''
 ,''
 ,''
 ,''
 ,8
 ,False
 ,''
 ,''
 ,''
 ,''
 ,''
 ,0
 ,False
 ,''
 ,''
 ,'1'
 ,'1'
 ,1
 message=Missing required parametrer.
[System: 192.168.1.54] INFO | 07/06/2026 18:05:50.526 | OnStartup: Logger Instance Created Successfully
[System: 192.168.1.54] INFO | 07/06/2026 18:05:50.526 | OnStartup: Application Starting...
[System: 192.168.1.54] ERROR | 07/06/2026 18:05:50.526 | General Service|:: CompanyIndex:1 SpName: spADM_GetCostCenterListViewDataParameters :
 NULL
 ,''
 ,''
 ,''
 ,''
 ,''
 ,8
 ,False
 ,''
 ,''
 ,''
 ,''
 ,''
 ,0
 ,False
 ,''
 ,''
 ,'1'
 ,'1'
 ,1|Missing required parametrer.
[System: 192.168.1.54] DEBUG | 07/06/2026 18:05:50.526 | General Service|:: CompanyIndex:1 SpName: spADM_GetDataSet 
 'select * from COM_TokenHistory WITH(NOLOCK) where JwtToken=''eyJhbGciOiJIUzI1NiIsInR5cCI6IkpXVCJ9.eyJ1bmlxdWVfbmFtZSI6ImFkbWluLDEsMSwxIiwibmJmIjoxNzgzMzQxMDk1LCJleHAiOjE3ODMzNjk4OTUsImlhdCI6MTc4MzM0MTA5NX0.rwNKfVX7bznzeAGTphuhnEFpb2Dtvzgyg3vCg5fSBow'''
 ,1
 ,1
[System: 192.168.1.54] DEBUG | 07/06/2026 18:05:50.604 | General Service|:: CompanyIndex:1 SpName: spADM_GetCostCenterListViewData 
 269
 ,'a.Name,a.Code,a.CurrencyID, CC3.Name as CC3Name , CC4.AccountName as CC4AccountName '
 ,''
 ,' LEFT JOIN COM_Salesman CC3  WITH(NOLOCK)  on  CC3.NodeID=CC.CCNID5  LEFT JOIN ACC_Accounts CC4  WITH(NOLOCK)  on  CC4.AccountID= a.SalesAccount '
 ,'Name'
 ,''
 ,8
 ,False
 ,''
 ,''
 ,''
 ,''
 ,''
 ,0
 ,False
 ,'(a.Code like  N''%{0}%''  or a.Name like  N''%{0}%''  escape ''\'' )'
 ,''
 ,'1'
 ,'1'
 ,1
[System: 192.168.1.54] DEBUG | 07/06/2026 18:05:50.604 | General Service|:: CompanyIndex:1 SpName: spADM_GetDataSet 
 'select * from COM_TokenHistory WITH(NOLOCK) where JwtToken=''eyJhbGciOiJIUzI1NiIsInR5cCI6IkpXVCJ9.eyJ1bmlxdWVfbmFtZSI6ImFkbWluLDEsMSwxIiwibmJmIjoxNzgzMzQxMDk1LCJleHAiOjE3ODMzNjk4OTUsImlhdCI6MTc4MzM0MTA5NX0.rwNKfVX7bznzeAGTphuhnEFpb2Dtvzgyg3vCg5fSBow'''
 ,1
 ,1
[System: 192.168.1.54] DEBUG | 07/06/2026 18:05:54.461 | General Service|:: CompanyIndex:1 SpName: spDOC_GetDocumentDefinition 
 41103
 ,NULL
 ,NULL
 ,''
 ,1
 ,'admin'
 ,1
 ,1
 ,1
[System: 192.168.1.54] DEBUG | 07/06/2026 18:05:54.461 | General Service|:: CompanyIndex:1 SpName: spADM_GetDataSet 
 'select * from COM_TokenHistory WITH(NOLOCK) where JwtToken=''eyJhbGciOiJIUzI1NiIsInR5cCI6IkpXVCJ9.eyJ1bmlxdWVfbmFtZSI6ImFkbWluLDEsMSwxIiwibmJmIjoxNzgzMzQxMDk1LCJleHAiOjE3ODMzNjk4OTUsImlhdCI6MTc4MzM0MTA5NX0.rwNKfVX7bznzeAGTphuhnEFpb2Dtvzgyg3vCg5fSBow'''
 ,1
 ,1
[System: 192.168.1.54] DEBUG | 07/06/2026 18:05:54.555 | General Service|:: CompanyIndex:1 SpName: spADM_GetCostCenterListViewData 
 353
 ,'a.Name,a.Code'
 ,''
 ,''
 ,'Name'
 ,''
 ,8
 ,False
 ,''
 ,''
 ,''
 ,''
 ,''
 ,0
 ,False
 ,''
 ,''
 ,'1'
 ,'1'
 ,1
[System: 192.168.1.54] DEBUG | 07/06/2026 18:05:54.555 | General Service|:: CompanyIndex:1 SpName: spADM_GetDataSet 
 'select * from COM_TokenHistory WITH(NOLOCK) where JwtToken=''eyJhbGciOiJIUzI1NiIsInR5cCI6IkpXVCJ9.eyJ1bmlxdWVfbmFtZSI6ImFkbWluLDEsMSwxIiwibmJmIjoxNzgzMzQxMDk1LCJleHAiOjE3ODMzNjk4OTUsImlhdCI6MTc4MzM0MTA5NX0.rwNKfVX7bznzeAGTphuhnEFpb2Dtvzgyg3vCg5fSBow'''
 ,1
 ,1
[System: 192.168.1.54] DEBUG | 07/06/2026 18:05:54.618 | General Service|:: CompanyIndex:1 SpName: spADM_GetCostCenterListViewData 
 268
 ,'a.Name,a.Code'
 ,''
 ,''
 ,'Name'
 ,''
 ,8
 ,False
 ,''
 ,''
 ,''
 ,''
 ,''
 ,0
 ,False
 ,''
 ,''
 ,'1'
 ,'1'
 ,1
[System: 192.168.1.54] DEBUG | 07/06/2026 18:05:54.633 | General Service|:: CompanyIndex:1 SpName: spADM_GetDataSet 
 'select * from COM_TokenHistory WITH(NOLOCK) where JwtToken=''eyJhbGciOiJIUzI1NiIsInR5cCI6IkpXVCJ9.eyJ1bmlxdWVfbmFtZSI6ImFkbWluLDEsMSwxIiwibmJmIjoxNzgzMzQxMDk1LCJleHAiOjE3ODMzNjk4OTUsImlhdCI6MTc4MzM0MTA5NX0.rwNKfVX7bznzeAGTphuhnEFpb2Dtvzgyg3vCg5fSBow'''
 ,1
 ,1
[System: 192.168.1.54] DEBUG | 07/06/2026 18:05:54.711 | General Service|:: CompanyIndex:1 SpName: spADM_GetCostCenterListViewData 
 269
 ,'a.Name,a.Code,a.CurrencyID, CC3.Name as CC3Name , CC4.AccountName as CC4AccountName '
 ,''
 ,' LEFT JOIN COM_Salesman CC3  WITH(NOLOCK)  on  CC3.NodeID=CC.CCNID5  LEFT JOIN ACC_Accounts CC4  WITH(NOLOCK)  on  CC4.AccountID= a.SalesAccount '
 ,'Name'
 ,''
 ,8
 ,False
 ,''
 ,''
 ,''
 ,''
 ,''
 ,0
 ,False
 ,'(a.Code like  N''%{0}%''  or a.Name like  N''%{0}%''  escape ''\'' )'
 ,''
 ,'1'
 ,'1'
 ,1
[System: 192.168.1.54] DEBUG | 07/06/2026 18:05:54.711 | General Service|:: CompanyIndex:1 SpName: spADM_GetDataSet 
 'select * from COM_TokenHistory WITH(NOLOCK) where JwtToken=''eyJhbGciOiJIUzI1NiIsInR5cCI6IkpXVCJ9.eyJ1bmlxdWVfbmFtZSI6ImFkbWluLDEsMSwxIiwibmJmIjoxNzgzMzQxMDk1LCJleHAiOjE3ODMzNjk4OTUsImlhdCI6MTc4MzM0MTA5NX0.rwNKfVX7bznzeAGTphuhnEFpb2Dtvzgyg3vCg5fSBow'''
 ,1
 ,1
[System: 192.168.1.54] DEBUG | 07/06/2026 18:05:54.789 | General Service|:: CompanyIndex:1 SpName: spCOM_GetDimensionTabGridData 
 41103
 ,144
 ,1
 ,1
[System: 192.168.1.54] DEBUG | 07/06/2026 18:05:54.789 | General Service|:: CompanyIndex:1 SpName: spADM_GetDataSet 
 'select * from COM_TokenHistory WITH(NOLOCK) where JwtToken=''eyJhbGciOiJIUzI1NiIsInR5cCI6IkpXVCJ9.eyJ1bmlxdWVfbmFtZSI6ImFkbWluLDEsMSwxIiwibmJmIjoxNzgzMzQxMDk1LCJleHAiOjE3ODMzNjk4OTUsImlhdCI6MTc4MzM0MTA5NX0.rwNKfVX7bznzeAGTphuhnEFpb2Dtvzgyg3vCg5fSBow'''
 ,1
 ,1
[System: 192.168.1.54] DEBUG | 07/06/2026 18:05:54.805 | General Service|:: CompanyIndex:1 SpName: SPCRM_GetActivitiesCustomFields 
 41103
 ,0
 ,'admin'
 ,1
 ,1
 ,1
[System: 192.168.1.54] DEBUG | 07/06/2026 18:05:54.805 | General Service|:: CompanyIndex:1 SpName: spADM_GetDataSet 
 'select * from COM_TokenHistory WITH(NOLOCK) where JwtToken=''eyJhbGciOiJIUzI1NiIsInR5cCI6IkpXVCJ9.eyJ1bmlxdWVfbmFtZSI6ImFkbWluLDEsMSwxIiwibmJmIjoxNzgzMzQxMDk1LCJleHAiOjE3ODMzNjk4OTUsImlhdCI6MTc4MzM0MTA5NX0.rwNKfVX7bznzeAGTphuhnEFpb2Dtvzgyg3vCg5fSBow'''
 ,1
 ,1
[System: 192.168.1.54] DEBUG | 07/06/2026 18:05:54.821 | General Service|:: CompanyIndex:1 SpName: spADM_GetDataSet 
 ' select Name,value from [com_Costcenterpreferences] with(nolock) where CostCenterID=1000 '
 ,1
 ,1
[System: 192.168.1.54] DEBUG | 07/06/2026 18:05:54.821 | General Service|:: CompanyIndex:1 SpName: spADM_GetDataSet 
 'select * from COM_TokenHistory WITH(NOLOCK) where JwtToken=''eyJhbGciOiJIUzI1NiIsInR5cCI6IkpXVCJ9.eyJ1bmlxdWVfbmFtZSI6ImFkbWluLDEsMSwxIiwibmJmIjoxNzgzMzQxMDk1LCJleHAiOjE3ODMzNjk4OTUsImlhdCI6MTc4MzM0MTA5NX0.rwNKfVX7bznzeAGTphuhnEFpb2Dtvzgyg3vCg5fSBow'''
 ,1
 ,1
[System: 192.168.1.54] DEBUG | 07/06/2026 18:05:54.821 | General Service|:: CompanyIndex:1 SpName: spADM_GetDataSet 
 'select * from COM_TokenHistory WITH(NOLOCK) where JwtToken=''eyJhbGciOiJIUzI1NiIsInR5cCI6IkpXVCJ9.eyJ1bmlxdWVfbmFtZSI6ImFkbWluLDEsMSwxIiwibmJmIjoxNzgzMzQxMDk1LCJleHAiOjE3ODMzNjk4OTUsImlhdCI6MTc4MzM0MTA5NX0.rwNKfVX7bznzeAGTphuhnEFpb2Dtvzgyg3vCg5fSBow'''
 ,1
 ,1
[System: 192.168.1.54] DEBUG | 07/06/2026 18:05:54.836 | General Service|:: CompanyIndex:1 SpName: spADM_GetDataSet 
 'select UserName,UserID from dbo.adm_users with(nolock) where isuserdeleted=0 and StatusID=1'
 ,1
 ,1
[System: 192.168.1.54] DEBUG | 07/06/2026 18:05:54.836 | General Service|:: CompanyIndex:1 SpName: spADM_GetDataSet 
 'select * from COM_TokenHistory WITH(NOLOCK) where JwtToken=''eyJhbGciOiJIUzI1NiIsInR5cCI6IkpXVCJ9.eyJ1bmlxdWVfbmFtZSI6ImFkbWluLDEsMSwxIiwibmJmIjoxNzgzMzQxMDk1LCJleHAiOjE3ODMzNjk4OTUsImlhdCI6MTc4MzM0MTA5NX0.rwNKfVX7bznzeAGTphuhnEFpb2Dtvzgyg3vCg5fSBow'''
 ,1
 ,1
[System: 192.168.1.54] DEBUG | 07/06/2026 18:05:54.868 | General Service|:: CompanyIndex:1 SpName: spCOM_GetWorkFlowScreenDetails 
 NULL
 ,NULL
 ,'1'
 ,'1'
 ,1
 ,True
[System: 192.168.1.54] DEBUG | 07/06/2026 18:05:54.868 | General Service|:: CompanyIndex:1 SpName: spADM_GetDataSet 
 'select * from COM_TokenHistory WITH(NOLOCK) where JwtToken=''eyJhbGciOiJIUzI1NiIsInR5cCI6IkpXVCJ9.eyJ1bmlxdWVfbmFtZSI6ImFkbWluLDEsMSwxIiwibmJmIjoxNzgzMzQxMDk1LCJleHAiOjE3ODMzNjk4OTUsImlhdCI6MTc4MzM0MTA5NX0.rwNKfVX7bznzeAGTphuhnEFpb2Dtvzgyg3vCg5fSBow'''
 ,1
 ,1
[System: 192.168.1.54] DEBUG | 07/06/2026 18:05:54.883 | General Service|:: CompanyIndex:1 SpName: spADM_GetDataSet 
 'select Name,value from [com_Costcenterpreferences] with(nolock) where CostCenterID=41103'
 ,1
 ,1
[System: 192.168.1.54] DEBUG | 07/06/2026 18:05:54.883 | General Service|:: CompanyIndex:1 SpName: spADM_GetDataSet 
 'select * from COM_TokenHistory WITH(NOLOCK) where JwtToken=''eyJhbGciOiJIUzI1NiIsInR5cCI6IkpXVCJ9.eyJ1bmlxdWVfbmFtZSI6ImFkbWluLDEsMSwxIiwibmJmIjoxNzgzMzQxMDk1LCJleHAiOjE3ODMzNjk4OTUsImlhdCI6MTc4MzM0MTA5NX0.rwNKfVX7bznzeAGTphuhnEFpb2Dtvzgyg3vCg5fSBow'''
 ,1
 ,1
[System: 192.168.1.54] DEBUG | 07/06/2026 18:05:54.977 | General Service|:: CompanyIndex:1 SpName: spADM_GetCostCenterListViewData 
 312
 ,'a.Code,a.Name,a.CreatedBy'
 ,''
 ,''
 ,'Code'
 ,''
 ,8
 ,False
 ,''
 ,''
 ,''
 ,''
 ,''
 ,0
 ,False
 ,''
 ,''
 ,'1'
 ,'1'
 ,1
[System: 192.168.1.54] DEBUG | 07/06/2026 18:05:54.977 | General Service|:: CompanyIndex:1 SpName: spADM_GetDataSet 
 'select * from COM_TokenHistory WITH(NOLOCK) where JwtToken=''eyJhbGciOiJIUzI1NiIsInR5cCI6IkpXVCJ9.eyJ1bmlxdWVfbmFtZSI6ImFkbWluLDEsMSwxIiwibmJmIjoxNzgzMzQxMDk1LCJleHAiOjE3ODMzNjk4OTUsImlhdCI6MTc4MzM0MTA5NX0.rwNKfVX7bznzeAGTphuhnEFpb2Dtvzgyg3vCg5fSBow'''
 ,1
 ,1
[System: 192.168.1.54] DEBUG | 07/06/2026 18:05:55.071 | General Service|:: CompanyIndex:1 SpName: spADM_GetCostCenterListViewData 
 268
 ,'a.Name,a.Code'
 ,''
 ,''
 ,'Name'
 ,''
 ,8
 ,False
 ,''
 ,''
 ,''
 ,''
 ,''
 ,0
 ,False
 ,''
 ,''
 ,'1'
 ,'1'
 ,1
[System: 192.168.1.54] DEBUG | 07/06/2026 18:05:55.086 | General Service|:: CompanyIndex:1 SpName: spADM_GetDataSet 
 'select * from COM_TokenHistory WITH(NOLOCK) where JwtToken=''eyJhbGciOiJIUzI1NiIsInR5cCI6IkpXVCJ9.eyJ1bmlxdWVfbmFtZSI6ImFkbWluLDEsMSwxIiwibmJmIjoxNzgzMzQxMDk1LCJleHAiOjE3ODMzNjk4OTUsImlhdCI6MTc4MzM0MTA5NX0.rwNKfVX7bznzeAGTphuhnEFpb2Dtvzgyg3vCg5fSBow'''
 ,1
 ,1
[System: 192.168.1.54] DEBUG | 07/06/2026 18:05:55.149 | General Service|:: CompanyIndex:1 SpName: spADM_GetCostCenterListViewData 
 NULL
 ,''
 ,''
 ,''
 ,''
 ,''
 ,8
 ,False
 ,''
 ,''
 ,''
 ,''
 ,''
 ,0
 ,False
 ,''
 ,''
 ,'1'
 ,'1'
 ,1
 message=Missing required parametrer.
[System: 192.168.1.54] INFO | 07/06/2026 18:05:55.149 | OnStartup: Logger Instance Created Successfully
[System: 192.168.1.54] INFO | 07/06/2026 18:05:55.149 | OnStartup: Application Starting...
[System: 192.168.1.54] ERROR | 07/06/2026 18:05:55.149 | General Service|:: CompanyIndex:1 SpName: spADM_GetCostCenterListViewDataParameters :
 NULL
 ,''
 ,''
 ,''
 ,''
 ,''
 ,8
 ,False
 ,''
 ,''
 ,''
 ,''
 ,''
 ,0
 ,False
 ,''
 ,''
 ,'1'
 ,'1'
 ,1|Missing required parametrer.
[System: 192.168.1.54] DEBUG | 07/06/2026 18:05:55.149 | General Service|:: CompanyIndex:1 SpName: spADM_GetDataSet 
 'select * from COM_TokenHistory WITH(NOLOCK) where JwtToken=''eyJhbGciOiJIUzI1NiIsInR5cCI6IkpXVCJ9.eyJ1bmlxdWVfbmFtZSI6ImFkbWluLDEsMSwxIiwibmJmIjoxNzgzMzQxMDk1LCJleHAiOjE3ODMzNjk4OTUsImlhdCI6MTc4MzM0MTA5NX0.rwNKfVX7bznzeAGTphuhnEFpb2Dtvzgyg3vCg5fSBow'''
 ,1
 ,1
[System: 192.168.1.54] DEBUG | 07/06/2026 18:05:55.227 | General Service|:: CompanyIndex:1 SpName: spADM_GetCostCenterListViewData 
 272
 ,'a.Code,a.Name'
 ,''
 ,''
 ,'Code'
 ,''
 ,8
 ,False
 ,''
 ,''
 ,''
 ,''
 ,''
 ,0
 ,False
 ,''
 ,''
 ,'1'
 ,'1'
 ,1
[System: 192.168.1.54] DEBUG | 07/06/2026 18:05:55.227 | General Service|:: CompanyIndex:1 SpName: spADM_GetDataSet 
 'select * from COM_TokenHistory WITH(NOLOCK) where JwtToken=''eyJhbGciOiJIUzI1NiIsInR5cCI6IkpXVCJ9.eyJ1bmlxdWVfbmFtZSI6ImFkbWluLDEsMSwxIiwibmJmIjoxNzgzMzQxMDk1LCJleHAiOjE3ODMzNjk4OTUsImlhdCI6MTc4MzM0MTA5NX0.rwNKfVX7bznzeAGTphuhnEFpb2Dtvzgyg3vCg5fSBow'''
 ,1
 ,1
[System: 192.168.1.54] DEBUG | 07/06/2026 18:05:55.289 | General Service|:: CompanyIndex:1 SpName: spADM_GetCostCenterListViewData 
 NULL
 ,''
 ,''
 ,''
 ,''
 ,''
 ,8
 ,False
 ,''
 ,''
 ,''
 ,''
 ,''
 ,0
 ,False
 ,''
 ,''
 ,'1'
 ,'1'
 ,1
 message=Missing required parametrer.
[System: 192.168.1.54] INFO | 07/06/2026 18:05:55.289 | OnStartup: Logger Instance Created Successfully
[System: 192.168.1.54] INFO | 07/06/2026 18:05:55.289 | OnStartup: Application Starting...
[System: 192.168.1.54] ERROR | 07/06/2026 18:05:55.305 | General Service|:: CompanyIndex:1 SpName: spADM_GetCostCenterListViewDataParameters :
 NULL
 ,''
 ,''
 ,''
 ,''
 ,''
 ,8
 ,False
 ,''
 ,''
 ,''
 ,''
 ,''
 ,0
 ,False
 ,''
 ,''
 ,'1'
 ,'1'
 ,1|Missing required parametrer.
[System: 192.168.1.54] DEBUG | 07/06/2026 18:05:55.305 | General Service|:: CompanyIndex:1 SpName: spADM_GetDataSet 
 'select * from COM_TokenHistory WITH(NOLOCK) where JwtToken=''eyJhbGciOiJIUzI1NiIsInR5cCI6IkpXVCJ9.eyJ1bmlxdWVfbmFtZSI6ImFkbWluLDEsMSwxIiwibmJmIjoxNzgzMzQxMDk1LCJleHAiOjE3ODMzNjk4OTUsImlhdCI6MTc4MzM0MTA5NX0.rwNKfVX7bznzeAGTphuhnEFpb2Dtvzgyg3vCg5fSBow'''
 ,1
 ,1
[System: 192.168.1.54] DEBUG | 07/06/2026 18:05:55.383 | General Service|:: CompanyIndex:1 SpName: spADM_GetCostCenterListViewData 
 500002
 ,'a.Code,a.AliasName'
 ,''
 ,''
 ,'Code'
 ,''
 ,8
 ,False
 ,''
 ,''
 ,''
 ,''
 ,''
 ,0
 ,False
 ,''
 ,''
 ,'1'
 ,'1'
 ,1
[System: 192.168.1.54] DEBUG | 07/06/2026 18:05:55.383 | General Service|:: CompanyIndex:1 SpName: spADM_GetDataSet 
 'select * from COM_TokenHistory WITH(NOLOCK) where JwtToken=''eyJhbGciOiJIUzI1NiIsInR5cCI6IkpXVCJ9.eyJ1bmlxdWVfbmFtZSI6ImFkbWluLDEsMSwxIiwibmJmIjoxNzgzMzQxMDk1LCJleHAiOjE3ODMzNjk4OTUsImlhdCI6MTc4MzM0MTA5NX0.rwNKfVX7bznzeAGTphuhnEFpb2Dtvzgyg3vCg5fSBow'''
 ,1
 ,1
[System: 192.168.1.54] DEBUG | 07/06/2026 18:05:55.461 | General Service|:: CompanyIndex:1 SpName: spADM_GetCostCenterListViewData 
 NULL
 ,''
 ,''
 ,''
 ,''
 ,''
 ,8
 ,False
 ,''
 ,''
 ,''
 ,''
 ,''
 ,0
 ,False
 ,''
 ,''
 ,'1'
 ,'1'
 ,1
 message=Missing required parametrer.
[System: 192.168.1.54] INFO | 07/06/2026 18:05:55.461 | OnStartup: Logger Instance Created Successfully
[System: 192.168.1.54] INFO | 07/06/2026 18:05:55.461 | OnStartup: Application Starting...
[System: 192.168.1.54] ERROR | 07/06/2026 18:05:55.461 | General Service|:: CompanyIndex:1 SpName: spADM_GetCostCenterListViewDataParameters :
 NULL
 ,''
 ,''
 ,''
 ,''
 ,''
 ,8
 ,False
 ,''
 ,''
 ,''
 ,''
 ,''
 ,0
 ,False
 ,''
 ,''
 ,'1'
 ,'1'
 ,1|Missing required parametrer.
[System: 192.168.1.54] DEBUG | 07/06/2026 18:05:55.461 | General Service|:: CompanyIndex:1 SpName: spADM_GetDataSet 
 'select * from COM_TokenHistory WITH(NOLOCK) where JwtToken=''eyJhbGciOiJIUzI1NiIsInR5cCI6IkpXVCJ9.eyJ1bmlxdWVfbmFtZSI6ImFkbWluLDEsMSwxIiwibmJmIjoxNzgzMzQxMDk1LCJleHAiOjE3ODMzNjk4OTUsImlhdCI6MTc4MzM0MTA5NX0.rwNKfVX7bznzeAGTphuhnEFpb2Dtvzgyg3vCg5fSBow'''
 ,1
 ,1
[System: 192.168.1.54] DEBUG | 07/06/2026 18:05:55.539 | General Service|:: CompanyIndex:1 SpName: spADM_GetCostCenterListViewData 
 291
 ,'a.Name,a.Code'
 ,''
 ,''
 ,'Name'
 ,''
 ,8
 ,False
 ,''
 ,''
 ,''
 ,''
 ,''
 ,0
 ,False
 ,''
 ,''
 ,'1'
 ,'1'
 ,1
[System: 192.168.1.54] DEBUG | 07/06/2026 18:05:55.539 | General Service|:: CompanyIndex:1 SpName: spADM_GetDataSet 
 'select * from COM_TokenHistory WITH(NOLOCK) where JwtToken=''eyJhbGciOiJIUzI1NiIsInR5cCI6IkpXVCJ9.eyJ1bmlxdWVfbmFtZSI6ImFkbWluLDEsMSwxIiwibmJmIjoxNzgzMzQxMDk1LCJleHAiOjE3ODMzNjk4OTUsImlhdCI6MTc4MzM0MTA5NX0.rwNKfVX7bznzeAGTphuhnEFpb2Dtvzgyg3vCg5fSBow'''
 ,1
 ,1
[System: 192.168.1.54] DEBUG | 07/06/2026 18:05:55.618 | General Service|:: CompanyIndex:1 SpName: spADM_GetCostCenterListViewData 
 NULL
 ,''
 ,''
 ,''
 ,''
 ,''
 ,8
 ,False
 ,''
 ,''
 ,''
 ,''
 ,''
 ,0
 ,False
 ,''
 ,''
 ,'1'
 ,'1'
 ,1
 message=Missing required parametrer.
[System: 192.168.1.54] INFO | 07/06/2026 18:05:55.618 | OnStartup: Logger Instance Created Successfully
[System: 192.168.1.54] INFO | 07/06/2026 18:05:55.618 | OnStartup: Application Starting...
[System: 192.168.1.54] ERROR | 07/06/2026 18:05:55.618 | General Service|:: CompanyIndex:1 SpName: spADM_GetCostCenterListViewDataParameters :
 NULL
 ,''
 ,''
 ,''
 ,''
 ,''
 ,8
 ,False
 ,''
 ,''
 ,''
 ,''
 ,''
 ,0
 ,False
 ,''
 ,''
 ,'1'
 ,'1'
 ,1|Missing required parametrer.
[System: 192.168.1.54] DEBUG | 07/06/2026 18:05:55.618 | General Service|:: CompanyIndex:1 SpName: spADM_GetDataSet 
 'select * from COM_TokenHistory WITH(NOLOCK) where JwtToken=''eyJhbGciOiJIUzI1NiIsInR5cCI6IkpXVCJ9.eyJ1bmlxdWVfbmFtZSI6ImFkbWluLDEsMSwxIiwibmJmIjoxNzgzMzQxMDk1LCJleHAiOjE3ODMzNjk4OTUsImlhdCI6MTc4MzM0MTA5NX0.rwNKfVX7bznzeAGTphuhnEFpb2Dtvzgyg3vCg5fSBow'''
 ,1
 ,1
[System: 192.168.1.54] DEBUG | 07/06/2026 18:05:55.696 | General Service|:: CompanyIndex:1 SpName: spADM_GetCostCenterListViewData 
 290
 ,'a.Name,a.Code'
 ,''
 ,''
 ,'Name'
 ,''
 ,8
 ,False
 ,''
 ,''
 ,''
 ,''
 ,''
 ,0
 ,False
 ,''
 ,''
 ,'1'
 ,'1'
 ,1
[System: 192.168.1.54] DEBUG | 07/06/2026 18:05:55.696 | General Service|:: CompanyIndex:1 SpName: spADM_GetDataSet 
 'select * from COM_TokenHistory WITH(NOLOCK) where JwtToken=''eyJhbGciOiJIUzI1NiIsInR5cCI6IkpXVCJ9.eyJ1bmlxdWVfbmFtZSI6ImFkbWluLDEsMSwxIiwibmJmIjoxNzgzMzQxMDk1LCJleHAiOjE3ODMzNjk4OTUsImlhdCI6MTc4MzM0MTA5NX0.rwNKfVX7bznzeAGTphuhnEFpb2Dtvzgyg3vCg5fSBow'''
 ,1
 ,1
[System: 192.168.1.54] DEBUG | 07/06/2026 18:05:55.774 | General Service|:: CompanyIndex:1 SpName: spADM_GetCostCenterListViewData 
 353
 ,'a.Name,a.Code'
 ,''
 ,''
 ,'Name'
 ,''
 ,8
 ,False
 ,''
 ,''
 ,''
 ,''
 ,''
 ,0
 ,False
 ,''
 ,''
 ,'1'
 ,'1'
 ,1
[System: 192.168.1.54] DEBUG | 07/06/2026 18:05:55.774 | General Service|:: CompanyIndex:1 SpName: spADM_GetDataSet 
 'select * from COM_TokenHistory WITH(NOLOCK) where JwtToken=''eyJhbGciOiJIUzI1NiIsInR5cCI6IkpXVCJ9.eyJ1bmlxdWVfbmFtZSI6ImFkbWluLDEsMSwxIiwibmJmIjoxNzgzMzQxMDk1LCJleHAiOjE3ODMzNjk4OTUsImlhdCI6MTc4MzM0MTA5NX0.rwNKfVX7bznzeAGTphuhnEFpb2Dtvzgyg3vCg5fSBow'''
 ,1
 ,1
[System: 192.168.1.54] DEBUG | 07/06/2026 18:05:55.852 | General Service|:: CompanyIndex:1 SpName: spADM_GetCostCenterListViewData 
 NULL
 ,''
 ,''
 ,''
 ,''
 ,''
 ,8
 ,False
 ,''
 ,''
 ,''
 ,''
 ,''
 ,0
 ,False
 ,''
 ,''
 ,'1'
 ,'1'
 ,1
 message=Missing required parametrer.
[System: 192.168.1.54] INFO | 07/06/2026 18:05:55.852 | OnStartup: Logger Instance Created Successfully
[System: 192.168.1.54] INFO | 07/06/2026 18:05:55.852 | OnStartup: Application Starting...
[System: 192.168.1.54] ERROR | 07/06/2026 18:05:55.852 | General Service|:: CompanyIndex:1 SpName: spADM_GetCostCenterListViewDataParameters :
 NULL
 ,''
 ,''
 ,''
 ,''
 ,''
 ,8
 ,False
 ,''
 ,''
 ,''
 ,''
 ,''
 ,0
 ,False
 ,''
 ,''
 ,'1'
 ,'1'
 ,1|Missing required parametrer.
[System: 192.168.1.54] DEBUG | 07/06/2026 18:05:55.852 | General Service|:: CompanyIndex:1 SpName: spADM_GetDataSet 
 'select * from COM_TokenHistory WITH(NOLOCK) where JwtToken=''eyJhbGciOiJIUzI1NiIsInR5cCI6IkpXVCJ9.eyJ1bmlxdWVfbmFtZSI6ImFkbWluLDEsMSwxIiwibmJmIjoxNzgzMzQxMDk1LCJleHAiOjE3ODMzNjk4OTUsImlhdCI6MTc4MzM0MTA5NX0.rwNKfVX7bznzeAGTphuhnEFpb2Dtvzgyg3vCg5fSBow'''
 ,1
 ,1
[System: 192.168.1.54] DEBUG | 07/06/2026 18:05:55.930 | General Service|:: CompanyIndex:1 SpName: spADM_GetCostCenterListViewData 
 279
 ,'a.Name,a.Code'
 ,''
 ,''
 ,'Name'
 ,''
 ,8
 ,False
 ,''
 ,''
 ,''
 ,''
 ,''
 ,0
 ,False
 ,''
 ,''
 ,'1'
 ,'1'
 ,1
[System: 192.168.1.54] DEBUG | 07/06/2026 18:05:55.930 | General Service|:: CompanyIndex:1 SpName: spADM_GetDataSet 
 'select * from COM_TokenHistory WITH(NOLOCK) where JwtToken=''eyJhbGciOiJIUzI1NiIsInR5cCI6IkpXVCJ9.eyJ1bmlxdWVfbmFtZSI6ImFkbWluLDEsMSwxIiwibmJmIjoxNzgzMzQxMDk1LCJleHAiOjE3ODMzNjk4OTUsImlhdCI6MTc4MzM0MTA5NX0.rwNKfVX7bznzeAGTphuhnEFpb2Dtvzgyg3vCg5fSBow'''
 ,1
 ,1
[System: 192.168.1.54] DEBUG | 07/06/2026 18:05:56.008 | General Service|:: CompanyIndex:1 SpName: spADM_GetCostCenterListViewData 
 405
 ,'a.CustomerCode,a.CustomerName,a.AssignedTo'
 ,''
 ,''
 ,'CustomerCode'
 ,''
 ,8
 ,False
 ,''
 ,''
 ,''
 ,''
 ,''
 ,0
 ,False
 ,''
 ,''
 ,'1'
 ,'1'
 ,1
[System: 192.168.1.54] DEBUG | 07/06/2026 18:05:56.008 | General Service|:: CompanyIndex:1 SpName: spADM_GetDataSet 
 'select * from COM_TokenHistory WITH(NOLOCK) where JwtToken=''eyJhbGciOiJIUzI1NiIsInR5cCI6IkpXVCJ9.eyJ1bmlxdWVfbmFtZSI6ImFkbWluLDEsMSwxIiwibmJmIjoxNzgzMzQxMDk1LCJleHAiOjE3ODMzNjk4OTUsImlhdCI6MTc4MzM0MTA5NX0.rwNKfVX7bznzeAGTphuhnEFpb2Dtvzgyg3vCg5fSBow'''
 ,1
 ,1
[System: 192.168.1.54] DEBUG | 07/06/2026 18:05:56.086 | General Service|:: CompanyIndex:1 SpName: spADM_GetCostCenterListViewData 
 NULL
 ,''
 ,''
 ,''
 ,''
 ,''
 ,8
 ,False
 ,''
 ,''
 ,''
 ,''
 ,''
 ,0
 ,False
 ,''
 ,''
 ,'1'
 ,'1'
 ,1
 message=Missing required parametrer.
[System: 192.168.1.54] INFO | 07/06/2026 18:05:56.086 | OnStartup: Logger Instance Created Successfully
[System: 192.168.1.54] INFO | 07/06/2026 18:05:56.086 | OnStartup: Application Starting...
[System: 192.168.1.54] ERROR | 07/06/2026 18:05:56.086 | General Service|:: CompanyIndex:1 SpName: spADM_GetCostCenterListViewDataParameters :
 NULL
 ,''
 ,''
 ,''
 ,''
 ,''
 ,8
 ,False
 ,''
 ,''
 ,''
 ,''
 ,''
 ,0
 ,False
 ,''
 ,''
 ,'1'
 ,'1'
 ,1|Missing required parametrer.
[System: 192.168.1.54] DEBUG | 07/06/2026 18:05:56.086 | General Service|:: CompanyIndex:1 SpName: spADM_GetDataSet 
 'select * from COM_TokenHistory WITH(NOLOCK) where JwtToken=''eyJhbGciOiJIUzI1NiIsInR5cCI6IkpXVCJ9.eyJ1bmlxdWVfbmFtZSI6ImFkbWluLDEsMSwxIiwibmJmIjoxNzgzMzQxMDk1LCJleHAiOjE3ODMzNjk4OTUsImlhdCI6MTc4MzM0MTA5NX0.rwNKfVX7bznzeAGTphuhnEFpb2Dtvzgyg3vCg5fSBow'''
 ,1
 ,1
[System: 192.168.1.54] DEBUG | 07/06/2026 18:05:56.164 | General Service|:: CompanyIndex:1 SpName: spADM_GetCostCenterListViewData 
 270
 ,'a.Name,a.Code'
 ,''
 ,''
 ,'Name'
 ,''
 ,8
 ,False
 ,''
 ,''
 ,''
 ,''
 ,''
 ,0
 ,False
 ,''
 ,''
 ,'1'
 ,'1'
 ,1
[System: 192.168.1.54] DEBUG | 07/06/2026 18:05:56.164 | General Service|:: CompanyIndex:1 SpName: spADM_GetDataSet 
 'select * from COM_TokenHistory WITH(NOLOCK) where JwtToken=''eyJhbGciOiJIUzI1NiIsInR5cCI6IkpXVCJ9.eyJ1bmlxdWVfbmFtZSI6ImFkbWluLDEsMSwxIiwibmJmIjoxNzgzMzQxMDk1LCJleHAiOjE3ODMzNjk4OTUsImlhdCI6MTc4MzM0MTA5NX0.rwNKfVX7bznzeAGTphuhnEFpb2Dtvzgyg3vCg5fSBow'''
 ,1
 ,1
[System: 192.168.1.54] DEBUG | 07/06/2026 18:05:56.289 | General Service|:: CompanyIndex:1 SpName: spADM_GetCostCenterListViewData 
 353
 ,'a.Name,a.Code'
 ,''
 ,''
 ,'Name'
 ,''
 ,8
 ,False
 ,''
 ,''
 ,''
 ,''
 ,''
 ,0
 ,False
 ,''
 ,''
 ,'1'
 ,'1'
 ,1
[System: 192.168.1.54] DEBUG | 07/06/2026 18:05:56.289 | General Service|:: CompanyIndex:1 SpName: spADM_GetDataSet 
 'select * from COM_TokenHistory WITH(NOLOCK) where JwtToken=''eyJhbGciOiJIUzI1NiIsInR5cCI6IkpXVCJ9.eyJ1bmlxdWVfbmFtZSI6ImFkbWluLDEsMSwxIiwibmJmIjoxNzgzMzQxMDk1LCJleHAiOjE3ODMzNjk4OTUsImlhdCI6MTc4MzM0MTA5NX0.rwNKfVX7bznzeAGTphuhnEFpb2Dtvzgyg3vCg5fSBow'''
 ,1
 ,1
[System: 192.168.1.54] DEBUG | 07/06/2026 18:05:56.399 | General Service|:: CompanyIndex:1 SpName: spADM_GetCostCenterListViewData 
 268
 ,'a.Name,a.Code'
 ,''
 ,''
 ,'Name'
 ,''
 ,8
 ,False
 ,''
 ,''
 ,''
 ,''
 ,''
 ,0
 ,False
 ,''
 ,''
 ,'1'
 ,'1'
 ,1
[System: 192.168.1.54] DEBUG | 07/06/2026 18:05:56.399 | General Service|:: CompanyIndex:1 SpName: spADM_GetDataSet 
 'select * from COM_TokenHistory WITH(NOLOCK) where JwtToken=''eyJhbGciOiJIUzI1NiIsInR5cCI6IkpXVCJ9.eyJ1bmlxdWVfbmFtZSI6ImFkbWluLDEsMSwxIiwibmJmIjoxNzgzMzQxMDk1LCJleHAiOjE3ODMzNjk4OTUsImlhdCI6MTc4MzM0MTA5NX0.rwNKfVX7bznzeAGTphuhnEFpb2Dtvzgyg3vCg5fSBow'''
 ,1
 ,1
[System: 192.168.1.54] DEBUG | 07/06/2026 18:05:56.477 | General Service|:: CompanyIndex:1 SpName: spADM_GetCostCenterListViewData 
 NULL
 ,''
 ,''
 ,''
 ,''
 ,''
 ,8
 ,False
 ,''
 ,''
 ,''
 ,''
 ,''
 ,0
 ,False
 ,''
 ,''
 ,'1'
 ,'1'
 ,1
 message=Missing required parametrer.
[System: 192.168.1.54] INFO | 07/06/2026 18:05:56.477 | OnStartup: Logger Instance Created Successfully
[System: 192.168.1.54] INFO | 07/06/2026 18:05:56.477 | OnStartup: Application Starting...
[System: 192.168.1.54] ERROR | 07/06/2026 18:05:56.477 | General Service|:: CompanyIndex:1 SpName: spADM_GetCostCenterListViewDataParameters :
 NULL
 ,''
 ,''
 ,''
 ,''
 ,''
 ,8
 ,False
 ,''
 ,''
 ,''
 ,''
 ,''
 ,0
 ,False
 ,''
 ,''
 ,'1'
 ,'1'
 ,1|Missing required parametrer.
[System: 192.168.1.54] DEBUG | 07/06/2026 18:05:56.477 | General Service|:: CompanyIndex:1 SpName: spADM_GetDataSet 
 'select * from COM_TokenHistory WITH(NOLOCK) where JwtToken=''eyJhbGciOiJIUzI1NiIsInR5cCI6IkpXVCJ9.eyJ1bmlxdWVfbmFtZSI6ImFkbWluLDEsMSwxIiwibmJmIjoxNzgzMzQxMDk1LCJleHAiOjE3ODMzNjk4OTUsImlhdCI6MTc4MzM0MTA5NX0.rwNKfVX7bznzeAGTphuhnEFpb2Dtvzgyg3vCg5fSBow'''
 ,1
 ,1
[System: 192.168.1.54] DEBUG | 07/06/2026 18:05:56.555 | General Service|:: CompanyIndex:1 SpName: spADM_GetCostCenterListViewData 
 269
 ,'a.Name,a.Code,a.CurrencyID, CC3.Name as CC3Name , CC4.AccountName as CC4AccountName '
 ,''
 ,' LEFT JOIN COM_Salesman CC3  WITH(NOLOCK)  on  CC3.NodeID=CC.CCNID5  LEFT JOIN ACC_Accounts CC4  WITH(NOLOCK)  on  CC4.AccountID= a.SalesAccount '
 ,'Name'
 ,''
 ,8
 ,False
 ,''
 ,''
 ,''
 ,''
 ,''
 ,0
 ,False
 ,'(a.Code like  N''%{0}%''  or a.Name like  N''%{0}%''  escape ''\'' )'
 ,''
 ,'1'
 ,'1'
 ,1
[System: 192.168.1.54] DEBUG | 07/06/2026 18:05:56.555 | General Service|:: CompanyIndex:1 SpName: spADM_GetDataSet 
 'select * from COM_TokenHistory WITH(NOLOCK) where JwtToken=''eyJhbGciOiJIUzI1NiIsInR5cCI6IkpXVCJ9.eyJ1bmlxdWVfbmFtZSI6ImFkbWluLDEsMSwxIiwibmJmIjoxNzgzMzQxMDk1LCJleHAiOjE3ODMzNjk4OTUsImlhdCI6MTc4MzM0MTA5NX0.rwNKfVX7bznzeAGTphuhnEFpb2Dtvzgyg3vCg5fSBow'''
 ,1
 ,1
[System: 192.168.1.54] DEBUG | 07/06/2026 18:06:04.303 | General Service|:: CompanyIndex:1 SpName: spADM_GetDataSet 
 'SELECT Code FROM COM_Division WITH(NOLOCK) WHERE NodeID=383'
 ,1
 ,1
[System: 192.168.1.54] DEBUG | 07/06/2026 18:06:04.303 | General Service|:: CompanyIndex:1 SpName: spADM_GetDataSet 
 'select * from COM_TokenHistory WITH(NOLOCK) where JwtToken=''eyJhbGciOiJIUzI1NiIsInR5cCI6IkpXVCJ9.eyJ1bmlxdWVfbmFtZSI6ImFkbWluLDEsMSwxIiwibmJmIjoxNzgzMzQxMDk1LCJleHAiOjE3ODMzNjk4OTUsImlhdCI6MTc4MzM0MTA5NX0.rwNKfVX7bznzeAGTphuhnEFpb2Dtvzgyg3vCg5fSBow'''
 ,1
 ,1
[System: 192.168.1.54] DEBUG | 07/06/2026 18:06:04.319 | General Service|:: CompanyIndex:1 SpName: spADM_GetDataSet 
 'SELECT Code FROM COM_Division WITH(NOLOCK) WHERE NodeID=383'
 ,1
 ,1
[System: 192.168.1.54] DEBUG | 07/06/2026 18:06:04.319 | General Service|:: CompanyIndex:1 SpName: spADM_GetDataSet 
 'select * from COM_TokenHistory WITH(NOLOCK) where JwtToken=''eyJhbGciOiJIUzI1NiIsInR5cCI6IkpXVCJ9.eyJ1bmlxdWVfbmFtZSI6ImFkbWluLDEsMSwxIiwibmJmIjoxNzgzMzQxMDk1LCJleHAiOjE3ODMzNjk4OTUsImlhdCI6MTc4MzM0MTA5NX0.rwNKfVX7bznzeAGTphuhnEFpb2Dtvzgyg3vCg5fSBow'''
 ,1
 ,1
[System: 192.168.1.54] DEBUG | 07/06/2026 18:06:04.319 | General Service|:: CompanyIndex:1 SpName: spADM_GetDataSet 
 'SELECT Code FROM COM_Division WITH(NOLOCK) WHERE NodeID=383'
 ,1
 ,1
[System: 192.168.1.54] DEBUG | 07/06/2026 18:06:04.334 | General Service|:: CompanyIndex:1 SpName: spADM_GetDataSet 
 'select * from COM_TokenHistory WITH(NOLOCK) where JwtToken=''eyJhbGciOiJIUzI1NiIsInR5cCI6IkpXVCJ9.eyJ1bmlxdWVfbmFtZSI6ImFkbWluLDEsMSwxIiwibmJmIjoxNzgzMzQxMDk1LCJleHAiOjE3ODMzNjk4OTUsImlhdCI6MTc4MzM0MTA5NX0.rwNKfVX7bznzeAGTphuhnEFpb2Dtvzgyg3vCg5fSBow'''
 ,1
 ,1
[System: 192.168.1.54] DEBUG | 07/06/2026 18:06:04.334 | General Service|:: CompanyIndex:1 SpName: spADM_GetDataSet 
 'SELECT Code FROM COM_Division WITH(NOLOCK) WHERE NodeID=383'
 ,1
 ,1
[System: 192.168.1.54] DEBUG | 07/06/2026 18:06:04.334 | General Service|:: CompanyIndex:1 SpName: spADM_GetDataSet 
 'select * from COM_TokenHistory WITH(NOLOCK) where JwtToken=''eyJhbGciOiJIUzI1NiIsInR5cCI6IkpXVCJ9.eyJ1bmlxdWVfbmFtZSI6ImFkbWluLDEsMSwxIiwibmJmIjoxNzgzMzQxMDk1LCJleHAiOjE3ODMzNjk4OTUsImlhdCI6MTc4MzM0MTA5NX0.rwNKfVX7bznzeAGTphuhnEFpb2Dtvzgyg3vCg5fSBow'''
 ,1
 ,1
[System: 192.168.1.54] DEBUG | 07/06/2026 18:06:04.334 | General Service|:: CompanyIndex:1 SpName: spADM_GetDataSet 
 'SELECT Code FROM COM_Location WITH(NOLOCK) WHERE NodeID=431'
 ,1
 ,1
[System: 192.168.1.54] DEBUG | 07/06/2026 18:06:04.350 | General Service|:: CompanyIndex:1 SpName: spADM_GetDataSet 
 'select * from COM_TokenHistory WITH(NOLOCK) where JwtToken=''eyJhbGciOiJIUzI1NiIsInR5cCI6IkpXVCJ9.eyJ1bmlxdWVfbmFtZSI6ImFkbWluLDEsMSwxIiwibmJmIjoxNzgzMzQxMDk1LCJleHAiOjE3ODMzNjk4OTUsImlhdCI6MTc4MzM0MTA5NX0.rwNKfVX7bznzeAGTphuhnEFpb2Dtvzgyg3vCg5fSBow'''
 ,1
 ,1
[System: 192.168.1.54] DEBUG | 07/06/2026 18:06:04.350 | General Service|:: CompanyIndex:1 SpName: spADM_GetDataSet 
 'SELECT Name FROM COM_Branch WITH(NOLOCK) WHERE NodeID=290'
 ,1
 ,1
[System: 192.168.1.54] DEBUG | 07/06/2026 18:06:04.350 | General Service|:: CompanyIndex:1 SpName: spADM_GetDataSet 
 'select * from COM_TokenHistory WITH(NOLOCK) where JwtToken=''eyJhbGciOiJIUzI1NiIsInR5cCI6IkpXVCJ9.eyJ1bmlxdWVfbmFtZSI6ImFkbWluLDEsMSwxIiwibmJmIjoxNzgzMzQxMDk1LCJleHAiOjE3ODMzNjk4OTUsImlhdCI6MTc4MzM0MTA5NX0.rwNKfVX7bznzeAGTphuhnEFpb2Dtvzgyg3vCg5fSBow'''
 ,1
 ,1
[System: 192.168.1.54] DEBUG | 07/06/2026 18:06:04.350 | General Service|:: CompanyIndex:1 SpName: spDOC_GetDocumentPrefix 
 41103
 ,''
 ,''
 ,' AND dcCCNID3=290'
 ,'1'
 ,'1'
 ,1
[System: 192.168.1.54] DEBUG | 07/06/2026 18:06:04.365 | General Service|:: CompanyIndex:1 SpName: spADM_GetDataSet 
 'select * from COM_TokenHistory WITH(NOLOCK) where JwtToken=''eyJhbGciOiJIUzI1NiIsInR5cCI6IkpXVCJ9.eyJ1bmlxdWVfbmFtZSI6ImFkbWluLDEsMSwxIiwibmJmIjoxNzgzMzQxMDk1LCJleHAiOjE3ODMzNjk4OTUsImlhdCI6MTc4MzM0MTA5NX0.rwNKfVX7bznzeAGTphuhnEFpb2Dtvzgyg3vCg5fSBow'''
 ,1
 ,1
[System: 192.168.1.54] DEBUG | 07/06/2026 18:06:04.365 | General Service|:: CompanyIndex:1 SpName: spDOC_GetCurrentCodeNumber 
 41103
 ,'1234//111///111/'
 ,1
 ,1
[System: 192.168.1.54] DEBUG | 07/06/2026 18:06:04.365 | General Service|:: CompanyIndex:1 SpName: spADM_GetDataSet 
 'select * from COM_TokenHistory WITH(NOLOCK) where JwtToken=''eyJhbGciOiJIUzI1NiIsInR5cCI6IkpXVCJ9.eyJ1bmlxdWVfbmFtZSI6ImFkbWluLDEsMSwxIiwibmJmIjoxNzgzMzQxMDk1LCJleHAiOjE3ODMzNjk4OTUsImlhdCI6MTc4MzM0MTA5NX0.rwNKfVX7bznzeAGTphuhnEFpb2Dtvzgyg3vCg5fSBow'''
 ,1
 ,1
[System: 192.168.1.54] DEBUG | 07/06/2026 18:06:04.381 | General Service|:: CompanyIndex:1 SpName: spDOC_GetCurrentCodeNumber 
 41103
 ,'1234//111///111/'
 ,1
 ,1
[System: 192.168.1.54] DEBUG | 07/06/2026 18:06:04.381 | General Service|:: CompanyIndex:1 SpName: spADM_GetDataSet 
 'select * from COM_TokenHistory WITH(NOLOCK) where JwtToken=''eyJhbGciOiJIUzI1NiIsInR5cCI6IkpXVCJ9.eyJ1bmlxdWVfbmFtZSI6ImFkbWluLDEsMSwxIiwibmJmIjoxNzgzMzQxMDk1LCJleHAiOjE3ODMzNjk4OTUsImlhdCI6MTc4MzM0MTA5NX0.rwNKfVX7bznzeAGTphuhnEFpb2Dtvzgyg3vCg5fSBow'''
 ,1
 ,1
[System: 192.168.1.54] DEBUG | 07/06/2026 18:06:04.381 | General Service|:: CompanyIndex:1 SpName: spADM_GetListViewDataByIDs 
 '<XML><Row CCID="50002"  TypeID="2"  DBColumnID="827265"  NodeID="431" /><Row CCID="50002"  TypeID="1"  DBColumnID="827265"  NodeID="431" /><Row CCID="50001"  TypeID="3"  DBColumnID="827264"  NodeID="383" /></XML>'
 ,1
 ,1
[System: 192.168.1.54] DEBUG | 07/06/2026 18:06:04.381 | General Service|:: CompanyIndex:1 SpName: spADM_GetDataSet 
 'select * from COM_TokenHistory WITH(NOLOCK) where JwtToken=''eyJhbGciOiJIUzI1NiIsInR5cCI6IkpXVCJ9.eyJ1bmlxdWVfbmFtZSI6ImFkbWluLDEsMSwxIiwibmJmIjoxNzgzMzQxMDk1LCJleHAiOjE3ODMzNjk4OTUsImlhdCI6MTc4MzM0MTA5NX0.rwNKfVX7bznzeAGTphuhnEFpb2Dtvzgyg3vCg5fSBow'''
 ,1
 ,1
[System: 192.168.1.54] DEBUG | 07/06/2026 18:06:04.412 | General Service|:: CompanyIndex:1 SpName: spADM_GetListViewDataByIDs 
 '<XML><Row CCID="50002"  TypeID="2"  DBColumnID="827265"  NodeID="431" /><Row CCID="50002"  TypeID="1"  DBColumnID="827265"  NodeID="431" /><Row CCID="50001"  TypeID="3"  DBColumnID="827264"  NodeID="383" /></XML>'
 ,1
 ,1
[System: 192.168.1.54] DEBUG | 07/06/2026 18:06:04.412 | General Service|:: CompanyIndex:1 SpName: spADM_GetDataSet 
 'select * from COM_TokenHistory WITH(NOLOCK) where JwtToken=''eyJhbGciOiJIUzI1NiIsInR5cCI6IkpXVCJ9.eyJ1bmlxdWVfbmFtZSI6ImFkbWluLDEsMSwxIiwibmJmIjoxNzgzMzQxMDk1LCJleHAiOjE3ODMzNjk4OTUsImlhdCI6MTc4MzM0MTA5NX0.rwNKfVX7bznzeAGTphuhnEFpb2Dtvzgyg3vCg5fSBow'''
 ,1
 ,1
[System: 192.168.1.54] DEBUG | 07/06/2026 18:06:04.506 | General Service|:: CompanyIndex:1 SpName: spADM_GetCostCenterListViewData 
 309
 ,'a.AccountName,a.AccountCode'
 ,''
 ,''
 ,'AccountName'
 ,''
 ,8
 ,False
 ,''
 ,''
 ,''
 ,''
 ,''
 ,0
 ,False
 ,''
 ,''
 ,'1'
 ,'1'
 ,1
[System: 192.168.1.54] DEBUG | 07/06/2026 18:06:04.506 | General Service|:: CompanyIndex:1 SpName: spADM_GetDataSet 
 'select * from COM_TokenHistory WITH(NOLOCK) where JwtToken=''eyJhbGciOiJIUzI1NiIsInR5cCI6IkpXVCJ9.eyJ1bmlxdWVfbmFtZSI6ImFkbWluLDEsMSwxIiwibmJmIjoxNzgzMzQxMDk1LCJleHAiOjE3ODMzNjk4OTUsImlhdCI6MTc4MzM0MTA5NX0.rwNKfVX7bznzeAGTphuhnEFpb2Dtvzgyg3vCg5fSBow'''
 ,1
 ,1
[System: 192.168.1.54] DEBUG | 07/06/2026 18:06:06.466 | General Service|:: CompanyIndex:1 SpName: spADM_GetDataSet 
 'SELECT StaticReportType FROM ADM_RevenUReports WITH(NOLOCK) WHERE ReportID=10090'
 ,1
 ,1
[System: 192.168.1.54] DEBUG | 07/06/2026 18:06:06.466 | General Service|:: CompanyIndex:1 SpName: spADM_GetDataSet 
 'select * from COM_TokenHistory WITH(NOLOCK) where JwtToken=''eyJhbGciOiJIUzI1NiIsInR5cCI6IkpXVCJ9.eyJ1bmlxdWVfbmFtZSI6ImFkbWluLDEsMSwxIiwibmJmIjoxNzgzMzQxMDk1LCJleHAiOjE3ODMzNjk4OTUsImlhdCI6MTc4MzM0MTA5NX0.rwNKfVX7bznzeAGTphuhnEFpb2Dtvzgyg3vCg5fSBow'''
 ,1
 ,1
[System: 192.168.1.54] DEBUG | 07/06/2026 18:06:06.481 | General Service|:: CompanyIndex:1 SpName: spRPT_GetReport 
 0
 ,10090
 ,'1'
 ,'1'
 ,1
[System: 192.168.1.54] DEBUG | 07/06/2026 18:06:06.497 | General Service|:: CompanyIndex:1 SpName: spADM_GetDataSet 
 'select * from COM_TokenHistory WITH(NOLOCK) where JwtToken=''eyJhbGciOiJIUzI1NiIsInR5cCI6IkpXVCJ9.eyJ1bmlxdWVfbmFtZSI6ImFkbWluLDEsMSwxIiwibmJmIjoxNzgzMzQxMDk1LCJleHAiOjE3ODMzNjk4OTUsImlhdCI6MTc4MzM0MTA5NX0.rwNKfVX7bznzeAGTphuhnEFpb2Dtvzgyg3vCg5fSBow'''
 ,1
 ,1
[System: 192.168.1.54] DEBUG | 07/06/2026 18:06:06.513 | General Service|:: CompanyIndex:1 SpName: spRPT_GetReportFields 
 40001
 ,0
 ,'1'
 ,1
[System: 192.168.1.54] DEBUG | 07/06/2026 18:06:06.513 | General Service|:: CompanyIndex:1 SpName: spADM_GetDataSet 
 'select * from COM_TokenHistory WITH(NOLOCK) where JwtToken=''eyJhbGciOiJIUzI1NiIsInR5cCI6IkpXVCJ9.eyJ1bmlxdWVfbmFtZSI6ImFkbWluLDEsMSwxIiwibmJmIjoxNzgzMzQxMDk1LCJleHAiOjE3ODMzNjk4OTUsImlhdCI6MTc4MzM0MTA5NX0.rwNKfVX7bznzeAGTphuhnEFpb2Dtvzgyg3vCg5fSBow'''
 ,1
 ,1
[System: 192.168.1.54] DEBUG | 07/06/2026 18:06:06.559 | General Service|:: CompanyIndex:1 SpName: spDOC_GetVPTPrintCopies 
 4
 ,50
 ,10090
 ,2
 ,4
 ,'View~3e1c70e0-7845-4eb0-97fc-5e1c5df7c30e'
 ,'admin'
 ,1
[System: 192.168.1.54] DEBUG | 07/06/2026 18:06:06.559 | General Service|:: CompanyIndex:1 SpName: spADM_GetDataSet 
 'select * from COM_TokenHistory WITH(NOLOCK) where JwtToken=''eyJhbGciOiJIUzI1NiIsInR5cCI6IkpXVCJ9.eyJ1bmlxdWVfbmFtZSI6ImFkbWluLDEsMSwxIiwibmJmIjoxNzgzMzQxMDk1LCJleHAiOjE3ODMzNjk4OTUsImlhdCI6MTc4MzM0MTA5NX0.rwNKfVX7bznzeAGTphuhnEFpb2Dtvzgyg3vCg5fSBow'''
 ,1
 ,1
[System: 192.168.1.54] DEBUG | 07/06/2026 18:06:06.591 | General Service|:: CompanyIndex:1 SpName: spRPT_GetReportFields 
 400
 ,0
 ,'1'
 ,1
[System: 192.168.1.54] DEBUG | 07/06/2026 18:06:06.591 | General Service|:: CompanyIndex:1 SpName: spADM_GetDataSet 
 'select * from COM_TokenHistory WITH(NOLOCK) where JwtToken=''eyJhbGciOiJIUzI1NiIsInR5cCI6IkpXVCJ9.eyJ1bmlxdWVfbmFtZSI6ImFkbWluLDEsMSwxIiwibmJmIjoxNzgzMzQxMDk1LCJleHAiOjE3ODMzNjk4OTUsImlhdCI6MTc4MzM0MTA5NX0.rwNKfVX7bznzeAGTphuhnEFpb2Dtvzgyg3vCg5fSBow'''
 ,1
 ,1
[System: 192.168.1.54] DEBUG | 07/06/2026 18:06:06.653 | General Service|:: CompanyIndex:1 SpName: spRPT_GetReportFields 
 40001
 ,0
 ,'1'
 ,1
[System: 192.168.1.54] DEBUG | 07/06/2026 18:06:06.653 | General Service|:: CompanyIndex:1 SpName: spADM_GetDataSet 
 'select * from COM_TokenHistory WITH(NOLOCK) where JwtToken=''eyJhbGciOiJIUzI1NiIsInR5cCI6IkpXVCJ9.eyJ1bmlxdWVfbmFtZSI6ImFkbWluLDEsMSwxIiwibmJmIjoxNzgzMzQxMDk1LCJleHAiOjE3ODMzNjk4OTUsImlhdCI6MTc4MzM0MTA5NX0.rwNKfVX7bznzeAGTphuhnEFpb2Dtvzgyg3vCg5fSBow'''
 ,1
 ,1
[System: 192.168.1.54] DEBUG | 07/06/2026 18:06:06.747 | General Service|:: CompanyIndex:1 SpName: spRPT_GetReportFields 
 2
 ,0
 ,'1'
 ,1
[System: 192.168.1.54] DEBUG | 07/06/2026 18:06:06.747 | General Service|:: CompanyIndex:1 SpName: spADM_GetDataSet 
 'select * from COM_TokenHistory WITH(NOLOCK) where JwtToken=''eyJhbGciOiJIUzI1NiIsInR5cCI6IkpXVCJ9.eyJ1bmlxdWVfbmFtZSI6ImFkbWluLDEsMSwxIiwibmJmIjoxNzgzMzQxMDk1LCJleHAiOjE3ODMzNjk4OTUsImlhdCI6MTc4MzM0MTA5NX0.rwNKfVX7bznzeAGTphuhnEFpb2Dtvzgyg3vCg5fSBow'''
 ,1
 ,1
[System: 192.168.1.54] DEBUG | 07/06/2026 18:06:06.794 | General Service|:: CompanyIndex:1 SpName: spRPT_GetReportFields 
 110
 ,0
 ,'1'
 ,1
[System: 192.168.1.54] DEBUG | 07/06/2026 18:06:06.794 | General Service|:: CompanyIndex:1 SpName: spADM_GetDataSet 
 'select * from COM_TokenHistory WITH(NOLOCK) where JwtToken=''eyJhbGciOiJIUzI1NiIsInR5cCI6IkpXVCJ9.eyJ1bmlxdWVfbmFtZSI6ImFkbWluLDEsMSwxIiwibmJmIjoxNzgzMzQxMDk1LCJleHAiOjE3ODMzNjk4OTUsImlhdCI6MTc4MzM0MTA5NX0.rwNKfVX7bznzeAGTphuhnEFpb2Dtvzgyg3vCg5fSBow'''
 ,1
 ,1
[System: 192.168.1.54] DEBUG | 07/06/2026 18:06:06.840 | General Service|:: CompanyIndex:1 SpName: spADM_GetCostCenterGridViewList 
 2
 ,1
 ,1
 ,1
[System: 192.168.1.54] DEBUG | 07/06/2026 18:06:06.840 | General Service|:: CompanyIndex:1 SpName: spADM_GetDataSet 
 'select * from COM_TokenHistory WITH(NOLOCK) where JwtToken=''eyJhbGciOiJIUzI1NiIsInR5cCI6IkpXVCJ9.eyJ1bmlxdWVfbmFtZSI6ImFkbWluLDEsMSwxIiwibmJmIjoxNzgzMzQxMDk1LCJleHAiOjE3ODMzNjk4OTUsImlhdCI6MTc4MzM0MTA5NX0.rwNKfVX7bznzeAGTphuhnEFpb2Dtvzgyg3vCg5fSBow'''
 ,1
 ,1
[System: 192.168.1.54] DEBUG | 07/06/2026 18:06:06.981 | General Service|:: CompanyIndex:1 SpName: spCom_GetCostCenterSummary 
 126
 ,-1
 ,1000
 ,''
 ,''
 ,''
 ,0
 ,'06/Jul/2026'
 ,NULL
 ,''
 ,1
 ,1
 ,0
 ,0
 ,False
 ,1
[System: 192.168.1.54] DEBUG | 07/06/2026 18:06:06.981 | General Service|:: CompanyIndex:1 SpName: spADM_GetDataSet 
 'select * from COM_TokenHistory WITH(NOLOCK) where JwtToken=''eyJhbGciOiJIUzI1NiIsInR5cCI6IkpXVCJ9.eyJ1bmlxdWVfbmFtZSI6ImFkbWluLDEsMSwxIiwibmJmIjoxNzgzMzQxMDk1LCJleHAiOjE3ODMzNjk4OTUsImlhdCI6MTc4MzM0MTA5NX0.rwNKfVX7bznzeAGTphuhnEFpb2Dtvzgyg3vCg5fSBow'''
 ,1
 ,1
[System: 192.168.1.54] DEBUG | 07/06/2026 18:06:07.044 | General Service|:: CompanyIndex:1 SpName: spADM_GetDataSet 
 'SELECT CurrencyID,Name,ExchangeRate FROM COM_Currency WITH(NOLOCK)'
 ,1
 ,1
[System: 192.168.1.54] DEBUG | 07/06/2026 18:06:07.044 | General Service|:: CompanyIndex:1 SpName: spADM_GetDataSet 
 'select * from COM_TokenHistory WITH(NOLOCK) where JwtToken=''eyJhbGciOiJIUzI1NiIsInR5cCI6IkpXVCJ9.eyJ1bmlxdWVfbmFtZSI6ImFkbWluLDEsMSwxIiwibmJmIjoxNzgzMzQxMDk1LCJleHAiOjE3ODMzNjk4OTUsImlhdCI6MTc4MzM0MTA5NX0.rwNKfVX7bznzeAGTphuhnEFpb2Dtvzgyg3vCg5fSBow'''
 ,1
 ,1
[System: 192.168.1.54] DEBUG | 07/06/2026 18:06:07.169 | General Service|:: CompanyIndex:1 SpName: spCom_GetCostCenterSummary 
 126
 ,1000
 ,1000
 ,''
 ,''
 ,''
 ,2034
 ,'06/Jul/2026'
 ,NULL
 ,''
 ,1
 ,1
 ,0
 ,0
 ,False
 ,1
[System: 192.168.1.54] DEBUG | 07/06/2026 18:06:07.169 | General Service|:: CompanyIndex:1 SpName: spADM_GetDataSet 
 'select * from COM_TokenHistory WITH(NOLOCK) where JwtToken=''eyJhbGciOiJIUzI1NiIsInR5cCI6IkpXVCJ9.eyJ1bmlxdWVfbmFtZSI6ImFkbWluLDEsMSwxIiwibmJmIjoxNzgzMzQxMDk1LCJleHAiOjE3ODMzNjk4OTUsImlhdCI6MTc4MzM0MTA5NX0.rwNKfVX7bznzeAGTphuhnEFpb2Dtvzgyg3vCg5fSBow'''
 ,1
 ,1
[System: 192.168.1.54] DEBUG | 07/06/2026 18:06:07.622 | General Service|:: CompanyIndex:1 SpName: spDOC_GetLinkReferenceData 
 827265
 ,41103
 ,431
 ,'06/Jul/2026'
 ,0
 ,'<XML><Row CostCenterID="50001" NODEID="383" /></XML>'
 ,False
 ,'0'
 ,'0'
 ,'0'
 ,NULL
 ,'0'
 ,'0'
 ,'0'
 ,''
 ,'1'
 ,1
 ,'1'
[System: 192.168.1.54] DEBUG | 07/06/2026 18:06:07.622 | General Service|:: CompanyIndex:1 SpName: spADM_GetDataSet 
 'select * from COM_TokenHistory WITH(NOLOCK) where JwtToken=''eyJhbGciOiJIUzI1NiIsInR5cCI6IkpXVCJ9.eyJ1bmlxdWVfbmFtZSI6ImFkbWluLDEsMSwxIiwibmJmIjoxNzgzMzQxMDk1LCJleHAiOjE3ODMzNjk4OTUsImlhdCI6MTc4MzM0MTA5NX0.rwNKfVX7bznzeAGTphuhnEFpb2Dtvzgyg3vCg5fSBow'''
 ,1
 ,1
[System: 192.168.1.54] DEBUG | 07/06/2026 18:06:11.513 | General Service|:: CompanyIndex:1 SpName: spADM_GetDataSet 
 'DECLARE @To FLOAT
SET @To=CONVERT(FLOAT,CONVERT(DATETIME,''06 Jul 2026''))
SELECT *,case when Amount>0 then 1 else 0 end AmtOrder FROM (	SELECT A.AccountID,B.DocSeqNo,A.AccountName AS AccountName,A.AccountID AS AccountName_ID,CONVERT(DATETIME,B.DocDate) DocDate,CONVERT(DATETIME,B.DocDueDate) DueDate,CONVERT(DATETIME,B.DocDate) VoucherDate,B.DocNo,AdjAmount+ISNULL((select sum(CB.AdjAmount) from COM_Billwise CB WITH(NOLOCK) where CB.AccountID=B.AccountID AND CB.DocNo=B.DocNo and CB.IsNewReference=0 AND CB.DocSeqNo=B.DocSeqNo AND CB.RefDocDate>@To),0) Amount,AdjAmount BillAmount,C50002.Name AS Location,    
(SELECT SUM(AdjAmount) Adjusted FROM COM_Billwise CB WITH(NOLOCK) WHERE CB.IsNewReference=0 AND CB.DocDate<=@To AND CB.AccountID=B.AccountID AND CB.RefDocNo=B.DocNo AND  (CB.DocType<>14 AND CB.DocType<>19 AND (SELECT top(1) 1 FROM ACC_DocDetails ACC WITH(NOLOCK) WHERE ACC.VoucherNo=CB.DocNo and (StatusID=369 or StatusID=429 or StatusID=371 or StatusID=441))=1) AND CB.RefDocSeqNo=B.DocSeqNo) Adjusted,(B.DocDueDate-B.DocDate) CreditDays
,@To-B.DocDate OverDue
,B.DocType,(SELECT TOP 1 ACC.StatusID FROM ACC_DocDetails ACC WITH(NOLOCK) WHERE ACC.VoucherNo=B.DocNo) StatusID,case when B.DocType=14 or B.DocType=19 then 1 else 0 end IsPDC,null AgainstVoucher 
FROM COM_Billwise B WITH(NOLOCK) INNER JOIN ACC_Accounts A WITH(NOLOCK) ON B.AccountID=A.AccountID     
INNER JOIN COM_Location AS C50002 WITH(NOLOCK) ON B.dcCCNID2 = C50002.NodeID  WHERE B.IsNewReference=1 AND B.DocDate<=@To AND A.AccountID=140 ) AS T  WHERE (Adjusted IS NULL OR abs(Amount+Adjusted)>0.099) AND (DocType<>14 AND DocType<>19 and (StatusID=369 or StatusID=429 or StatusID=371 or StatusID=441))
 UNION ALL  SELECT *,case when Amount>0 then 1 else 0 end AmtOrder FROM (	SELECT A.AccountID,B.DocSeqNo,A.AccountName AS AccountName,A.AccountID AS AccountName_ID,CONVERT(DATETIME,B.DocDate) DocDate,CONVERT(DATETIME,B.DocDueDate) DueDate,CONVERT(DATETIME,B.DocDate) VoucherDate,B.DocNo,B.AdjAmount Amount,B.AdjAmount BillAmount,C50002.Name AS Location,    
(SELECT SUM(CB.AdjAmount) Adjusted FROM COM_Billwise CB WITH(NOLOCK) WHERE CB.IsNewReference=0 AND CB.DocDate<=@To AND CB.AccountID=B.AccountID AND CB.RefDocNo=B.DocNo AND  (CB.DocType<>14 AND CB.DocType<>19 AND (SELECT top(1) 1 FROM ACC_DocDetails ACC WITH(NOLOCK) WHERE ACC.VoucherNo=CB.DocNo and (StatusID=369 or StatusID=429 or StatusID=371 or StatusID=441))=1) AND CB.RefDocSeqNo=B.DocSeqNo) Adjusted,(B.DocDueDate-B.DocDate) CreditDays
 ,@To-B.DocDate OverDue
 ,B.DocType,(SELECT TOP 1 ACC.StatusID FROM ACC_DocDetails ACC WITH(NOLOCK) WHERE ACC.VoucherNo=B.DocNo) StatusID,case when B.DocType=14 or B.DocType=19 then 1 else 0 end IsPDC,null AgainstVoucher 
 FROM COM_Billwise B WITH(NOLOCK) INNER JOIN ACC_Accounts A WITH(NOLOCK) ON B.AccountID=A.AccountID     
 INNER JOIN COM_Location AS C50002 WITH(NOLOCK) ON B.dcCCNID2 = C50002.NodeID  
 LEFT JOIN COM_Billwise BCB WITH(NOLOCK) ON BCB.AccountID=B.AccountID AND BCB.DocNo=B.DocNo and BCB.IsNewReference=1 AND BCB.DocSeqNo=B.DocSeqNo  WHERE B.IsNewReference=0 AND B.DocDate<=@To AND B.RefDocDate>@To AND BCB.AccountID is null AND A.AccountID=140 ) AS T  WHERE (Adjusted IS NULL OR abs(Amount+Adjusted)>0.099) AND (DocType<>14 AND DocType<>19 and (StatusID=369 or StatusID=429 or StatusID=371 or StatusID=441))
UNION ALL  SELECT *,case when Amount>0 then 1 else 0 end AmtOrder FROM (	SELECT A.AccountID,B.DocSeqNo,A.AccountName AS AccountName,A.AccountID AS AccountName_ID,CONVERT(DATETIME,B.DocDate) DocDate,CONVERT(DATETIME,B.DocDueDate) DueDate,CONVERT(DATETIME,B.DocDate) VoucherDate,B.DocNo,
AdjAmount Amount,AdjAmount BillAmount,C50002.Name AS Location,0 Adjusted
,(B.DocDueDate-B.DocDate) CreditDays
,@To-B.DocDate OverDue
,B.DocType,(SELECT TOP 1 ACC.StatusID FROM ACC_DocDetails ACC WITH(NOLOCK) WHERE ACC.VoucherNo=B.DocNo) StatusID,1 IsPDC,case when B.IsNewReference=0 then B.RefDocNo else null end AgainstVoucher 
FROM COM_Billwise B WITH(NOLOCK) INNER JOIN ACC_Accounts A WITH(NOLOCK) ON B.AccountID=A.AccountID     
INNER JOIN COM_Location AS C50002 WITH(NOLOCK) ON B.dcCCNID2 = C50002.NodeID  WHERE (B.DocType=19 or B.DocType=14) and B.DocDate<=@To  AND A.AccountID=140 ) AS T  WHERE (Adjusted IS NULL OR abs(Amount+Adjusted)>0.099) AND (StatusID=370 OR StatusID=439 or StatusID=371 or StatusID=441) ORDER BY AccountName,AccountName_ID,IsPDC,StatusID,DocDate,AmtOrder,DocNo'
 ,1
 ,1
[System: 192.168.1.54] DEBUG | 07/06/2026 18:06:11.513 | General Service|:: CompanyIndex:1 SpName: spADM_GetDataSet 
 'select * from COM_TokenHistory WITH(NOLOCK) where JwtToken=''eyJhbGciOiJIUzI1NiIsInR5cCI6IkpXVCJ9.eyJ1bmlxdWVfbmFtZSI6ImFkbWluLDEsMSwxIiwibmJmIjoxNzgzMzQxMDk1LCJleHAiOjE3ODMzNjk4OTUsImlhdCI6MTc4MzM0MTA5NX0.rwNKfVX7bznzeAGTphuhnEFpb2Dtvzgyg3vCg5fSBow'''
 ,1
 ,1
[System: 192.168.1.54] DEBUG | 07/06/2026 18:06:27.102 | General Service|:: CompanyIndex:1 SpName: spADM_GetDataSet 
 'SELECT [CostCenterID],isgroupExists FROM COM_CCPriceTaxCCDefn a WITH(NOLOCK) where ProfileID=0 and [DefType]=3 AND isgroupExists=1'
 ,1
 ,1
[System: 192.168.1.54] DEBUG | 07/06/2026 18:06:27.102 | General Service|:: CompanyIndex:1 SpName: spADM_GetDataSet 
 'select * from COM_TokenHistory WITH(NOLOCK) where JwtToken=''eyJhbGciOiJIUzI1NiIsInR5cCI6IkpXVCJ9.eyJ1bmlxdWVfbmFtZSI6ImFkbWluLDEsMSwxIiwibmJmIjoxNzgzMzQxMDk1LCJleHAiOjE3ODMzNjk4OTUsImlhdCI6MTc4MzM0MTA5NX0.rwNKfVX7bznzeAGTphuhnEFpb2Dtvzgyg3vCg5fSBow'''
 ,1
 ,1
[System: 192.168.1.54] DEBUG | 07/06/2026 18:06:27.117 | General Service|:: CompanyIndex:1 SpName: spADM_GetDataSet 
 ' SELECT CurrencyID,Name FROM COM_Currency WITH(NOLOCK)'
 ,1
 ,1
[System: 192.168.1.54] DEBUG | 07/06/2026 18:06:27.117 | General Service|:: CompanyIndex:1 SpName: spADM_GetDataSet 
 'select * from COM_TokenHistory WITH(NOLOCK) where JwtToken=''eyJhbGciOiJIUzI1NiIsInR5cCI6IkpXVCJ9.eyJ1bmlxdWVfbmFtZSI6ImFkbWluLDEsMSwxIiwibmJmIjoxNzgzMzQxMDk1LCJleHAiOjE3ODMzNjk4OTUsImlhdCI6MTc4MzM0MTA5NX0.rwNKfVX7bznzeAGTphuhnEFpb2Dtvzgyg3vCg5fSBow'''
 ,1
 ,1
[System: 192.168.1.54] DEBUG | 07/06/2026 18:06:27.133 | General Service|:: CompanyIndex:1 SpName: spADM_GetPDCDocs 
 '1'
 ,1
[System: 192.168.1.54] DEBUG | 07/06/2026 18:06:27.133 | General Service|:: CompanyIndex:1 SpName: spADM_GetDataSet 
 'select * from COM_TokenHistory WITH(NOLOCK) where JwtToken=''eyJhbGciOiJIUzI1NiIsInR5cCI6IkpXVCJ9.eyJ1bmlxdWVfbmFtZSI6ImFkbWluLDEsMSwxIiwibmJmIjoxNzgzMzQxMDk1LCJleHAiOjE3ODMzNjk4OTUsImlhdCI6MTc4MzM0MTA5NX0.rwNKfVX7bznzeAGTphuhnEFpb2Dtvzgyg3vCg5fSBow'''
 ,1
 ,1
[System: 192.168.1.54] DEBUG | 07/06/2026 18:06:27.150 | General Service|:: CompanyIndex:1 SpName: spADM_GetPDCDefaults 
 1
 ,'1'
 ,1
[System: 192.168.1.54] DEBUG | 07/06/2026 18:06:27.150 | General Service|:: CompanyIndex:1 SpName: spADM_GetDataSet 
 'select * from COM_TokenHistory WITH(NOLOCK) where JwtToken=''eyJhbGciOiJIUzI1NiIsInR5cCI6IkpXVCJ9.eyJ1bmlxdWVfbmFtZSI6ImFkbWluLDEsMSwxIiwibmJmIjoxNzgzMzQxMDk1LCJleHAiOjE3ODMzNjk4OTUsImlhdCI6MTc4MzM0MTA5NX0.rwNKfVX7bznzeAGTphuhnEFpb2Dtvzgyg3vCg5fSBow'''
 ,1
 ,1
[System: 192.168.1.54] DEBUG | 07/06/2026 18:06:27.166 | General Service|:: CompanyIndex:1 SpName: spADM_GetCostCenterGridViewList 
 50049
 ,1
 ,1
 ,1
[System: 192.168.1.54] DEBUG | 07/06/2026 18:06:27.166 | General Service|:: CompanyIndex:1 SpName: spADM_GetDataSet 
 'select * from COM_TokenHistory WITH(NOLOCK) where JwtToken=''eyJhbGciOiJIUzI1NiIsInR5cCI6IkpXVCJ9.eyJ1bmlxdWVfbmFtZSI6ImFkbWluLDEsMSwxIiwibmJmIjoxNzgzMzQxMDk1LCJleHAiOjE3ODMzNjk4OTUsImlhdCI6MTc4MzM0MTA5NX0.rwNKfVX7bznzeAGTphuhnEFpb2Dtvzgyg3vCg5fSBow'''
 ,1
 ,1
[System: 192.168.1.54] DEBUG | 07/06/2026 18:06:27.182 | General Service|:: CompanyIndex:1 SpName: spCom_GetCostCenterSummary 
 500033
 ,-1
 ,1000
 ,''
 ,''
 ,''
 ,0
 ,'06/Jul/2026'
 ,NULL
 ,''
 ,1
 ,1
 ,0
 ,0
 ,False
 ,1
[System: 192.168.1.54] DEBUG | 07/06/2026 18:06:27.182 | General Service|:: CompanyIndex:1 SpName: spADM_GetDataSet 
 'select * from COM_TokenHistory WITH(NOLOCK) where JwtToken=''eyJhbGciOiJIUzI1NiIsInR5cCI6IkpXVCJ9.eyJ1bmlxdWVfbmFtZSI6ImFkbWluLDEsMSwxIiwibmJmIjoxNzgzMzQxMDk1LCJleHAiOjE3ODMzNjk4OTUsImlhdCI6MTc4MzM0MTA5NX0.rwNKfVX7bznzeAGTphuhnEFpb2Dtvzgyg3vCg5fSBow'''
 ,1
 ,1
[System: 192.168.1.54] DEBUG | 07/06/2026 18:06:27.354 | General Service|:: CompanyIndex:1 SpName: spADM_GetCostCenterListViewData 
 500110
 ,'a.AccountCode,a.AccountName'
 ,''
 ,''
 ,'AccountCode'
 ,''
 ,8
 ,False
 ,''
 ,3687
 ,''
 ,''
 ,''
 ,0
 ,False
 ,''
 ,''
 ,'1'
 ,'1'
 ,1
[System: 192.168.1.54] DEBUG | 07/06/2026 18:06:27.354 | General Service|:: CompanyIndex:1 SpName: spADM_GetDataSet 
 'select * from COM_TokenHistory WITH(NOLOCK) where JwtToken=''eyJhbGciOiJIUzI1NiIsInR5cCI6IkpXVCJ9.eyJ1bmlxdWVfbmFtZSI6ImFkbWluLDEsMSwxIiwibmJmIjoxNzgzMzQxMDk1LCJleHAiOjE3ODMzNjk4OTUsImlhdCI6MTc4MzM0MTA5NX0.rwNKfVX7bznzeAGTphuhnEFpb2Dtvzgyg3vCg5fSBow'''
 ,1
 ,1
[System: 192.168.1.54] DEBUG | 07/06/2026 18:06:29.004 | General Service|:: CompanyIndex:1 SpName: spDoc_GetPDCdocuments 
 'DocDate'
 ,'DocDate'
 ,'01/Apr/2026'
 ,'06/Jul/2026'
 ,0
 ,''
 ,''
 ,''
 ,3687
 ,'0'
 ,0
 ,',ChequeBankName,CommonNarration,L.dcCCNID15,D15.Name AS DIM50015,convert(bigint,L.dcCCNID42) dcCCNID42,D42.Name AS DIM50042'
 ,' LEFT JOIN COM_CC50015 AS D15 ON L.dcCCNID15=D15.NodeID LEFT JOIN COM_CC50042 AS D42 ON L.dcCCNID42=D42.NodeID'
 ,''
 ,' AND L.dcCCNID49 in(31,30,29,28,27,4,1,26,25,24,23,22,21,20,19,18,16,15,14,3,5)'
 ,'1'
 ,1
[System: 192.168.1.54] DEBUG | 07/06/2026 18:06:29.020 | General Service|:: CompanyIndex:1 SpName: spADM_GetDataSet 
 'select * from COM_TokenHistory WITH(NOLOCK) where JwtToken=''eyJhbGciOiJIUzI1NiIsInR5cCI6IkpXVCJ9.eyJ1bmlxdWVfbmFtZSI6ImFkbWluLDEsMSwxIiwibmJmIjoxNzgzMzQxMDk1LCJleHAiOjE3ODMzNjk4OTUsImlhdCI6MTc4MzM0MTA5NX0.rwNKfVX7bznzeAGTphuhnEFpb2Dtvzgyg3vCg5fSBow'''
 ,1
 ,1
[System: 192.168.1.54] DEBUG | 07/06/2026 18:06:34.118 | General Service|:: CompanyIndex:1 SpName: spADM_GetDataSet 
 'declare @DocNo nvarchar(100),@DetailsID bigint
set @DocNo=''BRD-2433''
select @DetailsID=min(AccDocDetailsID) from ACC_DocDetails with(nolock) where VoucherNo=@DocNo
select CreatedBy,CONVERT(Datetime,CreatedDate) CreateDate from ACC_DocDetails with(nolock)
where AccDocDetailsID=@DetailsID

select @DetailsID=max(AccDocDetailsID) from ACC_DocDetails with(nolock) where VoucherNo=@DocNo
select ModifiedBy,CONVERT(Datetime,ModifiedDate) ModifiedDate from ACC_DocDetails with(nolock)
where AccDocDetailsID=@DetailsID

select A.AccountName,sum(Dr) Dr,sum(Cr) Cr
from(
select DebitAccount Account,Amount Dr, 0 Cr
from ACC_DocDetails with(nolock)
where VoucherNo=@DocNo
union all
select CreditAccount,0,Amount
from ACC_DocDetails with(nolock)
where VoucherNo=@DocNo
) AS T
join ACC_Accounts A with(nolock) on A.AccountID=T.Account
Group By A.AccountName
order by Dr desc,Cr desc'
 ,1
 ,1
[System: 192.168.1.54] DEBUG | 07/06/2026 18:06:34.118 | General Service|:: CompanyIndex:1 SpName: spDOC_GetDocumentDetailsByVoucherNo 
 'BRD-2433'
 ,'1'
 ,1
[System: 192.168.1.54] DEBUG | 07/06/2026 18:06:34.118 | General Service|:: CompanyIndex:1 SpName: spADM_GetDataSet 
 'select * from COM_TokenHistory WITH(NOLOCK) where JwtToken=''eyJhbGciOiJIUzI1NiIsInR5cCI6IkpXVCJ9.eyJ1bmlxdWVfbmFtZSI6ImFkbWluLDEsMSwxIiwibmJmIjoxNzgzMzQxMDk1LCJleHAiOjE3ODMzNjk4OTUsImlhdCI6MTc4MzM0MTA5NX0.rwNKfVX7bznzeAGTphuhnEFpb2Dtvzgyg3vCg5fSBow'''
 ,1
 ,1
[System: 192.168.1.54] DEBUG | 07/06/2026 18:06:34.118 | General Service|:: CompanyIndex:1 SpName: spADM_GetDataSet 
 'select * from COM_TokenHistory WITH(NOLOCK) where JwtToken=''eyJhbGciOiJIUzI1NiIsInR5cCI6IkpXVCJ9.eyJ1bmlxdWVfbmFtZSI6ImFkbWluLDEsMSwxIiwibmJmIjoxNzgzMzQxMDk1LCJleHAiOjE3ODMzNjk4OTUsImlhdCI6MTc4MzM0MTA5NX0.rwNKfVX7bznzeAGTphuhnEFpb2Dtvzgyg3vCg5fSBow'''
 ,1
 ,1
[System: 192.168.1.54] DEBUG | 07/06/2026 18:06:34.398 | General Service|:: CompanyIndex:1 SpName: spDOC_GetDocumentDefinition 
 40018
 ,NULL
 ,NULL
 ,''
 ,1
 ,'admin'
 ,1
 ,1
 ,1
[System: 192.168.1.54] DEBUG | 07/06/2026 18:06:34.398 | General Service|:: CompanyIndex:1 SpName: spADM_GetDataSet 
 'select * from COM_TokenHistory WITH(NOLOCK) where JwtToken=''eyJhbGciOiJIUzI1NiIsInR5cCI6IkpXVCJ9.eyJ1bmlxdWVfbmFtZSI6ImFkbWluLDEsMSwxIiwibmJmIjoxNzgzMzQxMDk1LCJleHAiOjE3ODMzNjk4OTUsImlhdCI6MTc4MzM0MTA5NX0.rwNKfVX7bznzeAGTphuhnEFpb2Dtvzgyg3vCg5fSBow'''
 ,1
 ,1
[System: 192.168.1.54] DEBUG | 07/06/2026 18:06:34.683 | General Service|:: CompanyIndex:1 SpName: spDOC_GetDocumentDefinition 
 41001
 ,NULL
 ,NULL
 ,''
 ,1
 ,'admin'
 ,1
 ,1
 ,1
[System: 192.168.1.54] DEBUG | 07/06/2026 18:06:34.683 | General Service|:: CompanyIndex:1 SpName: spADM_GetDataSet 
 'select * from COM_TokenHistory WITH(NOLOCK) where JwtToken=''eyJhbGciOiJIUzI1NiIsInR5cCI6IkpXVCJ9.eyJ1bmlxdWVfbmFtZSI6ImFkbWluLDEsMSwxIiwibmJmIjoxNzgzMzQxMDk1LCJleHAiOjE3ODMzNjk4OTUsImlhdCI6MTc4MzM0MTA5NX0.rwNKfVX7bznzeAGTphuhnEFpb2Dtvzgyg3vCg5fSBow'''
 ,1
 ,1
[System: 192.168.1.54] DEBUG | 07/06/2026 18:06:34.698 | General Service|:: CompanyIndex:1 SpName: spDOC_GetCurrentCodeNumber 
 40018
 ,''
 ,1
 ,1
[System: 192.168.1.54] DEBUG | 07/06/2026 18:06:34.698 | General Service|:: CompanyIndex:1 SpName: spADM_GetDataSet 
 'select * from COM_TokenHistory WITH(NOLOCK) where JwtToken=''eyJhbGciOiJIUzI1NiIsInR5cCI6IkpXVCJ9.eyJ1bmlxdWVfbmFtZSI6ImFkbWluLDEsMSwxIiwibmJmIjoxNzgzMzQxMDk1LCJleHAiOjE3ODMzNjk4OTUsImlhdCI6MTc4MzM0MTA5NX0.rwNKfVX7bznzeAGTphuhnEFpb2Dtvzgyg3vCg5fSBow'''
 ,1
 ,1
[System: 192.168.1.54] DEBUG | 07/06/2026 18:06:34.698 | General Service|:: CompanyIndex:1 SpName: spADM_GetListViewDataByIDs 
 '<XML><Row CCID="2"  TypeID="10"  DBColumnID="4140"  NodeID="333" /><Row CCID="2"  TypeID="100"  DBColumnID="4140"  NodeID="333" /></XML>'
 ,1
 ,1
[System: 192.168.1.54] DEBUG | 07/06/2026 18:06:34.714 | General Service|:: CompanyIndex:1 SpName: spADM_GetDataSet 
 'select * from COM_TokenHistory WITH(NOLOCK) where JwtToken=''eyJhbGciOiJIUzI1NiIsInR5cCI6IkpXVCJ9.eyJ1bmlxdWVfbmFtZSI6ImFkbWluLDEsMSwxIiwibmJmIjoxNzgzMzQxMDk1LCJleHAiOjE3ODMzNjk4OTUsImlhdCI6MTc4MzM0MTA5NX0.rwNKfVX7bznzeAGTphuhnEFpb2Dtvzgyg3vCg5fSBow'''
 ,1
 ,1
[System: 192.168.1.54] DEBUG | 07/06/2026 18:06:34.714 | General Service|:: CompanyIndex:1 SpName: spADM_GetListViewDataByIDs 
 '<XML><Row CCID="2"  TypeID="10"  DBColumnID="4140"  NodeID="333" /><Row CCID="2"  TypeID="100"  DBColumnID="4140"  NodeID="333" /></XML>'
 ,1
 ,1
[System: 192.168.1.54] DEBUG | 07/06/2026 18:06:34.714 | General Service|:: CompanyIndex:1 SpName: spADM_GetDataSet 
 'select * from COM_TokenHistory WITH(NOLOCK) where JwtToken=''eyJhbGciOiJIUzI1NiIsInR5cCI6IkpXVCJ9.eyJ1bmlxdWVfbmFtZSI6ImFkbWluLDEsMSwxIiwibmJmIjoxNzgzMzQxMDk1LCJleHAiOjE3ODMzNjk4OTUsImlhdCI6MTc4MzM0MTA5NX0.rwNKfVX7bznzeAGTphuhnEFpb2Dtvzgyg3vCg5fSBow'''
 ,1
 ,1
[System: 192.168.1.54] DEBUG | 07/06/2026 18:06:34.761 | General Service|:: CompanyIndex:1 SpName: spCOM_GetDimensionTabGridData 
 40018
 ,144
 ,1
 ,1
[System: 192.168.1.54] DEBUG | 07/06/2026 18:06:34.761 | General Service|:: CompanyIndex:1 SpName: spADM_GetDataSet 
 'select * from COM_TokenHistory WITH(NOLOCK) where JwtToken=''eyJhbGciOiJIUzI1NiIsInR5cCI6IkpXVCJ9.eyJ1bmlxdWVfbmFtZSI6ImFkbWluLDEsMSwxIiwibmJmIjoxNzgzMzQxMDk1LCJleHAiOjE3ODMzNjk4OTUsImlhdCI6MTc4MzM0MTA5NX0.rwNKfVX7bznzeAGTphuhnEFpb2Dtvzgyg3vCg5fSBow'''
 ,1
 ,1
[System: 192.168.1.54] DEBUG | 07/06/2026 18:06:34.776 | General Service|:: CompanyIndex:1 SpName: SPCRM_GetActivitiesCustomFields 
 40018
 ,0
 ,'admin'
 ,1
 ,1
 ,1
[System: 192.168.1.54] DEBUG | 07/06/2026 18:06:34.776 | General Service|:: CompanyIndex:1 SpName: spADM_GetDataSet 
 'select * from COM_TokenHistory WITH(NOLOCK) where JwtToken=''eyJhbGciOiJIUzI1NiIsInR5cCI6IkpXVCJ9.eyJ1bmlxdWVfbmFtZSI6ImFkbWluLDEsMSwxIiwibmJmIjoxNzgzMzQxMDk1LCJleHAiOjE3ODMzNjk4OTUsImlhdCI6MTc4MzM0MTA5NX0.rwNKfVX7bznzeAGTphuhnEFpb2Dtvzgyg3vCg5fSBow'''
 ,1
 ,1
[System: 192.168.1.54] DEBUG | 07/06/2026 18:06:34.792 | General Service|:: CompanyIndex:1 SpName: spADM_GetDataSet 
 ' select Name,value from [com_Costcenterpreferences] with(nolock) where CostCenterID=1000 '
 ,1
 ,1
[System: 192.168.1.54] DEBUG | 07/06/2026 18:06:34.792 | General Service|:: CompanyIndex:1 SpName: spADM_GetDataSet 
 'select * from COM_TokenHistory WITH(NOLOCK) where JwtToken=''eyJhbGciOiJIUzI1NiIsInR5cCI6IkpXVCJ9.eyJ1bmlxdWVfbmFtZSI6ImFkbWluLDEsMSwxIiwibmJmIjoxNzgzMzQxMDk1LCJleHAiOjE3ODMzNjk4OTUsImlhdCI6MTc4MzM0MTA5NX0.rwNKfVX7bznzeAGTphuhnEFpb2Dtvzgyg3vCg5fSBow'''
 ,1
 ,1
[System: 192.168.1.54] DEBUG | 07/06/2026 18:06:34.792 | General Service|:: CompanyIndex:1 SpName: spADM_GetDataSet 
 'select * from COM_TokenHistory WITH(NOLOCK) where JwtToken=''eyJhbGciOiJIUzI1NiIsInR5cCI6IkpXVCJ9.eyJ1bmlxdWVfbmFtZSI6ImFkbWluLDEsMSwxIiwibmJmIjoxNzgzMzQxMDk1LCJleHAiOjE3ODMzNjk4OTUsImlhdCI6MTc4MzM0MTA5NX0.rwNKfVX7bznzeAGTphuhnEFpb2Dtvzgyg3vCg5fSBow'''
 ,1
 ,1
[System: 192.168.1.54] DEBUG | 07/06/2026 18:06:34.808 | General Service|:: CompanyIndex:1 SpName: spADM_GetDataSet 
 'select UserName,UserID from dbo.adm_users with(nolock) where isuserdeleted=0 and StatusID=1'
 ,1
 ,1
[System: 192.168.1.54] DEBUG | 07/06/2026 18:06:34.808 | General Service|:: CompanyIndex:1 SpName: spADM_GetDataSet 
 'select * from COM_TokenHistory WITH(NOLOCK) where JwtToken=''eyJhbGciOiJIUzI1NiIsInR5cCI6IkpXVCJ9.eyJ1bmlxdWVfbmFtZSI6ImFkbWluLDEsMSwxIiwibmJmIjoxNzgzMzQxMDk1LCJleHAiOjE3ODMzNjk4OTUsImlhdCI6MTc4MzM0MTA5NX0.rwNKfVX7bznzeAGTphuhnEFpb2Dtvzgyg3vCg5fSBow'''
 ,1
 ,1
[System: 192.168.1.54] DEBUG | 07/06/2026 18:06:34.839 | General Service|:: CompanyIndex:1 SpName: spCOM_GetWorkFlowScreenDetails 
 NULL
 ,NULL
 ,'1'
 ,'1'
 ,1
 ,True
[System: 192.168.1.54] DEBUG | 07/06/2026 18:06:34.839 | General Service|:: CompanyIndex:1 SpName: spADM_GetDataSet 
 'select * from COM_TokenHistory WITH(NOLOCK) where JwtToken=''eyJhbGciOiJIUzI1NiIsInR5cCI6IkpXVCJ9.eyJ1bmlxdWVfbmFtZSI6ImFkbWluLDEsMSwxIiwibmJmIjoxNzgzMzQxMDk1LCJleHAiOjE3ODMzNjk4OTUsImlhdCI6MTc4MzM0MTA5NX0.rwNKfVX7bznzeAGTphuhnEFpb2Dtvzgyg3vCg5fSBow'''
 ,1
 ,1
[System: 192.168.1.54] DEBUG | 07/06/2026 18:06:34.855 | General Service|:: CompanyIndex:1 SpName: spADM_GetDataSet 
 'select Name,value from [com_Costcenterpreferences] with(nolock) where CostCenterID=40018'
 ,1
 ,1
[System: 192.168.1.54] DEBUG | 07/06/2026 18:06:34.855 | General Service|:: CompanyIndex:1 SpName: spADM_GetDataSet 
 'select * from COM_TokenHistory WITH(NOLOCK) where JwtToken=''eyJhbGciOiJIUzI1NiIsInR5cCI6IkpXVCJ9.eyJ1bmlxdWVfbmFtZSI6ImFkbWluLDEsMSwxIiwibmJmIjoxNzgzMzQxMDk1LCJleHAiOjE3ODMzNjk4OTUsImlhdCI6MTc4MzM0MTA5NX0.rwNKfVX7bznzeAGTphuhnEFpb2Dtvzgyg3vCg5fSBow'''
 ,1
 ,1
[System: 192.168.1.54] DEBUG | 07/06/2026 18:06:34.870 | General Service|:: CompanyIndex:1 SpName: spADM_GetListViewDataByIDs 
 '<XML><Row CCID="2"  TypeID="10"  DBColumnID="4140"  NodeID="333" /><Row CCID="2"  TypeID="100"  DBColumnID="4140"  NodeID="333" /></XML>'
 ,1
 ,1
[System: 192.168.1.54] DEBUG | 07/06/2026 18:06:34.870 | General Service|:: CompanyIndex:1 SpName: spADM_GetDataSet 
 'select * from COM_TokenHistory WITH(NOLOCK) where JwtToken=''eyJhbGciOiJIUzI1NiIsInR5cCI6IkpXVCJ9.eyJ1bmlxdWVfbmFtZSI6ImFkbWluLDEsMSwxIiwibmJmIjoxNzgzMzQxMDk1LCJleHAiOjE3ODMzNjk4OTUsImlhdCI6MTc4MzM0MTA5NX0.rwNKfVX7bznzeAGTphuhnEFpb2Dtvzgyg3vCg5fSBow'''
 ,1
 ,1
[System: 192.168.1.54] DEBUG | 07/06/2026 18:06:34.964 | General Service|:: CompanyIndex:1 SpName: spDOC_GetAccDocument 
 40018
 ,''
 ,'2433'
 ,'0'
 ,0
 ,' and (b.dcCCNID2=c.CCNID2 or c.CCNID2=0)'
 ,1
 ,1
 ,'admin'
 ,1
[System: 192.168.1.54] DEBUG | 07/06/2026 18:06:34.964 | General Service|:: CompanyIndex:1 SpName: spADM_GetDataSet 
 'select * from COM_TokenHistory WITH(NOLOCK) where JwtToken=''eyJhbGciOiJIUzI1NiIsInR5cCI6IkpXVCJ9.eyJ1bmlxdWVfbmFtZSI6ImFkbWluLDEsMSwxIiwibmJmIjoxNzgzMzQxMDk1LCJleHAiOjE3ODMzNjk4OTUsImlhdCI6MTc4MzM0MTA5NX0.rwNKfVX7bznzeAGTphuhnEFpb2Dtvzgyg3vCg5fSBow'''
 ,1
 ,1
[System: 192.168.1.54] DEBUG | 07/06/2026 18:06:34.979 | General Service|:: CompanyIndex:1 SpName: spADM_GetDataSet 
 ' select BODocID,MRDocID, VendorID from Com_BiddingDocs with (nolock) where QTDocID =36724 and Status = 1
                    and CONVERT(float, Convert(datetime, ''06/Jul/2026 06:06:34 PM'')) between CONVERT(float,BidStartTime) and CONVERT(float,BidEndTime)'
 ,1
 ,1
[System: 192.168.1.54] DEBUG | 07/06/2026 18:06:34.979 | General Service|:: CompanyIndex:1 SpName: spADM_GetDataSet 
 'select * from COM_TokenHistory WITH(NOLOCK) where JwtToken=''eyJhbGciOiJIUzI1NiIsInR5cCI6IkpXVCJ9.eyJ1bmlxdWVfbmFtZSI6ImFkbWluLDEsMSwxIiwibmJmIjoxNzgzMzQxMDk1LCJleHAiOjE3ODMzNjk4OTUsImlhdCI6MTc4MzM0MTA5NX0.rwNKfVX7bznzeAGTphuhnEFpb2Dtvzgyg3vCg5fSBow'''
 ,1
 ,1
[System: 192.168.1.54] DEBUG | 07/06/2026 18:06:35.011 | General Service|:: CompanyIndex:1 SpName: spADM_GetListViewDataByIDs 
 '<XML><Row CCID="2"  TypeID="10"  DBColumnID="4140"  NodeID="3543" /><Row CCID="2"  TypeID="100"  DBColumnID="4140"  NodeID="3543" /><Row CCID="50002"  TypeID="3"  DBColumnID="6474"  NodeID="400" /><Row CCID="50005"  TypeID="1"  DBColumnID="6477"  NodeID="201" /><Row CCID="50002"  TypeID="3"  DBColumnID="6474"  NodeID="400" /><Row CCID="50005"  TypeID="1"  DBColumnID="6477"  NodeID="201" /><Row CCID="50059"  TypeID="1"  DBColumnID="7203"  NodeID="1" /><Row CCID="50010"  TypeID="1"  DBColumnID="6482"  NodeID="404" /><Row CCID="50024"  TypeID="1"  DBColumnID="6496"  NodeID="1" /><Row CCID="50051"  TypeID="1"  DBColumnID="56360"  NodeID="1" /><Row CCID="50068"  TypeID="1"  DBColumnID="825601"  NodeID="6" /><Row CCID="50009"  TypeID="3"  DBColumnID="6481"  NodeID="259" /><Row CCID="50012"  TypeID="1"  DBColumnID="6484"  NodeID="1" /><Row CCID="50031"  TypeID="1"  DBColumnID="6503"  NodeID="1" /><Row CCID="2"  TypeID="100"  DBColumnID="4141"  NodeID="3460" /><Row CCID="2"  TypeID="10"  DBColumnID="24480"  NodeID="3460" /><Row CCID="50003"  TypeID="1"  DBColumnID="6475"  NodeID="1" /><Row CCID="50001"  TypeID="1"  DBColumnID="6473"  NodeID="1" /><Row CCID="50004"  TypeID="1"  DBColumnID="6476"  NodeID="1" /><Row CCID="50058"  TypeID="1"  DBColumnID="7134"  NodeID="1" /></XML>'
 ,1
 ,1
[System: 192.168.1.54] DEBUG | 07/06/2026 18:06:35.011 | General Service|:: CompanyIndex:1 SpName: spADM_GetDataSet 
 'select * from COM_TokenHistory WITH(NOLOCK) where JwtToken=''eyJhbGciOiJIUzI1NiIsInR5cCI6IkpXVCJ9.eyJ1bmlxdWVfbmFtZSI6ImFkbWluLDEsMSwxIiwibmJmIjoxNzgzMzQxMDk1LCJleHAiOjE3ODMzNjk4OTUsImlhdCI6MTc4MzM0MTA5NX0.rwNKfVX7bznzeAGTphuhnEFpb2Dtvzgyg3vCg5fSBow'''
 ,1
 ,1
[System: 192.168.1.54] DEBUG | 07/06/2026 18:06:35.276 | General Service|:: CompanyIndex:1 SpName: spDOC_GetDocumentDefinition 
 41001
 ,NULL
 ,NULL
 ,''
 ,1
 ,'admin'
 ,1
 ,1
 ,1
[System: 192.168.1.54] DEBUG | 07/06/2026 18:06:35.276 | General Service|:: CompanyIndex:1 SpName: spADM_GetDataSet 
 'select * from COM_TokenHistory WITH(NOLOCK) where JwtToken=''eyJhbGciOiJIUzI1NiIsInR5cCI6IkpXVCJ9.eyJ1bmlxdWVfbmFtZSI6ImFkbWluLDEsMSwxIiwibmJmIjoxNzgzMzQxMDk1LCJleHAiOjE3ODMzNjk4OTUsImlhdCI6MTc4MzM0MTA5NX0.rwNKfVX7bznzeAGTphuhnEFpb2Dtvzgyg3vCg5fSBow'''
 ,1
 ,1
[System: 192.168.1.54] DEBUG | 07/06/2026 18:06:35.292 | General Service|:: CompanyIndex:1 SpName: spADM_GetDataSet 
 ' SELECT * FROM CRM_ASSIGNMENT WITH(NOLOCK) WHERE CCID=40018 AND CCNODEID=0 AND ISFROMACTIVITY IS NOT NULL     SELECT a.* FROM COM_FILES a WITH(NOLOCK) join CRM_Activities b WITH(NOLOCK) on a.FEATUREPK=b.ActivityID WHERE a.FEATUREID=144 and b.CostCenterID=40018 and b.NodeID=0   exec spCRM_GetAssignedListForActivities 40018,0 ,0 '
 ,1
 ,1
[System: 192.168.1.54] DEBUG | 07/06/2026 18:06:35.292 | General Service|:: CompanyIndex:1 SpName: spADM_GetDataSet 
 'select * from COM_TokenHistory WITH(NOLOCK) where JwtToken=''eyJhbGciOiJIUzI1NiIsInR5cCI6IkpXVCJ9.eyJ1bmlxdWVfbmFtZSI6ImFkbWluLDEsMSwxIiwibmJmIjoxNzgzMzQxMDk1LCJleHAiOjE3ODMzNjk4OTUsImlhdCI6MTc4MzM0MTA5NX0.rwNKfVX7bznzeAGTphuhnEFpb2Dtvzgyg3vCg5fSBow'''
 ,1
 ,1
[System: 192.168.1.54] DEBUG | 07/06/2026 18:06:35.386 | General Service|:: CompanyIndex:1 SpName: spADM_GetCostCenterListViewData 
 NULL
 ,''
 ,''
 ,''
 ,''
 ,''
 ,8
 ,False
 ,''
 ,''
 ,''
 ,''
 ,''
 ,0
 ,False
 ,''
 ,''
 ,'1'
 ,'1'
 ,1
 message=Missing required parametrer.
[System: 192.168.1.54] INFO | 07/06/2026 18:06:35.386 | OnStartup: Logger Instance Created Successfully
[System: 192.168.1.54] INFO | 07/06/2026 18:06:35.386 | OnStartup: Application Starting...
[System: 192.168.1.54] ERROR | 07/06/2026 18:06:35.386 | General Service|:: CompanyIndex:1 SpName: spADM_GetCostCenterListViewDataParameters :
 NULL
 ,''
 ,''
 ,''
 ,''
 ,''
 ,8
 ,False
 ,''
 ,''
 ,''
 ,''
 ,''
 ,0
 ,False
 ,''
 ,''
 ,'1'
 ,'1'
 ,1|Missing required parametrer.
[System: 192.168.1.54] DEBUG | 07/06/2026 18:06:35.386 | General Service|:: CompanyIndex:1 SpName: spADM_GetDataSet 
 'select * from COM_TokenHistory WITH(NOLOCK) where JwtToken=''eyJhbGciOiJIUzI1NiIsInR5cCI6IkpXVCJ9.eyJ1bmlxdWVfbmFtZSI6ImFkbWluLDEsMSwxIiwibmJmIjoxNzgzMzQxMDk1LCJleHAiOjE3ODMzNjk4OTUsImlhdCI6MTc4MzM0MTA5NX0.rwNKfVX7bznzeAGTphuhnEFpb2Dtvzgyg3vCg5fSBow'''
 ,1
 ,1
[System: 192.168.1.54] DEBUG | 07/06/2026 18:06:35.448 | General Service|:: CompanyIndex:1 SpName: spADM_GetCostCenterListViewData 
 271
 ,'a.Code,a.Name'
 ,''
 ,''
 ,'Code'
 ,''
 ,8
 ,False
 ,''
 ,201
 ,''
 ,''
 ,''
 ,0
 ,False
 ,''
 ,''
 ,'1'
 ,'1'
 ,1
[System: 192.168.1.54] DEBUG | 07/06/2026 18:06:35.448 | General Service|:: CompanyIndex:1 SpName: spADM_GetDataSet 
 'select * from COM_TokenHistory WITH(NOLOCK) where JwtToken=''eyJhbGciOiJIUzI1NiIsInR5cCI6IkpXVCJ9.eyJ1bmlxdWVfbmFtZSI6ImFkbWluLDEsMSwxIiwibmJmIjoxNzgzMzQxMDk1LCJleHAiOjE3ODMzNjk4OTUsImlhdCI6MTc4MzM0MTA5NX0.rwNKfVX7bznzeAGTphuhnEFpb2Dtvzgyg3vCg5fSBow'''
 ,1
 ,1
[System: 192.168.1.54] DEBUG | 07/06/2026 18:06:35.527 | General Service|:: CompanyIndex:1 SpName: spADM_GetCostCenterListViewData 
 NULL
 ,''
 ,''
 ,''
 ,''
 ,''
 ,8
 ,False
 ,''
 ,''
 ,''
 ,''
 ,''
 ,0
 ,False
 ,''
 ,''
 ,'1'
 ,'1'
 ,1
 message=Missing required parametrer.
[System: 192.168.1.54] INFO | 07/06/2026 18:06:35.527 | OnStartup: Logger Instance Created Successfully
[System: 192.168.1.54] INFO | 07/06/2026 18:06:35.527 | OnStartup: Application Starting...
[System: 192.168.1.54] ERROR | 07/06/2026 18:06:35.527 | General Service|:: CompanyIndex:1 SpName: spADM_GetCostCenterListViewDataParameters :
 NULL
 ,''
 ,''
 ,''
 ,''
 ,''
 ,8
 ,False
 ,''
 ,''
 ,''
 ,''
 ,''
 ,0
 ,False
 ,''
 ,''
 ,'1'
 ,'1'
 ,1|Missing required parametrer.
[System: 192.168.1.54] DEBUG | 07/06/2026 18:06:35.527 | General Service|:: CompanyIndex:1 SpName: spADM_GetDataSet 
 'select * from COM_TokenHistory WITH(NOLOCK) where JwtToken=''eyJhbGciOiJIUzI1NiIsInR5cCI6IkpXVCJ9.eyJ1bmlxdWVfbmFtZSI6ImFkbWluLDEsMSwxIiwibmJmIjoxNzgzMzQxMDk1LCJleHAiOjE3ODMzNjk4OTUsImlhdCI6MTc4MzM0MTA5NX0.rwNKfVX7bznzeAGTphuhnEFpb2Dtvzgyg3vCg5fSBow'''
 ,1
 ,1
[System: 192.168.1.54] DEBUG | 07/06/2026 18:06:35.621 | General Service|:: CompanyIndex:1 SpName: spADM_GetCostCenterListViewData 
 NULL
 ,''
 ,''
 ,''
 ,''
 ,''
 ,8
 ,False
 ,''
 ,''
 ,''
 ,''
 ,''
 ,0
 ,False
 ,''
 ,''
 ,'1'
 ,'1'
 ,1
 message=Missing required parametrer.
[System: 192.168.1.54] INFO | 07/06/2026 18:06:35.621 | OnStartup: Logger Instance Created Successfully
[System: 192.168.1.54] INFO | 07/06/2026 18:06:35.621 | OnStartup: Application Starting...
[System: 192.168.1.54] ERROR | 07/06/2026 18:06:35.621 | General Service|:: CompanyIndex:1 SpName: spADM_GetCostCenterListViewDataParameters :
 NULL
 ,''
 ,''
 ,''
 ,''
 ,''
 ,8
 ,False
 ,''
 ,''
 ,''
 ,''
 ,''
 ,0
 ,False
 ,''
 ,''
 ,'1'
 ,'1'
 ,1|Missing required parametrer.
[System: 192.168.1.54] DEBUG | 07/06/2026 18:06:35.621 | General Service|:: CompanyIndex:1 SpName: spADM_GetDataSet 
 'select * from COM_TokenHistory WITH(NOLOCK) where JwtToken=''eyJhbGciOiJIUzI1NiIsInR5cCI6IkpXVCJ9.eyJ1bmlxdWVfbmFtZSI6ImFkbWluLDEsMSwxIiwibmJmIjoxNzgzMzQxMDk1LCJleHAiOjE3ODMzNjk4OTUsImlhdCI6MTc4MzM0MTA5NX0.rwNKfVX7bznzeAGTphuhnEFpb2Dtvzgyg3vCg5fSBow'''
 ,1
 ,1
[System: 192.168.1.54] DEBUG | 07/06/2026 18:06:35.683 | General Service|:: CompanyIndex:1 SpName: spADM_GetCostCenterListViewData 
 NULL
 ,''
 ,''
 ,''
 ,''
 ,''
 ,8
 ,False
 ,''
 ,''
 ,''
 ,''
 ,''
 ,0
 ,False
 ,''
 ,''
 ,'1'
 ,'1'
 ,1
 message=Missing required parametrer.
[System: 192.168.1.54] INFO | 07/06/2026 18:06:35.683 | OnStartup: Logger Instance Created Successfully
[System: 192.168.1.54] INFO | 07/06/2026 18:06:35.683 | OnStartup: Application Starting...
[System: 192.168.1.54] ERROR | 07/06/2026 18:06:35.683 | General Service|:: CompanyIndex:1 SpName: spADM_GetCostCenterListViewDataParameters :
 NULL
 ,''
 ,''
 ,''
 ,''
 ,''
 ,8
 ,False
 ,''
 ,''
 ,''
 ,''
 ,''
 ,0
 ,False
 ,''
 ,''
 ,'1'
 ,'1'
 ,1|Missing required parametrer.
[System: 192.168.1.54] DEBUG | 07/06/2026 18:06:35.699 | General Service|:: CompanyIndex:1 SpName: spADM_GetDataSet 
 'select * from COM_TokenHistory WITH(NOLOCK) where JwtToken=''eyJhbGciOiJIUzI1NiIsInR5cCI6IkpXVCJ9.eyJ1bmlxdWVfbmFtZSI6ImFkbWluLDEsMSwxIiwibmJmIjoxNzgzMzQxMDk1LCJleHAiOjE3ODMzNjk4OTUsImlhdCI6MTc4MzM0MTA5NX0.rwNKfVX7bznzeAGTphuhnEFpb2Dtvzgyg3vCg5fSBow'''
 ,1
 ,1
[System: 192.168.1.54] DEBUG | 07/06/2026 18:06:35.761 | General Service|:: CompanyIndex:1 SpName: spADM_GetCostCenterListViewData 
 NULL
 ,''
 ,''
 ,''
 ,''
 ,''
 ,8
 ,False
 ,''
 ,''
 ,' 1=1 '
 ,''
 ,''
 ,0
 ,False
 ,''
 ,''
 ,'1'
 ,'1'
 ,1
 message=Missing required parametrer.
[System: 192.168.1.54] INFO | 07/06/2026 18:06:35.761 | OnStartup: Logger Instance Created Successfully
[System: 192.168.1.54] INFO | 07/06/2026 18:06:35.761 | OnStartup: Application Starting...
[System: 192.168.1.54] ERROR | 07/06/2026 18:06:35.761 | General Service|:: CompanyIndex:1 SpName: spADM_GetCostCenterListViewDataParameters :
 NULL
 ,''
 ,''
 ,''
 ,''
 ,''
 ,8
 ,False
 ,''
 ,''
 ,' 1=1 '
 ,''
 ,''
 ,0
 ,False
 ,''
 ,''
 ,'1'
 ,'1'
 ,1|Missing required parametrer.
[System: 192.168.1.54] DEBUG | 07/06/2026 18:06:35.761 | General Service|:: CompanyIndex:1 SpName: spADM_GetDataSet 
 'select * from COM_TokenHistory WITH(NOLOCK) where JwtToken=''eyJhbGciOiJIUzI1NiIsInR5cCI6IkpXVCJ9.eyJ1bmlxdWVfbmFtZSI6ImFkbWluLDEsMSwxIiwibmJmIjoxNzgzMzQxMDk1LCJleHAiOjE3ODMzNjk4OTUsImlhdCI6MTc4MzM0MTA5NX0.rwNKfVX7bznzeAGTphuhnEFpb2Dtvzgyg3vCg5fSBow'''
 ,1
 ,1
[System: 192.168.1.54] DEBUG | 07/06/2026 18:06:35.824 | General Service|:: CompanyIndex:1 SpName: spADM_GetCostCenterListViewData 
 NULL
 ,''
 ,''
 ,''
 ,''
 ,''
 ,8
 ,False
 ,''
 ,''
 ,''
 ,''
 ,''
 ,0
 ,False
 ,''
 ,''
 ,'1'
 ,'1'
 ,1
 message=Missing required parametrer.
[System: 192.168.1.54] INFO | 07/06/2026 18:06:35.824 | OnStartup: Logger Instance Created Successfully
[System: 192.168.1.54] INFO | 07/06/2026 18:06:35.824 | OnStartup: Application Starting...
[System: 192.168.1.54] ERROR | 07/06/2026 18:06:35.839 | General Service|:: CompanyIndex:1 SpName: spADM_GetCostCenterListViewDataParameters :
 NULL
 ,''
 ,''
 ,''
 ,''
 ,''
 ,8
 ,False
 ,''
 ,''
 ,''
 ,''
 ,''
 ,0
 ,False
 ,''
 ,''
 ,'1'
 ,'1'
 ,1|Missing required parametrer.
[System: 192.168.1.54] DEBUG | 07/06/2026 18:06:35.839 | General Service|:: CompanyIndex:1 SpName: spADM_GetDataSet 
 'select * from COM_TokenHistory WITH(NOLOCK) where JwtToken=''eyJhbGciOiJIUzI1NiIsInR5cCI6IkpXVCJ9.eyJ1bmlxdWVfbmFtZSI6ImFkbWluLDEsMSwxIiwibmJmIjoxNzgzMzQxMDk1LCJleHAiOjE3ODMzNjk4OTUsImlhdCI6MTc4MzM0MTA5NX0.rwNKfVX7bznzeAGTphuhnEFpb2Dtvzgyg3vCg5fSBow'''
 ,1
 ,1
[System: 192.168.1.54] DEBUG | 07/06/2026 18:06:35.902 | General Service|:: CompanyIndex:1 SpName: spADM_GetCostCenterListViewData 
 NULL
 ,''
 ,''
 ,''
 ,''
 ,''
 ,8
 ,False
 ,''
 ,''
 ,''
 ,''
 ,''
 ,0
 ,False
 ,''
 ,''
 ,'1'
 ,'1'
 ,1
 message=Missing required parametrer.
[System: 192.168.1.54] INFO | 07/06/2026 18:06:35.917 | OnStartup: Logger Instance Created Successfully
[System: 192.168.1.54] INFO | 07/06/2026 18:06:35.917 | OnStartup: Application Starting...
[System: 192.168.1.54] ERROR | 07/06/2026 18:06:35.917 | General Service|:: CompanyIndex:1 SpName: spADM_GetCostCenterListViewDataParameters :
 NULL
 ,''
 ,''
 ,''
 ,''
 ,''
 ,8
 ,False
 ,''
 ,''
 ,''
 ,''
 ,''
 ,0
 ,False
 ,''
 ,''
 ,'1'
 ,'1'
 ,1|Missing required parametrer.
[System: 192.168.1.54] DEBUG | 07/06/2026 18:06:35.917 | General Service|:: CompanyIndex:1 SpName: spADM_GetDataSet 
 'select * from COM_TokenHistory WITH(NOLOCK) where JwtToken=''eyJhbGciOiJIUzI1NiIsInR5cCI6IkpXVCJ9.eyJ1bmlxdWVfbmFtZSI6ImFkbWluLDEsMSwxIiwibmJmIjoxNzgzMzQxMDk1LCJleHAiOjE3ODMzNjk4OTUsImlhdCI6MTc4MzM0MTA5NX0.rwNKfVX7bznzeAGTphuhnEFpb2Dtvzgyg3vCg5fSBow'''
 ,1
 ,1
[System: 192.168.1.54] DEBUG | 07/06/2026 18:06:35.949 | General Service|:: CompanyIndex:1 SpName: spCOM_GetCostCenterSelectionBoxData 
 40018
 ,'dcAlpha1'
 ,'1'
 ,1
[System: 192.168.1.54] DEBUG | 07/06/2026 18:06:35.949 | General Service|:: CompanyIndex:1 SpName: spADM_GetDataSet 
 'select * from COM_TokenHistory WITH(NOLOCK) where JwtToken=''eyJhbGciOiJIUzI1NiIsInR5cCI6IkpXVCJ9.eyJ1bmlxdWVfbmFtZSI6ImFkbWluLDEsMSwxIiwibmJmIjoxNzgzMzQxMDk1LCJleHAiOjE3ODMzNjk4OTUsImlhdCI6MTc4MzM0MTA5NX0.rwNKfVX7bznzeAGTphuhnEFpb2Dtvzgyg3vCg5fSBow'''
 ,1
 ,1
[System: 192.168.1.54] DEBUG | 07/06/2026 18:06:35.996 | General Service|:: CompanyIndex:1 SpName: spCOM_GetCostCenterSelectionBoxData 
 40018
 ,'dcAlpha18'
 ,'1'
 ,1
[System: 192.168.1.54] DEBUG | 07/06/2026 18:06:35.996 | General Service|:: CompanyIndex:1 SpName: spADM_GetDataSet 
 'select * from COM_TokenHistory WITH(NOLOCK) where JwtToken=''eyJhbGciOiJIUzI1NiIsInR5cCI6IkpXVCJ9.eyJ1bmlxdWVfbmFtZSI6ImFkbWluLDEsMSwxIiwibmJmIjoxNzgzMzQxMDk1LCJleHAiOjE3ODMzNjk4OTUsImlhdCI6MTc4MzM0MTA5NX0.rwNKfVX7bznzeAGTphuhnEFpb2Dtvzgyg3vCg5fSBow'''
 ,1
 ,1
[System: 192.168.1.54] DEBUG | 07/06/2026 18:06:37.110 | General Service|:: CompanyIndex:1 SpName: spRPT_GetUnApprovedDocsCount 
 ''
 ,'1'
 ,'1'
 ,1
[System: 192.168.1.54] DEBUG | 07/06/2026 18:06:37.110 | General Service|:: CompanyIndex:1 SpName: spADM_GetDataSet 
 'select * from COM_TokenHistory WITH(NOLOCK) where JwtToken=''eyJhbGciOiJIUzI1NiIsInR5cCI6IkpXVCJ9.eyJ1bmlxdWVfbmFtZSI6ImFkbWluLDEsMSwxIiwibmJmIjoxNzgzMzQxMDk1LCJleHAiOjE3ODMzNjk4OTUsImlhdCI6MTc4MzM0MTA5NX0.rwNKfVX7bznzeAGTphuhnEFpb2Dtvzgyg3vCg5fSBow'''
 ,1
 ,1
[System: 192.168.1.54] DEBUG | 07/06/2026 18:06:37.142 | General Service|:: CompanyIndex:1 SpName: spCOM_ConfigValues 
 1
 ,'NotifTime'
 ,''
[System: 192.168.1.54] DEBUG | 07/06/2026 18:06:37.142 | General Service|:: CompanyIndex:1 SpName: spADM_GetDataSet 
 'select * from COM_TokenHistory WITH(NOLOCK) where JwtToken=''eyJhbGciOiJIUzI1NiIsInR5cCI6IkpXVCJ9.eyJ1bmlxdWVfbmFtZSI6ImFkbWluLDEsMSwxIiwibmJmIjoxNzgzMzQxMDk1LCJleHAiOjE3ODMzNjk4OTUsImlhdCI6MTc4MzM0MTA5NX0.rwNKfVX7bznzeAGTphuhnEFpb2Dtvzgyg3vCg5fSBow'''
 ,1
 ,1
[System: 192.168.1.54] DEBUG | 07/06/2026 18:06:39.448 | General Service|:: CompanyIndex:1 SpName: spADM_GetDataSet 
 'declare @UserID int,@RoleID int,@UserName NVARCHAR(100),@where nvarchar(max),@query nvarchar(max)
set @UserID=1
set @RoleID=1-- Employee:-1
SELECT @UserName=UserName From ADM_Users WITH(NOLOCK) WHERE UserID=@UserID
exec [fnGet_GetAssignedDims] @UserID,@RoleID,@where output
 create table #TblUsrWF(WID int,LevelID int,Type int,CtWef float,LvWef int)
EXEC spRPT_GetReportData @Type=8,@Param1=@UserID,@strXML=null,@RoleID=@RoleID set @query=''  SELECT DT.CostCenterID,DT.DocumentName,DT.DocumentType,DT.IsInventory,count(*) CNT
FROM (
 SELECT INV.CostCenterID
FROM INV_DocDetails INV with(nolock)''
if(@where<>'''')
	set @query=@query+'' join com_docccdata d with(nolock) on INV.INVDocDetailsid=d.INVDocDetailsid''	

set @query=@query+'' ,#TblUsrWF WF
WHERE WF.WID=INV.WorkflowID and (WF.LevelID>INV.WorkFlowLevel or (WF.LevelID+1=INV.WorkFlowLevel and INV.StatusID=372)) and (INV.StatusID=371 or INV.StatusID=372 or INV.StatusID=441) AND (WF.Type=1 or (INV.WorkFlowLevel+1=WF.LevelID and INV.StatusID!=372) or (WF.LevelID+1=INV.WorkFlowLevel and INV.StatusID=372) or (WF.CtWef is not null and INV.WorkFlowLevel>=WF.LvWef
and INV.CreatedDate+WF.CtWef<=convert(float,getdate())))  ''+@where+''
GROUP BY INV.CostCenterID,INV.VoucherNo
UNION ALL
SELECT ACC.CostCenterID
FROM ACC_DocDetails ACC with(nolock)''
if(@where<>'''')
	set @query=@query+'' join com_docccdata d with(nolock) on ACC.ACCDocDetailsid=d.ACCDocDetailsid''	

set @query=@query+'',#TblUsrWF WF
WHERE ACC.LinkedAccDocDetailsID is null and ACC.InvDocDetailsID is null and WF.WID=ACC.WorkflowID and (WF.LevelID>ACC.WorkFlowLevel or (WF.LevelID+1=ACC.WorkFlowLevel and ACC.StatusID=372)) and (ACC.StatusID=371 or ACC.StatusID=372 or ACC.StatusID=441) AND (WF.Type=1 or (ACC.WorkFlowLevel+1=WF.LevelID and ACC.StatusID!=372) or (WF.LevelID+1=ACC.WorkFlowLevel and ACC.StatusID=372) or (WF.CtWef is not null and ACC.WorkFlowLevel>=WF.LvWef
and ACC.CreatedDate+WF.CtWef<=convert(float,getdate())))   ''+@where+''
GROUP BY ACC.CostCenterID,ACC.VoucherNo  ) AS T
JOIN ADM_DocumentTypes DT with(nolock) ON T.CostCenterID=DT.CostCenterID
GROUP BY DT.CostCenterID,DT.DocumentName,DT.DocumentType,DT.IsInventory  
UNION ALL
SELECT DT.FeatureID CostCenterID,DT.Name DocumentName,-DT.FeatureID DocumentType,0 IsInventory,count(*) CNT
FROM (
SELECT INV.CostCenterID FROM REN_Contract INV WITH(NOLOCK),#TblUsrWF WF
WHERE  WF.WID=INV.WorkflowID and WF.LevelID>INV.WorkFlowLevel and (INV.StatusID=440 or INV.StatusID=470 or INV.StatusID=466) AND (WF.Type=1 or (INV.WorkFlowLevel+1=WF.LevelID and INV.StatusID!=470)  or (WF.CtWef is not null and INV.WorkFlowLevel>=WF.LvWef
 and INV.CreatedDate+WF.CtWef<=convert(float,getdate()))) AND INV.RefContractID=0 ) AS T
JOIN ADM_Features DT with(nolock) ON T.CostCenterID=DT.FeatureID
GROUP BY DT.FeatureID,DT.Name 
ORDER BY DocumentName''
exec(@query)

DROP TABLE #TblUsrWF
'
 ,1
 ,1
[System: 192.168.1.54] DEBUG | 07/06/2026 18:06:39.464 | General Service|:: CompanyIndex:1 SpName: spADM_GetDataSet 
 'select * from COM_TokenHistory WITH(NOLOCK) where JwtToken=''eyJhbGciOiJIUzI1NiIsInR5cCI6IkpXVCJ9.eyJ1bmlxdWVfbmFtZSI6ImFkbWluLDEsMSwxIiwibmJmIjoxNzgzMzQxMDk1LCJleHAiOjE3ODMzNjk4OTUsImlhdCI6MTc4MzM0MTA5NX0.rwNKfVX7bznzeAGTphuhnEFpb2Dtvzgyg3vCg5fSBow'''
 ,1
 ,1
[System: 192.168.1.54] DEBUG | 07/06/2026 18:06:40.407 | General Service|:: CompanyIndex:1 SpName: spDOC_GetAccDocument 
 40018
 ,''
 ,'2432'
 ,'1'
 ,0
 ,' and (b.dcCCNID2=c.CCNID2 or c.CCNID2=0)'
 ,1
 ,1
 ,'admin'
 ,1
[System: 192.168.1.54] DEBUG | 07/06/2026 18:06:40.407 | General Service|:: CompanyIndex:1 SpName: spADM_GetDataSet 
 'select * from COM_TokenHistory WITH(NOLOCK) where JwtToken=''eyJhbGciOiJIUzI1NiIsInR5cCI6IkpXVCJ9.eyJ1bmlxdWVfbmFtZSI6ImFkbWluLDEsMSwxIiwibmJmIjoxNzgzMzQxMDk1LCJleHAiOjE3ODMzNjk4OTUsImlhdCI6MTc4MzM0MTA5NX0.rwNKfVX7bznzeAGTphuhnEFpb2Dtvzgyg3vCg5fSBow'''
 ,1
 ,1
[System: 192.168.1.54] DEBUG | 07/06/2026 18:06:40.422 | General Service|:: CompanyIndex:1 SpName: spADM_GetDataSet 
 ' select BODocID,MRDocID, VendorID from Com_BiddingDocs with (nolock) where QTDocID =36723 and Status = 1
                    and CONVERT(float, Convert(datetime, ''06/Jul/2026 06:06:40 PM'')) between CONVERT(float,BidStartTime) and CONVERT(float,BidEndTime)'
 ,1
 ,1
[System: 192.168.1.54] DEBUG | 07/06/2026 18:06:40.422 | General Service|:: CompanyIndex:1 SpName: spADM_GetDataSet 
 'select * from COM_TokenHistory WITH(NOLOCK) where JwtToken=''eyJhbGciOiJIUzI1NiIsInR5cCI6IkpXVCJ9.eyJ1bmlxdWVfbmFtZSI6ImFkbWluLDEsMSwxIiwibmJmIjoxNzgzMzQxMDk1LCJleHAiOjE3ODMzNjk4OTUsImlhdCI6MTc4MzM0MTA5NX0.rwNKfVX7bznzeAGTphuhnEFpb2Dtvzgyg3vCg5fSBow'''
 ,1
 ,1
[System: 192.168.1.54] DEBUG | 07/06/2026 18:06:40.438 | General Service|:: CompanyIndex:1 SpName: spADM_GetListViewDataByIDs 
 '<XML><Row CCID="2"  TypeID="10"  DBColumnID="4140"  NodeID="3543" /><Row CCID="2"  TypeID="100"  DBColumnID="4140"  NodeID="3543" /><Row CCID="50002"  TypeID="3"  DBColumnID="6474"  NodeID="400" /><Row CCID="50005"  TypeID="1"  DBColumnID="6477"  NodeID="201" /><Row CCID="50002"  TypeID="3"  DBColumnID="6474"  NodeID="400" /><Row CCID="50005"  TypeID="1"  DBColumnID="6477"  NodeID="201" /><Row CCID="50059"  TypeID="1"  DBColumnID="7203"  NodeID="1" /><Row CCID="50010"  TypeID="1"  DBColumnID="6482"  NodeID="404" /><Row CCID="50024"  TypeID="1"  DBColumnID="6496"  NodeID="1" /><Row CCID="50051"  TypeID="1"  DBColumnID="56360"  NodeID="1" /><Row CCID="50068"  TypeID="1"  DBColumnID="825601"  NodeID="6" /><Row CCID="50009"  TypeID="3"  DBColumnID="6481"  NodeID="259" /><Row CCID="50012"  TypeID="1"  DBColumnID="6484"  NodeID="1" /><Row CCID="50031"  TypeID="1"  DBColumnID="6503"  NodeID="1" /><Row CCID="2"  TypeID="100"  DBColumnID="4141"  NodeID="3460" /><Row CCID="2"  TypeID="10"  DBColumnID="24480"  NodeID="3460" /><Row CCID="50003"  TypeID="1"  DBColumnID="6475"  NodeID="1" /><Row CCID="50001"  TypeID="1"  DBColumnID="6473"  NodeID="1" /><Row CCID="50004"  TypeID="1"  DBColumnID="6476"  NodeID="1" /><Row CCID="50058"  TypeID="1"  DBColumnID="7134"  NodeID="1" /></XML>'
 ,1
 ,1
[System: 192.168.1.54] DEBUG | 07/06/2026 18:06:40.438 | General Service|:: CompanyIndex:1 SpName: spADM_GetDataSet 
 'select * from COM_TokenHistory WITH(NOLOCK) where JwtToken=''eyJhbGciOiJIUzI1NiIsInR5cCI6IkpXVCJ9.eyJ1bmlxdWVfbmFtZSI6ImFkbWluLDEsMSwxIiwibmJmIjoxNzgzMzQxMDk1LCJleHAiOjE3ODMzNjk4OTUsImlhdCI6MTc4MzM0MTA5NX0.rwNKfVX7bznzeAGTphuhnEFpb2Dtvzgyg3vCg5fSBow'''
 ,1
 ,1
[System: 192.168.1.54] DEBUG | 07/06/2026 18:06:40.704 | General Service|:: CompanyIndex:1 SpName: spDOC_GetDocumentDefinition 
 41001
 ,NULL
 ,NULL
 ,''
 ,1
 ,'admin'
 ,1
 ,1
 ,1
[System: 192.168.1.54] DEBUG | 07/06/2026 18:06:40.704 | General Service|:: CompanyIndex:1 SpName: spADM_GetDataSet 
 'select * from COM_TokenHistory WITH(NOLOCK) where JwtToken=''eyJhbGciOiJIUzI1NiIsInR5cCI6IkpXVCJ9.eyJ1bmlxdWVfbmFtZSI6ImFkbWluLDEsMSwxIiwibmJmIjoxNzgzMzQxMDk1LCJleHAiOjE3ODMzNjk4OTUsImlhdCI6MTc4MzM0MTA5NX0.rwNKfVX7bznzeAGTphuhnEFpb2Dtvzgyg3vCg5fSBow'''
 ,1
 ,1
[System: 192.168.1.54] DEBUG | 07/06/2026 18:06:40.735 | General Service|:: CompanyIndex:1 SpName: spADM_GetDataSet 
 ' SELECT * FROM CRM_ASSIGNMENT WITH(NOLOCK) WHERE CCID=40018 AND CCNODEID=36724 AND ISFROMACTIVITY IS NOT NULL     SELECT a.* FROM COM_FILES a WITH(NOLOCK) join CRM_Activities b WITH(NOLOCK) on a.FEATUREPK=b.ActivityID WHERE a.FEATUREID=144 and b.CostCenterID=40018 and b.NodeID=36724   exec spCRM_GetAssignedListForActivities 40018,36724 ,0 '
 ,1
 ,1
[System: 192.168.1.54] DEBUG | 07/06/2026 18:06:40.735 | General Service|:: CompanyIndex:1 SpName: spADM_GetDataSet 
 'select * from COM_TokenHistory WITH(NOLOCK) where JwtToken=''eyJhbGciOiJIUzI1NiIsInR5cCI6IkpXVCJ9.eyJ1bmlxdWVfbmFtZSI6ImFkbWluLDEsMSwxIiwibmJmIjoxNzgzMzQxMDk1LCJleHAiOjE3ODMzNjk4OTUsImlhdCI6MTc4MzM0MTA5NX0.rwNKfVX7bznzeAGTphuhnEFpb2Dtvzgyg3vCg5fSBow'''
 ,1
 ,1
[System: 192.168.1.54] DEBUG | 07/06/2026 18:06:43.051 | General Service|:: CompanyIndex:1 SpName: spDOC_GetAccDocument 
 40018
 ,''
 ,'2431'
 ,'1'
 ,0
 ,' and (b.dcCCNID2=c.CCNID2 or c.CCNID2=0)'
 ,1
 ,1
 ,'admin'
 ,1
[System: 192.168.1.54] DEBUG | 07/06/2026 18:06:43.051 | General Service|:: CompanyIndex:1 SpName: spADM_GetDataSet 
 'select * from COM_TokenHistory WITH(NOLOCK) where JwtToken=''eyJhbGciOiJIUzI1NiIsInR5cCI6IkpXVCJ9.eyJ1bmlxdWVfbmFtZSI6ImFkbWluLDEsMSwxIiwibmJmIjoxNzgzMzQxMDk1LCJleHAiOjE3ODMzNjk4OTUsImlhdCI6MTc4MzM0MTA5NX0.rwNKfVX7bznzeAGTphuhnEFpb2Dtvzgyg3vCg5fSBow'''
 ,1
 ,1
[System: 192.168.1.54] DEBUG | 07/06/2026 18:06:43.051 | General Service|:: CompanyIndex:1 SpName: spADM_GetDataSet 
 ' select BODocID,MRDocID, VendorID from Com_BiddingDocs with (nolock) where QTDocID =36722 and Status = 1
                    and CONVERT(float, Convert(datetime, ''06/Jul/2026 06:06:43 PM'')) between CONVERT(float,BidStartTime) and CONVERT(float,BidEndTime)'
 ,1
 ,1
[System: 192.168.1.54] DEBUG | 07/06/2026 18:06:43.051 | General Service|:: CompanyIndex:1 SpName: spADM_GetDataSet 
 'select * from COM_TokenHistory WITH(NOLOCK) where JwtToken=''eyJhbGciOiJIUzI1NiIsInR5cCI6IkpXVCJ9.eyJ1bmlxdWVfbmFtZSI6ImFkbWluLDEsMSwxIiwibmJmIjoxNzgzMzQxMDk1LCJleHAiOjE3ODMzNjk4OTUsImlhdCI6MTc4MzM0MTA5NX0.rwNKfVX7bznzeAGTphuhnEFpb2Dtvzgyg3vCg5fSBow'''
 ,1
 ,1
[System: 192.168.1.54] DEBUG | 07/06/2026 18:06:43.067 | General Service|:: CompanyIndex:1 SpName: spADM_GetListViewDataByIDs 
 '<XML><Row CCID="2"  TypeID="10"  DBColumnID="4140"  NodeID="3543" /><Row CCID="2"  TypeID="100"  DBColumnID="4140"  NodeID="3543" /><Row CCID="50002"  TypeID="3"  DBColumnID="6474"  NodeID="400" /><Row CCID="50005"  TypeID="1"  DBColumnID="6477"  NodeID="201" /><Row CCID="50002"  TypeID="3"  DBColumnID="6474"  NodeID="400" /><Row CCID="50005"  TypeID="1"  DBColumnID="6477"  NodeID="201" /><Row CCID="50059"  TypeID="1"  DBColumnID="7203"  NodeID="1" /><Row CCID="50010"  TypeID="1"  DBColumnID="6482"  NodeID="404" /><Row CCID="50024"  TypeID="1"  DBColumnID="6496"  NodeID="1" /><Row CCID="50051"  TypeID="1"  DBColumnID="56360"  NodeID="1" /><Row CCID="50068"  TypeID="1"  DBColumnID="825601"  NodeID="6" /><Row CCID="50009"  TypeID="3"  DBColumnID="6481"  NodeID="259" /><Row CCID="50012"  TypeID="1"  DBColumnID="6484"  NodeID="1" /><Row CCID="50031"  TypeID="1"  DBColumnID="6503"  NodeID="1" /><Row CCID="2"  TypeID="100"  DBColumnID="4141"  NodeID="3460" /><Row CCID="2"  TypeID="10"  DBColumnID="24480"  NodeID="3460" /><Row CCID="50003"  TypeID="1"  DBColumnID="6475"  NodeID="1" /><Row CCID="50001"  TypeID="1"  DBColumnID="6473"  NodeID="1" /><Row CCID="50004"  TypeID="1"  DBColumnID="6476"  NodeID="1" /><Row CCID="50058"  TypeID="1"  DBColumnID="7134"  NodeID="1" /></XML>'
 ,1
 ,1
[System: 192.168.1.54] DEBUG | 07/06/2026 18:06:43.083 | General Service|:: CompanyIndex:1 SpName: spADM_GetDataSet 
 'select * from COM_TokenHistory WITH(NOLOCK) where JwtToken=''eyJhbGciOiJIUzI1NiIsInR5cCI6IkpXVCJ9.eyJ1bmlxdWVfbmFtZSI6ImFkbWluLDEsMSwxIiwibmJmIjoxNzgzMzQxMDk1LCJleHAiOjE3ODMzNjk4OTUsImlhdCI6MTc4MzM0MTA5NX0.rwNKfVX7bznzeAGTphuhnEFpb2Dtvzgyg3vCg5fSBow'''
 ,1
 ,1
[System: 192.168.1.54] DEBUG | 07/06/2026 18:06:43.352 | General Service|:: CompanyIndex:1 SpName: spDOC_GetDocumentDefinition 
 41001
 ,NULL
 ,NULL
 ,''
 ,1
 ,'admin'
 ,1
 ,1
 ,1
[System: 192.168.1.54] DEBUG | 07/06/2026 18:06:43.352 | General Service|:: CompanyIndex:1 SpName: spADM_GetDataSet 
 'select * from COM_TokenHistory WITH(NOLOCK) where JwtToken=''eyJhbGciOiJIUzI1NiIsInR5cCI6IkpXVCJ9.eyJ1bmlxdWVfbmFtZSI6ImFkbWluLDEsMSwxIiwibmJmIjoxNzgzMzQxMDk1LCJleHAiOjE3ODMzNjk4OTUsImlhdCI6MTc4MzM0MTA5NX0.rwNKfVX7bznzeAGTphuhnEFpb2Dtvzgyg3vCg5fSBow'''
 ,1
 ,1
[System: 192.168.1.54] DEBUG | 07/06/2026 18:06:43.368 | General Service|:: CompanyIndex:1 SpName: spADM_GetDataSet 
 ' SELECT * FROM CRM_ASSIGNMENT WITH(NOLOCK) WHERE CCID=40018 AND CCNODEID=36723 AND ISFROMACTIVITY IS NOT NULL     SELECT a.* FROM COM_FILES a WITH(NOLOCK) join CRM_Activities b WITH(NOLOCK) on a.FEATUREPK=b.ActivityID WHERE a.FEATUREID=144 and b.CostCenterID=40018 and b.NodeID=36723   exec spCRM_GetAssignedListForActivities 40018,36723 ,0 '
 ,1
 ,1
[System: 192.168.1.54] DEBUG | 07/06/2026 18:06:43.368 | General Service|:: CompanyIndex:1 SpName: spADM_GetDataSet 
 'select * from COM_TokenHistory WITH(NOLOCK) where JwtToken=''eyJhbGciOiJIUzI1NiIsInR5cCI6IkpXVCJ9.eyJ1bmlxdWVfbmFtZSI6ImFkbWluLDEsMSwxIiwibmJmIjoxNzgzMzQxMDk1LCJleHAiOjE3ODMzNjk4OTUsImlhdCI6MTc4MzM0MTA5NX0.rwNKfVX7bznzeAGTphuhnEFpb2Dtvzgyg3vCg5fSBow'''
 ,1
 ,1
[System: 192.168.1.54] DEBUG | 07/06/2026 18:06:43.833 | General Service|:: CompanyIndex:1 SpName: spDOC_GetAccDocument 
 40018
 ,''
 ,'2430'
 ,'1'
 ,0
 ,' and (b.dcCCNID2=c.CCNID2 or c.CCNID2=0)'
 ,1
 ,1
 ,'admin'
 ,1
[System: 192.168.1.54] DEBUG | 07/06/2026 18:06:43.833 | General Service|:: CompanyIndex:1 SpName: spADM_GetDataSet 
 'select * from COM_TokenHistory WITH(NOLOCK) where JwtToken=''eyJhbGciOiJIUzI1NiIsInR5cCI6IkpXVCJ9.eyJ1bmlxdWVfbmFtZSI6ImFkbWluLDEsMSwxIiwibmJmIjoxNzgzMzQxMDk1LCJleHAiOjE3ODMzNjk4OTUsImlhdCI6MTc4MzM0MTA5NX0.rwNKfVX7bznzeAGTphuhnEFpb2Dtvzgyg3vCg5fSBow'''
 ,1
 ,1
[System: 192.168.1.54] DEBUG | 07/06/2026 18:06:43.849 | General Service|:: CompanyIndex:1 SpName: spADM_GetDataSet 
 ' select BODocID,MRDocID, VendorID from Com_BiddingDocs with (nolock) where QTDocID =36721 and Status = 1
                    and CONVERT(float, Convert(datetime, ''06/Jul/2026 06:06:43 PM'')) between CONVERT(float,BidStartTime) and CONVERT(float,BidEndTime)'
 ,1
 ,1
[System: 192.168.1.54] DEBUG | 07/06/2026 18:06:43.849 | General Service|:: CompanyIndex:1 SpName: spADM_GetDataSet 
 'select * from COM_TokenHistory WITH(NOLOCK) where JwtToken=''eyJhbGciOiJIUzI1NiIsInR5cCI6IkpXVCJ9.eyJ1bmlxdWVfbmFtZSI6ImFkbWluLDEsMSwxIiwibmJmIjoxNzgzMzQxMDk1LCJleHAiOjE3ODMzNjk4OTUsImlhdCI6MTc4MzM0MTA5NX0.rwNKfVX7bznzeAGTphuhnEFpb2Dtvzgyg3vCg5fSBow'''
 ,1
 ,1
[System: 192.168.1.54] DEBUG | 07/06/2026 18:06:43.865 | General Service|:: CompanyIndex:1 SpName: spADM_GetListViewDataByIDs 
 '<XML><Row CCID="2"  TypeID="10"  DBColumnID="4140"  NodeID="576" /><Row CCID="2"  TypeID="100"  DBColumnID="4140"  NodeID="576" /><Row CCID="50002"  TypeID="3"  DBColumnID="6474"  NodeID="400" /><Row CCID="50005"  TypeID="1"  DBColumnID="6477"  NodeID="201" /><Row CCID="50002"  TypeID="3"  DBColumnID="6474"  NodeID="400" /><Row CCID="50005"  TypeID="1"  DBColumnID="6477"  NodeID="201" /><Row CCID="50059"  TypeID="1"  DBColumnID="7203"  NodeID="1" /><Row CCID="50010"  TypeID="1"  DBColumnID="6482"  NodeID="404" /><Row CCID="50024"  TypeID="1"  DBColumnID="6496"  NodeID="1" /><Row CCID="50051"  TypeID="1"  DBColumnID="56360"  NodeID="1" /><Row CCID="50068"  TypeID="1"  DBColumnID="825601"  NodeID="11" /><Row CCID="50009"  TypeID="3"  DBColumnID="6481"  NodeID="259" /><Row CCID="50012"  TypeID="1"  DBColumnID="6484"  NodeID="1" /><Row CCID="50031"  TypeID="1"  DBColumnID="6503"  NodeID="1" /><Row CCID="2"  TypeID="100"  DBColumnID="4141"  NodeID="4882" /><Row CCID="2"  TypeID="10"  DBColumnID="24480"  NodeID="4882" /><Row CCID="50003"  TypeID="1"  DBColumnID="6475"  NodeID="1" /><Row CCID="50001"  TypeID="1"  DBColumnID="6473"  NodeID="1" /><Row CCID="50004"  TypeID="1"  DBColumnID="6476"  NodeID="1" /><Row CCID="50058"  TypeID="1"  DBColumnID="7134"  NodeID="1" /></XML>'
 ,1
 ,1
[System: 192.168.1.54] DEBUG | 07/06/2026 18:06:43.865 | General Service|:: CompanyIndex:1 SpName: spADM_GetDataSet 
 'select * from COM_TokenHistory WITH(NOLOCK) where JwtToken=''eyJhbGciOiJIUzI1NiIsInR5cCI6IkpXVCJ9.eyJ1bmlxdWVfbmFtZSI6ImFkbWluLDEsMSwxIiwibmJmIjoxNzgzMzQxMDk1LCJleHAiOjE3ODMzNjk4OTUsImlhdCI6MTc4MzM0MTA5NX0.rwNKfVX7bznzeAGTphuhnEFpb2Dtvzgyg3vCg5fSBow'''
 ,1
 ,1
[System: 192.168.1.54] DEBUG | 07/06/2026 18:06:44.149 | General Service|:: CompanyIndex:1 SpName: spDOC_GetDocumentDefinition 
 41001
 ,NULL
 ,NULL
 ,''
 ,1
 ,'admin'
 ,1
 ,1
 ,1
[System: 192.168.1.54] DEBUG | 07/06/2026 18:06:44.149 | General Service|:: CompanyIndex:1 SpName: spADM_GetDataSet 
 'select * from COM_TokenHistory WITH(NOLOCK) where JwtToken=''eyJhbGciOiJIUzI1NiIsInR5cCI6IkpXVCJ9.eyJ1bmlxdWVfbmFtZSI6ImFkbWluLDEsMSwxIiwibmJmIjoxNzgzMzQxMDk1LCJleHAiOjE3ODMzNjk4OTUsImlhdCI6MTc4MzM0MTA5NX0.rwNKfVX7bznzeAGTphuhnEFpb2Dtvzgyg3vCg5fSBow'''
 ,1
 ,1
[System: 192.168.1.54] DEBUG | 07/06/2026 18:06:44.180 | General Service|:: CompanyIndex:1 SpName: spADM_GetDataSet 
 ' SELECT * FROM CRM_ASSIGNMENT WITH(NOLOCK) WHERE CCID=40018 AND CCNODEID=36722 AND ISFROMACTIVITY IS NOT NULL     SELECT a.* FROM COM_FILES a WITH(NOLOCK) join CRM_Activities b WITH(NOLOCK) on a.FEATUREPK=b.ActivityID WHERE a.FEATUREID=144 and b.CostCenterID=40018 and b.NodeID=36722   exec spCRM_GetAssignedListForActivities 40018,36722 ,0 '
 ,1
 ,1
[System: 192.168.1.54] DEBUG | 07/06/2026 18:06:44.180 | General Service|:: CompanyIndex:1 SpName: spADM_GetDataSet 
 'select * from COM_TokenHistory WITH(NOLOCK) where JwtToken=''eyJhbGciOiJIUzI1NiIsInR5cCI6IkpXVCJ9.eyJ1bmlxdWVfbmFtZSI6ImFkbWluLDEsMSwxIiwibmJmIjoxNzgzMzQxMDk1LCJleHAiOjE3ODMzNjk4OTUsImlhdCI6MTc4MzM0MTA5NX0.rwNKfVX7bznzeAGTphuhnEFpb2Dtvzgyg3vCg5fSBow'''
 ,1
 ,1
[System: 192.168.1.54] DEBUG | 07/06/2026 18:06:44.656 | General Service|:: CompanyIndex:1 SpName: spDOC_GetAccDocument 
 40018
 ,''
 ,'2429'
 ,'1'
 ,0
 ,' and (b.dcCCNID2=c.CCNID2 or c.CCNID2=0)'
 ,1
 ,1
 ,'admin'
 ,1
[System: 192.168.1.54] DEBUG | 07/06/2026 18:06:44.656 | General Service|:: CompanyIndex:1 SpName: spADM_GetDataSet 
 'select * from COM_TokenHistory WITH(NOLOCK) where JwtToken=''eyJhbGciOiJIUzI1NiIsInR5cCI6IkpXVCJ9.eyJ1bmlxdWVfbmFtZSI6ImFkbWluLDEsMSwxIiwibmJmIjoxNzgzMzQxMDk1LCJleHAiOjE3ODMzNjk4OTUsImlhdCI6MTc4MzM0MTA5NX0.rwNKfVX7bznzeAGTphuhnEFpb2Dtvzgyg3vCg5fSBow'''
 ,1
 ,1
[System: 192.168.1.54] DEBUG | 07/06/2026 18:06:44.671 | General Service|:: CompanyIndex:1 SpName: spADM_GetDataSet 
 ' select BODocID,MRDocID, VendorID from Com_BiddingDocs with (nolock) where QTDocID =36720 and Status = 1
                    and CONVERT(float, Convert(datetime, ''06/Jul/2026 06:06:44 PM'')) between CONVERT(float,BidStartTime) and CONVERT(float,BidEndTime)'
 ,1
 ,1
[System: 192.168.1.54] DEBUG | 07/06/2026 18:06:44.671 | General Service|:: CompanyIndex:1 SpName: spADM_GetDataSet 
 'select * from COM_TokenHistory WITH(NOLOCK) where JwtToken=''eyJhbGciOiJIUzI1NiIsInR5cCI6IkpXVCJ9.eyJ1bmlxdWVfbmFtZSI6ImFkbWluLDEsMSwxIiwibmJmIjoxNzgzMzQxMDk1LCJleHAiOjE3ODMzNjk4OTUsImlhdCI6MTc4MzM0MTA5NX0.rwNKfVX7bznzeAGTphuhnEFpb2Dtvzgyg3vCg5fSBow'''
 ,1
 ,1
[System: 192.168.1.54] DEBUG | 07/06/2026 18:06:44.687 | General Service|:: CompanyIndex:1 SpName: spADM_GetListViewDataByIDs 
 '<XML><Row CCID="2"  TypeID="10"  DBColumnID="4140"  NodeID="576" /><Row CCID="2"  TypeID="100"  DBColumnID="4140"  NodeID="576" /><Row CCID="50002"  TypeID="3"  DBColumnID="6474"  NodeID="400" /><Row CCID="50005"  TypeID="1"  DBColumnID="6477"  NodeID="201" /><Row CCID="50002"  TypeID="3"  DBColumnID="6474"  NodeID="400" /><Row CCID="50005"  TypeID="1"  DBColumnID="6477"  NodeID="201" /><Row CCID="50059"  TypeID="1"  DBColumnID="7203"  NodeID="1" /><Row CCID="50010"  TypeID="1"  DBColumnID="6482"  NodeID="404" /><Row CCID="50024"  TypeID="1"  DBColumnID="6496"  NodeID="1" /><Row CCID="50051"  TypeID="1"  DBColumnID="56360"  NodeID="1" /><Row CCID="50068"  TypeID="1"  DBColumnID="825601"  NodeID="11" /><Row CCID="50009"  TypeID="3"  DBColumnID="6481"  NodeID="259" /><Row CCID="50012"  TypeID="1"  DBColumnID="6484"  NodeID="1" /><Row CCID="50031"  TypeID="1"  DBColumnID="6503"  NodeID="1" /><Row CCID="2"  TypeID="100"  DBColumnID="4141"  NodeID="4882" /><Row CCID="2"  TypeID="10"  DBColumnID="24480"  NodeID="4882" /><Row CCID="50003"  TypeID="1"  DBColumnID="6475"  NodeID="1" /><Row CCID="50001"  TypeID="1"  DBColumnID="6473"  NodeID="1" /><Row CCID="50004"  TypeID="1"  DBColumnID="6476"  NodeID="1" /><Row CCID="50058"  TypeID="1"  DBColumnID="7134"  NodeID="1" /></XML>'
 ,1
 ,1
[System: 192.168.1.54] DEBUG | 07/06/2026 18:06:44.702 | General Service|:: CompanyIndex:1 SpName: spADM_GetDataSet 
 'select * from COM_TokenHistory WITH(NOLOCK) where JwtToken=''eyJhbGciOiJIUzI1NiIsInR5cCI6IkpXVCJ9.eyJ1bmlxdWVfbmFtZSI6ImFkbWluLDEsMSwxIiwibmJmIjoxNzgzMzQxMDk1LCJleHAiOjE3ODMzNjk4OTUsImlhdCI6MTc4MzM0MTA5NX0.rwNKfVX7bznzeAGTphuhnEFpb2Dtvzgyg3vCg5fSBow'''
 ,1
 ,1
[System: 192.168.1.54] DEBUG | 07/06/2026 18:06:44.956 | General Service|:: CompanyIndex:1 SpName: spDOC_GetDocumentDefinition 
 41001
 ,NULL
 ,NULL
 ,''
 ,1
 ,'admin'
 ,1
 ,1
 ,1
[System: 192.168.1.54] DEBUG | 07/06/2026 18:06:44.971 | General Service|:: CompanyIndex:1 SpName: spADM_GetDataSet 
 'select * from COM_TokenHistory WITH(NOLOCK) where JwtToken=''eyJhbGciOiJIUzI1NiIsInR5cCI6IkpXVCJ9.eyJ1bmlxdWVfbmFtZSI6ImFkbWluLDEsMSwxIiwibmJmIjoxNzgzMzQxMDk1LCJleHAiOjE3ODMzNjk4OTUsImlhdCI6MTc4MzM0MTA5NX0.rwNKfVX7bznzeAGTphuhnEFpb2Dtvzgyg3vCg5fSBow'''
 ,1
 ,1
[System: 192.168.1.54] DEBUG | 07/06/2026 18:06:44.987 | General Service|:: CompanyIndex:1 SpName: spADM_GetDataSet 
 ' SELECT * FROM CRM_ASSIGNMENT WITH(NOLOCK) WHERE CCID=40018 AND CCNODEID=36721 AND ISFROMACTIVITY IS NOT NULL     SELECT a.* FROM COM_FILES a WITH(NOLOCK) join CRM_Activities b WITH(NOLOCK) on a.FEATUREPK=b.ActivityID WHERE a.FEATUREID=144 and b.CostCenterID=40018 and b.NodeID=36721   exec spCRM_GetAssignedListForActivities 40018,36721 ,0 '
 ,1
 ,1
[System: 192.168.1.54] DEBUG | 07/06/2026 18:06:44.987 | General Service|:: CompanyIndex:1 SpName: spADM_GetDataSet 
 'select * from COM_TokenHistory WITH(NOLOCK) where JwtToken=''eyJhbGciOiJIUzI1NiIsInR5cCI6IkpXVCJ9.eyJ1bmlxdWVfbmFtZSI6ImFkbWluLDEsMSwxIiwibmJmIjoxNzgzMzQxMDk1LCJleHAiOjE3ODMzNjk4OTUsImlhdCI6MTc4MzM0MTA5NX0.rwNKfVX7bznzeAGTphuhnEFpb2Dtvzgyg3vCg5fSBow'''
 ,1
 ,1
[System: 192.168.1.54] DEBUG | 07/06/2026 18:06:45.632 | General Service|:: CompanyIndex:1 SpName: spDOC_GetLinkReferenceData 
 825601
 ,40018
 ,11
 ,'30/Jun/2026'
 ,0
 ,'<XML><Row CostCenterID="50002" NODEID="400" /><Row CostCenterID="50005" NODEID="201" /><Row CostCenterID="50059" NODEID="1" /><Row CostCenterID="50010" NODEID="404" /><Row CostCenterID="50024" NODEID="1" /><Row CostCenterID="50051" NODEID="1" /><Row CostCenterID="50068" NODEID="11" /><Row CostCenterID="50009" NODEID="259" /></XML>'
 ,False
 ,'0'
 ,'0'
 ,'0'
 ,NULL
 ,'0'
 ,'0'
 ,'0'
 ,''
 ,'1'
 ,1
 ,'1'
[System: 192.168.1.54] DEBUG | 07/06/2026 18:06:45.632 | General Service|:: CompanyIndex:1 SpName: spADM_GetDataSet 
 'select * from COM_TokenHistory WITH(NOLOCK) where JwtToken=''eyJhbGciOiJIUzI1NiIsInR5cCI6IkpXVCJ9.eyJ1bmlxdWVfbmFtZSI6ImFkbWluLDEsMSwxIiwibmJmIjoxNzgzMzQxMDk1LCJleHAiOjE3ODMzNjk4OTUsImlhdCI6MTc4MzM0MTA5NX0.rwNKfVX7bznzeAGTphuhnEFpb2Dtvzgyg3vCg5fSBow'''
 ,1
 ,1
[System: 192.168.1.54] DEBUG | 07/06/2026 18:06:51.282 | General Service|:: CompanyIndex:1 SpName: spDOC_GetDocumentDefinition 
 41084
 ,NULL
 ,NULL
 ,''
 ,1
 ,'admin'
 ,1
 ,1
 ,1
[System: 192.168.1.54] DEBUG | 07/06/2026 18:06:51.282 | General Service|:: CompanyIndex:1 SpName: spADM_GetDataSet 
 'select * from COM_TokenHistory WITH(NOLOCK) where JwtToken=''eyJhbGciOiJIUzI1NiIsInR5cCI6IkpXVCJ9.eyJ1bmlxdWVfbmFtZSI6ImFkbWluLDEsMSwxIiwibmJmIjoxNzgzMzQxMDk1LCJleHAiOjE3ODMzNjk4OTUsImlhdCI6MTc4MzM0MTA5NX0.rwNKfVX7bznzeAGTphuhnEFpb2Dtvzgyg3vCg5fSBow'''
 ,1
 ,1
[System: 192.168.1.54] DEBUG | 07/06/2026 18:06:51.361 | General Service|:: CompanyIndex:1 SpName: spADM_GetCostCenterListViewData 
 268
 ,'a.Name,a.Code'
 ,''
 ,''
 ,'Name'
 ,''
 ,8
 ,False
 ,''
 ,''
 ,''
 ,''
 ,''
 ,0
 ,False
 ,''
 ,''
 ,'1'
 ,'1'
 ,1
[System: 192.168.1.54] DEBUG | 07/06/2026 18:06:51.361 | General Service|:: CompanyIndex:1 SpName: spADM_GetDataSet 
 'select * from COM_TokenHistory WITH(NOLOCK) where JwtToken=''eyJhbGciOiJIUzI1NiIsInR5cCI6IkpXVCJ9.eyJ1bmlxdWVfbmFtZSI6ImFkbWluLDEsMSwxIiwibmJmIjoxNzgzMzQxMDk1LCJleHAiOjE3ODMzNjk4OTUsImlhdCI6MTc4MzM0MTA5NX0.rwNKfVX7bznzeAGTphuhnEFpb2Dtvzgyg3vCg5fSBow'''
 ,1
 ,1
[System: 192.168.1.54] DEBUG | 07/06/2026 18:06:51.423 | General Service|:: CompanyIndex:1 SpName: spADM_GetCostCenterListViewData 
 267
 ,'a.Name,a.Code,a.CreatedBy,Convert(Datetime,a.CreatedDate) as CreatedDate'
 ,''
 ,''
 ,'Name'
 ,''
 ,8
 ,False
 ,''
 ,''
 ,''
 ,''
 ,''
 ,0
 ,False
 ,''
 ,''
 ,'1'
 ,'1'
 ,1
[System: 192.168.1.54] DEBUG | 07/06/2026 18:06:51.423 | General Service|:: CompanyIndex:1 SpName: spADM_GetDataSet 
 'select * from COM_TokenHistory WITH(NOLOCK) where JwtToken=''eyJhbGciOiJIUzI1NiIsInR5cCI6IkpXVCJ9.eyJ1bmlxdWVfbmFtZSI6ImFkbWluLDEsMSwxIiwibmJmIjoxNzgzMzQxMDk1LCJleHAiOjE3ODMzNjk4OTUsImlhdCI6MTc4MzM0MTA5NX0.rwNKfVX7bznzeAGTphuhnEFpb2Dtvzgyg3vCg5fSBow'''
 ,1
 ,1
[System: 192.168.1.54] DEBUG | 07/06/2026 18:06:51.506 | General Service|:: CompanyIndex:1 SpName: spADM_GetCostCenterListViewData 
 269
 ,'a.Name,a.Code,a.CurrencyID, CC3.Name as CC3Name , CC4.AccountName as CC4AccountName '
 ,''
 ,' LEFT JOIN COM_Salesman CC3  WITH(NOLOCK)  on  CC3.NodeID=CC.CCNID5  LEFT JOIN ACC_Accounts CC4  WITH(NOLOCK)  on  CC4.AccountID= a.SalesAccount '
 ,'Name'
 ,''
 ,8
 ,False
 ,''
 ,''
 ,''
 ,''
 ,''
 ,0
 ,False
 ,'(a.Code like  N''%{0}%''  or a.Name like  N''%{0}%''  escape ''\'' )'
 ,''
 ,'1'
 ,'1'
 ,1
[System: 192.168.1.54] DEBUG | 07/06/2026 18:06:51.506 | General Service|:: CompanyIndex:1 SpName: spADM_GetDataSet 
 'select * from COM_TokenHistory WITH(NOLOCK) where JwtToken=''eyJhbGciOiJIUzI1NiIsInR5cCI6IkpXVCJ9.eyJ1bmlxdWVfbmFtZSI6ImFkbWluLDEsMSwxIiwibmJmIjoxNzgzMzQxMDk1LCJleHAiOjE3ODMzNjk4OTUsImlhdCI6MTc4MzM0MTA5NX0.rwNKfVX7bznzeAGTphuhnEFpb2Dtvzgyg3vCg5fSBow'''
 ,1
 ,1
[System: 192.168.1.54] DEBUG | 07/06/2026 18:06:51.866 | General Service|:: CompanyIndex:1 SpName: spADM_GetCostCenterListViewData 
 143
 ,'a.AccountName,a.AccountCode,a.AccountTypeID acctype,at.accounttype AccountTypeID, CC5.AccountName as CC5AccountName ,a.IsBillwise'
 ,' case when acctype in (4,5,8,9,11,12) THEN  round(isnull((select SUM(isnull(amount,0)) from ACC_DocDetails  WITH(NOLOCK) where convert(datetime,DocDate) >=''1/May/2026'' and convert(datetime,DocDate) <=''06/Jul/2026''  and DocumentType not in(14,19)  and StatusID=369  and debitaccount=a.AccountID ),0)- isnull((select SUM(isnull(amount,0)) from ACC_DocDetails  WITH(NOLOCK) where  convert(datetime,DocDate) >=''1/May/2026'' and convert(datetime,DocDate) <=''06/Jul/2026''  and DocumentType not in(14,19)  and StatusID=369  and creditaccount=a.AccountID),0),2) ELSE round(isnull((select SUM(isnull(amount,0)) from ACC_DocDetails  WITH(NOLOCK) where convert(datetime,DocDate) <=''06/Jul/2026''  and DocumentType not in(14,19)  and StatusID=369  and debitaccount=a.AccountID ),0)- isnull((select SUM(isnull(amount,0)) from ACC_DocDetails  WITH(NOLOCK) where convert(datetime,DocDate) <=''06/Jul/2026''  and DocumentType not in(14,19)  and StatusID=369  and creditaccount=a.AccountID),0),2) END  as [Balance],round(isnull((select SUM(isnull(amount,0)) from ACC_DocDetails with(nolock) where convert(datetime,DocDate) < =''06/Jul/2026'' and debitaccount=a.AccountID ),0)-isnull((select SUM(isnull(amount,0)) from ACC_DocDetails with(nolock) where convert(datetime,DocDate) < =''06/Jul/2026'' and creditaccount=a.AccountID),0),2) as [Balance As On Document Date]'
 ,' LEFT JOIN acc_accounttypes at WITH(NOLOCK)  on  at.AccountTypeid=a.AccountTypeid   LEFT JOIN ACC_Accounts CC5  WITH(NOLOCK)  on  CC5.AccountID= a.IsGroup '
 ,'AccountName'
 ,''
 ,8
 ,False
 ,''
 ,''
 ,''
 ,''
 ,''
 ,0
 ,False
 ,'(a.AccountCode like  N''%{0}%''  or a.AccountName like  N''%{0}%''  escape ''\'' )'
 ,''
 ,'1'
 ,'1'
 ,1
[System: 192.168.1.54] DEBUG | 07/06/2026 18:06:51.866 | General Service|:: CompanyIndex:1 SpName: spADM_GetDataSet 
 'select * from COM_TokenHistory WITH(NOLOCK) where JwtToken=''eyJhbGciOiJIUzI1NiIsInR5cCI6IkpXVCJ9.eyJ1bmlxdWVfbmFtZSI6ImFkbWluLDEsMSwxIiwibmJmIjoxNzgzMzQxMDk1LCJleHAiOjE3ODMzNjk4OTUsImlhdCI6MTc4MzM0MTA5NX0.rwNKfVX7bznzeAGTphuhnEFpb2Dtvzgyg3vCg5fSBow'''
 ,1
 ,1
[System: 192.168.1.54] DEBUG | 07/06/2026 18:06:51.975 | General Service|:: CompanyIndex:1 SpName: spADM_GetCostCenterListViewData 
 268
 ,'a.Name,a.Code'
 ,''
 ,''
 ,'Name'
 ,''
 ,8
 ,False
 ,''
 ,''
 ,''
 ,''
 ,''
 ,0
 ,False
 ,''
 ,''
 ,'1'
 ,'1'
 ,1
[System: 192.168.1.54] DEBUG | 07/06/2026 18:06:51.991 | General Service|:: CompanyIndex:1 SpName: spADM_GetDataSet 
 'select * from COM_TokenHistory WITH(NOLOCK) where JwtToken=''eyJhbGciOiJIUzI1NiIsInR5cCI6IkpXVCJ9.eyJ1bmlxdWVfbmFtZSI6ImFkbWluLDEsMSwxIiwibmJmIjoxNzgzMzQxMDk1LCJleHAiOjE3ODMzNjk4OTUsImlhdCI6MTc4MzM0MTA5NX0.rwNKfVX7bznzeAGTphuhnEFpb2Dtvzgyg3vCg5fSBow'''
 ,1
 ,1
[System: 192.168.1.54] DEBUG | 07/06/2026 18:06:52.084 | General Service|:: CompanyIndex:1 SpName: spADM_GetCostCenterListViewData 
 267
 ,'a.Name,a.Code,a.CreatedBy,Convert(Datetime,a.CreatedDate) as CreatedDate'
 ,''
 ,''
 ,'Name'
 ,''
 ,8
 ,False
 ,''
 ,''
 ,''
 ,''
 ,''
 ,0
 ,False
 ,''
 ,''
 ,'1'
 ,'1'
 ,1
[System: 192.168.1.54] DEBUG | 07/06/2026 18:06:52.084 | General Service|:: CompanyIndex:1 SpName: spADM_GetDataSet 
 'select * from COM_TokenHistory WITH(NOLOCK) where JwtToken=''eyJhbGciOiJIUzI1NiIsInR5cCI6IkpXVCJ9.eyJ1bmlxdWVfbmFtZSI6ImFkbWluLDEsMSwxIiwibmJmIjoxNzgzMzQxMDk1LCJleHAiOjE3ODMzNjk4OTUsImlhdCI6MTc4MzM0MTA5NX0.rwNKfVX7bznzeAGTphuhnEFpb2Dtvzgyg3vCg5fSBow'''
 ,1
 ,1
[System: 192.168.1.54] DEBUG | 07/06/2026 18:06:52.147 | General Service|:: CompanyIndex:1 SpName: spADM_GetCostCenterListViewData 
 NULL
 ,''
 ,''
 ,''
 ,''
 ,''
 ,8
 ,False
 ,''
 ,''
 ,''
 ,''
 ,''
 ,0
 ,False
 ,''
 ,''
 ,'1'
 ,'1'
 ,1
 message=Missing required parametrer.
[System: 192.168.1.54] INFO | 07/06/2026 18:06:52.147 | OnStartup: Logger Instance Created Successfully
[System: 192.168.1.54] INFO | 07/06/2026 18:06:52.147 | OnStartup: Application Starting...
[System: 192.168.1.54] ERROR | 07/06/2026 18:06:52.147 | General Service|:: CompanyIndex:1 SpName: spADM_GetCostCenterListViewDataParameters :
 NULL
 ,''
 ,''
 ,''
 ,''
 ,''
 ,8
 ,False
 ,''
 ,''
 ,''
 ,''
 ,''
 ,0
 ,False
 ,''
 ,''
 ,'1'
 ,'1'
 ,1|Missing required parametrer.
[System: 192.168.1.54] DEBUG | 07/06/2026 18:06:52.162 | General Service|:: CompanyIndex:1 SpName: spADM_GetDataSet 
 'select * from COM_TokenHistory WITH(NOLOCK) where JwtToken=''eyJhbGciOiJIUzI1NiIsInR5cCI6IkpXVCJ9.eyJ1bmlxdWVfbmFtZSI6ImFkbWluLDEsMSwxIiwibmJmIjoxNzgzMzQxMDk1LCJleHAiOjE3ODMzNjk4OTUsImlhdCI6MTc4MzM0MTA5NX0.rwNKfVX7bznzeAGTphuhnEFpb2Dtvzgyg3vCg5fSBow'''
 ,1
 ,1
[System: 192.168.1.54] DEBUG | 07/06/2026 18:06:52.240 | General Service|:: CompanyIndex:1 SpName: spADM_GetCostCenterListViewData 
 269
 ,'a.Name,a.Code,a.CurrencyID, CC3.Name as CC3Name , CC4.AccountName as CC4AccountName '
 ,''
 ,' LEFT JOIN COM_Salesman CC3  WITH(NOLOCK)  on  CC3.NodeID=CC.CCNID5  LEFT JOIN ACC_Accounts CC4  WITH(NOLOCK)  on  CC4.AccountID= a.SalesAccount '
 ,'Name'
 ,''
 ,8
 ,False
 ,''
 ,''
 ,''
 ,''
 ,''
 ,0
 ,False
 ,'(a.Code like  N''%{0}%''  or a.Name like  N''%{0}%''  escape ''\'' )'
 ,''
 ,'1'
 ,'1'
 ,1
[System: 192.168.1.54] DEBUG | 07/06/2026 18:06:52.240 | General Service|:: CompanyIndex:1 SpName: spADM_GetDataSet 
 'select * from COM_TokenHistory WITH(NOLOCK) where JwtToken=''eyJhbGciOiJIUzI1NiIsInR5cCI6IkpXVCJ9.eyJ1bmlxdWVfbmFtZSI6ImFkbWluLDEsMSwxIiwibmJmIjoxNzgzMzQxMDk1LCJleHAiOjE3ODMzNjk4OTUsImlhdCI6MTc4MzM0MTA5NX0.rwNKfVX7bznzeAGTphuhnEFpb2Dtvzgyg3vCg5fSBow'''
 ,1
 ,1
[System: 192.168.1.54] DEBUG | 07/06/2026 18:07:08.110 | General Service|:: CompanyIndex:1 SpName: spDOC_GetDocumentDetailsByVoucherNo 
 'SOD-1119/2'
 ,'1'
 ,1
[System: 192.168.1.54] DEBUG | 07/06/2026 18:07:08.125 | General Service|:: CompanyIndex:1 SpName: spADM_GetDataSet 
 'select * from COM_TokenHistory WITH(NOLOCK) where JwtToken=''eyJhbGciOiJIUzI1NiIsInR5cCI6IkpXVCJ9.eyJ1bmlxdWVfbmFtZSI6ImFkbWluLDEsMSwxIiwibmJmIjoxNzgzMzQxMDk1LCJleHAiOjE3ODMzNjk4OTUsImlhdCI6MTc4MzM0MTA5NX0.rwNKfVX7bznzeAGTphuhnEFpb2Dtvzgyg3vCg5fSBow'''
 ,1
 ,1
[System: 192.168.1.54] DEBUG | 07/06/2026 18:07:08.398 | General Service|:: CompanyIndex:1 SpName: spDOC_GetDocumentDefinition 
 40007
 ,NULL
 ,NULL
 ,''
 ,1
 ,'admin'
 ,1
 ,1
 ,1
[System: 192.168.1.54] DEBUG | 07/06/2026 18:07:08.398 | General Service|:: CompanyIndex:1 SpName: spADM_GetDataSet 
 'select * from COM_TokenHistory WITH(NOLOCK) where JwtToken=''eyJhbGciOiJIUzI1NiIsInR5cCI6IkpXVCJ9.eyJ1bmlxdWVfbmFtZSI6ImFkbWluLDEsMSwxIiwibmJmIjoxNzgzMzQxMDk1LCJleHAiOjE3ODMzNjk4OTUsImlhdCI6MTc4MzM0MTA5NX0.rwNKfVX7bznzeAGTphuhnEFpb2Dtvzgyg3vCg5fSBow'''
 ,1
 ,1
[System: 192.168.1.54] DEBUG | 07/06/2026 18:07:08.430 | General Service|:: CompanyIndex:1 SpName: spDoc_GetCurrencyExchangeRate 
 1
 ,'06-Jul-2026'
 ,1
 ,0
 ,1
[System: 192.168.1.54] DEBUG | 07/06/2026 18:07:08.445 | General Service|:: CompanyIndex:1 SpName: spADM_GetDataSet 
 'select * from COM_TokenHistory WITH(NOLOCK) where JwtToken=''eyJhbGciOiJIUzI1NiIsInR5cCI6IkpXVCJ9.eyJ1bmlxdWVfbmFtZSI6ImFkbWluLDEsMSwxIiwibmJmIjoxNzgzMzQxMDk1LCJleHAiOjE3ODMzNjk4OTUsImlhdCI6MTc4MzM0MTA5NX0.rwNKfVX7bznzeAGTphuhnEFpb2Dtvzgyg3vCg5fSBow'''
 ,1
 ,1
[System: 192.168.1.54] DEBUG | 07/06/2026 18:07:08.461 | General Service|:: CompanyIndex:1 SpName: spDOC_GetCurrentCodeNumber 
 40007
 ,''
 ,1
 ,1
[System: 192.168.1.54] DEBUG | 07/06/2026 18:07:08.461 | General Service|:: CompanyIndex:1 SpName: spADM_GetDataSet 
 'select * from COM_TokenHistory WITH(NOLOCK) where JwtToken=''eyJhbGciOiJIUzI1NiIsInR5cCI6IkpXVCJ9.eyJ1bmlxdWVfbmFtZSI6ImFkbWluLDEsMSwxIiwibmJmIjoxNzgzMzQxMDk1LCJleHAiOjE3ODMzNjk4OTUsImlhdCI6MTc4MzM0MTA5NX0.rwNKfVX7bznzeAGTphuhnEFpb2Dtvzgyg3vCg5fSBow'''
 ,1
 ,1
[System: 192.168.1.54] DEBUG | 07/06/2026 18:07:08.524 | General Service|:: CompanyIndex:1 SpName: spCOM_GetDimensionTabGridData 
 40007
 ,144
 ,1
 ,1
[System: 192.168.1.54] DEBUG | 07/06/2026 18:07:08.539 | General Service|:: CompanyIndex:1 SpName: spADM_GetDataSet 
 'select * from COM_TokenHistory WITH(NOLOCK) where JwtToken=''eyJhbGciOiJIUzI1NiIsInR5cCI6IkpXVCJ9.eyJ1bmlxdWVfbmFtZSI6ImFkbWluLDEsMSwxIiwibmJmIjoxNzgzMzQxMDk1LCJleHAiOjE3ODMzNjk4OTUsImlhdCI6MTc4MzM0MTA5NX0.rwNKfVX7bznzeAGTphuhnEFpb2Dtvzgyg3vCg5fSBow'''
 ,1
 ,1
[System: 192.168.1.54] DEBUG | 07/06/2026 18:07:08.555 | General Service|:: CompanyIndex:1 SpName: SPCRM_GetActivitiesCustomFields 
 40007
 ,0
 ,'admin'
 ,1
 ,1
 ,1
[System: 192.168.1.54] DEBUG | 07/06/2026 18:07:08.555 | General Service|:: CompanyIndex:1 SpName: spADM_GetDataSet 
 'select * from COM_TokenHistory WITH(NOLOCK) where JwtToken=''eyJhbGciOiJIUzI1NiIsInR5cCI6IkpXVCJ9.eyJ1bmlxdWVfbmFtZSI6ImFkbWluLDEsMSwxIiwibmJmIjoxNzgzMzQxMDk1LCJleHAiOjE3ODMzNjk4OTUsImlhdCI6MTc4MzM0MTA5NX0.rwNKfVX7bznzeAGTphuhnEFpb2Dtvzgyg3vCg5fSBow'''
 ,1
 ,1
[System: 192.168.1.54] DEBUG | 07/06/2026 18:07:08.555 | General Service|:: CompanyIndex:1 SpName: spADM_GetDataSet 
 ' select Name,value from [com_Costcenterpreferences] with(nolock) where CostCenterID=1000 '
 ,1
 ,1
[System: 192.168.1.54] DEBUG | 07/06/2026 18:07:08.570 | General Service|:: CompanyIndex:1 SpName: spADM_GetDataSet 
 'select * from COM_TokenHistory WITH(NOLOCK) where JwtToken=''eyJhbGciOiJIUzI1NiIsInR5cCI6IkpXVCJ9.eyJ1bmlxdWVfbmFtZSI6ImFkbWluLDEsMSwxIiwibmJmIjoxNzgzMzQxMDk1LCJleHAiOjE3ODMzNjk4OTUsImlhdCI6MTc4MzM0MTA5NX0.rwNKfVX7bznzeAGTphuhnEFpb2Dtvzgyg3vCg5fSBow'''
 ,1
 ,1
[System: 192.168.1.54] DEBUG | 07/06/2026 18:07:08.570 | General Service|:: CompanyIndex:1 SpName: spADM_GetDataSet 
 'select * from COM_TokenHistory WITH(NOLOCK) where JwtToken=''eyJhbGciOiJIUzI1NiIsInR5cCI6IkpXVCJ9.eyJ1bmlxdWVfbmFtZSI6ImFkbWluLDEsMSwxIiwibmJmIjoxNzgzMzQxMDk1LCJleHAiOjE3ODMzNjk4OTUsImlhdCI6MTc4MzM0MTA5NX0.rwNKfVX7bznzeAGTphuhnEFpb2Dtvzgyg3vCg5fSBow'''
 ,1
 ,1
[System: 192.168.1.54] DEBUG | 07/06/2026 18:07:08.586 | General Service|:: CompanyIndex:1 SpName: spADM_GetDataSet 
 'select UserName,UserID from dbo.adm_users with(nolock) where isuserdeleted=0 and StatusID=1'
 ,1
 ,1
[System: 192.168.1.54] DEBUG | 07/06/2026 18:07:08.586 | General Service|:: CompanyIndex:1 SpName: spADM_GetDataSet 
 'select * from COM_TokenHistory WITH(NOLOCK) where JwtToken=''eyJhbGciOiJIUzI1NiIsInR5cCI6IkpXVCJ9.eyJ1bmlxdWVfbmFtZSI6ImFkbWluLDEsMSwxIiwibmJmIjoxNzgzMzQxMDk1LCJleHAiOjE3ODMzNjk4OTUsImlhdCI6MTc4MzM0MTA5NX0.rwNKfVX7bznzeAGTphuhnEFpb2Dtvzgyg3vCg5fSBow'''
 ,1
 ,1
[System: 192.168.1.54] DEBUG | 07/06/2026 18:07:08.601 | General Service|:: CompanyIndex:1 SpName: spCOM_GetWorkFlowScreenDetails 
 NULL
 ,NULL
 ,'1'
 ,'1'
 ,1
 ,True
[System: 192.168.1.54] DEBUG | 07/06/2026 18:07:08.617 | General Service|:: CompanyIndex:1 SpName: spADM_GetDataSet 
 'select * from COM_TokenHistory WITH(NOLOCK) where JwtToken=''eyJhbGciOiJIUzI1NiIsInR5cCI6IkpXVCJ9.eyJ1bmlxdWVfbmFtZSI6ImFkbWluLDEsMSwxIiwibmJmIjoxNzgzMzQxMDk1LCJleHAiOjE3ODMzNjk4OTUsImlhdCI6MTc4MzM0MTA5NX0.rwNKfVX7bznzeAGTphuhnEFpb2Dtvzgyg3vCg5fSBow'''
 ,1
 ,1
[System: 192.168.1.54] DEBUG | 07/06/2026 18:07:08.633 | General Service|:: CompanyIndex:1 SpName: spADM_GetDataSet 
 'select Name,value from [com_Costcenterpreferences] with(nolock) where CostCenterID=40007'
 ,1
 ,1
[System: 192.168.1.54] DEBUG | 07/06/2026 18:07:08.633 | General Service|:: CompanyIndex:1 SpName: spADM_GetDataSet 
 'select * from COM_TokenHistory WITH(NOLOCK) where JwtToken=''eyJhbGciOiJIUzI1NiIsInR5cCI6IkpXVCJ9.eyJ1bmlxdWVfbmFtZSI6ImFkbWluLDEsMSwxIiwibmJmIjoxNzgzMzQxMDk1LCJleHAiOjE3ODMzNjk4OTUsImlhdCI6MTc4MzM0MTA5NX0.rwNKfVX7bznzeAGTphuhnEFpb2Dtvzgyg3vCg5fSBow'''
 ,1
 ,1
[System: 192.168.1.54] DEBUG | 07/06/2026 18:07:08.648 | General Service|:: CompanyIndex:1 SpName: spDOC_GetInvDocument 
 40007
 ,''
 ,'1119'
 ,'0'
 ,0
 ,' and (b.dcCCNID2=c.CCNID2 or c.CCNID2=0)'
 ,1
 ,1
 ,'admin'
 ,1
[System: 192.168.1.54] DEBUG | 07/06/2026 18:07:08.648 | General Service|:: CompanyIndex:1 SpName: spADM_GetDataSet 
 'select * from COM_TokenHistory WITH(NOLOCK) where JwtToken=''eyJhbGciOiJIUzI1NiIsInR5cCI6IkpXVCJ9.eyJ1bmlxdWVfbmFtZSI6ImFkbWluLDEsMSwxIiwibmJmIjoxNzgzMzQxMDk1LCJleHAiOjE3ODMzNjk4OTUsImlhdCI6MTc4MzM0MTA5NX0.rwNKfVX7bznzeAGTphuhnEFpb2Dtvzgyg3vCg5fSBow'''
 ,1
 ,1
[System: 192.168.1.54] DEBUG | 07/06/2026 18:07:08.664 | General Service|:: CompanyIndex:1 SpName: spADM_GetDataSet 
 ' select BODocID,MRDocID, VendorID from Com_BiddingDocs with (nolock) where QTDocID =36807 and Status = 1
                    and CONVERT(float, Convert(datetime, ''06/Jul/2026 06:07:08 PM'')) between CONVERT(float,BidStartTime) and CONVERT(float,BidEndTime)'
 ,1
 ,1
[System: 192.168.1.54] DEBUG | 07/06/2026 18:07:08.664 | General Service|:: CompanyIndex:1 SpName: spADM_GetDataSet 
 'select * from COM_TokenHistory WITH(NOLOCK) where JwtToken=''eyJhbGciOiJIUzI1NiIsInR5cCI6IkpXVCJ9.eyJ1bmlxdWVfbmFtZSI6ImFkbWluLDEsMSwxIiwibmJmIjoxNzgzMzQxMDk1LCJleHAiOjE3ODMzNjk4OTUsImlhdCI6MTc4MzM0MTA5NX0.rwNKfVX7bznzeAGTphuhnEFpb2Dtvzgyg3vCg5fSBow'''
 ,1
 ,1
[System: 192.168.1.54] DEBUG | 07/06/2026 18:07:08.680 | General Service|:: CompanyIndex:1 SpName: spADM_GetListViewDataByIDs 
 '<XML><Row CCID="2"  TypeID="10"  DBColumnID="4222"  NodeID="1505" /><Row CCID="2"  TypeID="100"  DBColumnID="4222"  NodeID="1505" /><Row CCID="2"  TypeID="10"  DBColumnID="7072"  NodeID="1505" /><Row CCID="2"  TypeID="100"  DBColumnID="7072"  NodeID="1505" /><Row CCID="50058"  TypeID="1"  DBColumnID="7123"  NodeID="1" /><Row CCID="50059"  TypeID="1"  DBColumnID="7192"  NodeID="1" /><Row CCID="50062"  TypeID="1"  DBColumnID="7399"  NodeID="1" /><Row CCID="50061"  TypeID="11"  DBColumnID="7330"  NodeID="14" /><Row CCID="50004"  TypeID="1"  DBColumnID="5046"  NodeID="1" /><Row CCID="50002"  TypeID="1"  DBColumnID="5044"  NodeID="1" /><Row CCID="50009"  TypeID="3"  DBColumnID="5051"  NodeID="1" /><Row CCID="65"  TypeID="2"  DBColumnID="50363"  NodeID="1" /><Row CCID="50063"  TypeID="1"  DBColumnID="7707"  NodeID="1" /><Row CCID="50064"  TypeID="1"  DBColumnID="7781"  NodeID="1" /><Row CCID="50058"  TypeID="1"  DBColumnID="640224"  NodeID="230" /><Row CCID="50071"  TypeID="1"  DBColumnID="721135"  NodeID="1" /><Row CCID="50067"  TypeID="1"  DBColumnID="8003"  NodeID="1" /><Row CCID="50065"  TypeID="1"  DBColumnID="7855"  NodeID="1,1026" /><Row CCID="50060"  TypeID="1"  DBColumnID="7261"  NodeID="1,3" /><Row CCID="50014"  TypeID="3"  DBColumnID="5056"  NodeID="1" /><Row CCID="50007"  TypeID="3"  DBColumnID="5049"  NodeID="1" /><Row CCID="50051"  TypeID="1"  DBColumnID="56349"  NodeID="1" /></XML>'
 ,1
 ,1
[System: 192.168.1.54] DEBUG | 07/06/2026 18:07:08.695 | General Service|:: CompanyIndex:1 SpName: spADM_GetDataSet 
 'select * from COM_TokenHistory WITH(NOLOCK) where JwtToken=''eyJhbGciOiJIUzI1NiIsInR5cCI6IkpXVCJ9.eyJ1bmlxdWVfbmFtZSI6ImFkbWluLDEsMSwxIiwibmJmIjoxNzgzMzQxMDk1LCJleHAiOjE3ODMzNjk4OTUsImlhdCI6MTc4MzM0MTA5NX0.rwNKfVX7bznzeAGTphuhnEFpb2Dtvzgyg3vCg5fSBow'''
 ,1
 ,1
[System: 192.168.1.54] DEBUG | 07/06/2026 18:07:08.727 | General Service|:: CompanyIndex:1 SpName: spRPT_DocsTree 
 'SOD-1119/2'
 ,2
 ,True
 ,'1'
 ,1
[System: 192.168.1.54] DEBUG | 07/06/2026 18:07:08.727 | General Service|:: CompanyIndex:1 SpName: spADM_GetDataSet 
 'select * from COM_TokenHistory WITH(NOLOCK) where JwtToken=''eyJhbGciOiJIUzI1NiIsInR5cCI6IkpXVCJ9.eyJ1bmlxdWVfbmFtZSI6ImFkbWluLDEsMSwxIiwibmJmIjoxNzgzMzQxMDk1LCJleHAiOjE3ODMzNjk4OTUsImlhdCI6MTc4MzM0MTA5NX0.rwNKfVX7bznzeAGTphuhnEFpb2Dtvzgyg3vCg5fSBow'''
 ,1
 ,1
[System: 192.168.1.54] DEBUG | 07/06/2026 18:07:08.742 | General Service|:: CompanyIndex:1 SpName: spADM_GetDataSet 
 ' SELECT * FROM CRM_ASSIGNMENT WITH(NOLOCK) WHERE CCID=40007 AND CCNODEID=36807 AND ISFROMACTIVITY IS NOT NULL     SELECT a.* FROM COM_FILES a WITH(NOLOCK) join CRM_Activities b WITH(NOLOCK) on a.FEATUREPK=b.ActivityID WHERE a.FEATUREID=144 and b.CostCenterID=40007 and b.NodeID=36807   exec spCRM_GetAssignedListForActivities 40007,36807 ,0 '
 ,1
 ,1
[System: 192.168.1.54] DEBUG | 07/06/2026 18:07:08.742 | General Service|:: CompanyIndex:1 SpName: spADM_GetDataSet 
 'select * from COM_TokenHistory WITH(NOLOCK) where JwtToken=''eyJhbGciOiJIUzI1NiIsInR5cCI6IkpXVCJ9.eyJ1bmlxdWVfbmFtZSI6ImFkbWluLDEsMSwxIiwibmJmIjoxNzgzMzQxMDk1LCJleHAiOjE3ODMzNjk4OTUsImlhdCI6MTc4MzM0MTA5NX0.rwNKfVX7bznzeAGTphuhnEFpb2Dtvzgyg3vCg5fSBow'''
 ,1
 ,1
[System: 192.168.1.54] DEBUG | 07/06/2026 18:07:08.883 | General Service|:: CompanyIndex:1 SpName: spADM_GetCostCenterListViewData 
 NULL
 ,''
 ,''
 ,''
 ,''
 ,''
 ,8
 ,False
 ,''
 ,''
 ,''
 ,''
 ,''
 ,0
 ,False
 ,''
 ,''
 ,'1'
 ,'1'
 ,1
 message=Missing required parametrer.
[System: 192.168.1.54] INFO | 07/06/2026 18:07:08.883 | OnStartup: Logger Instance Created Successfully
[System: 192.168.1.54] INFO | 07/06/2026 18:07:08.883 | OnStartup: Application Starting...
[System: 192.168.1.54] ERROR | 07/06/2026 18:07:08.883 | General Service|:: CompanyIndex:1 SpName: spADM_GetCostCenterListViewDataParameters :
 NULL
 ,''
 ,''
 ,''
 ,''
 ,''
 ,8
 ,False
 ,''
 ,''
 ,''
 ,''
 ,''
 ,0
 ,False
 ,''
 ,''
 ,'1'
 ,'1'
 ,1|Missing required parametrer.
[System: 192.168.1.54] DEBUG | 07/06/2026 18:07:08.883 | General Service|:: CompanyIndex:1 SpName: spADM_GetDataSet 
 'select * from COM_TokenHistory WITH(NOLOCK) where JwtToken=''eyJhbGciOiJIUzI1NiIsInR5cCI6IkpXVCJ9.eyJ1bmlxdWVfbmFtZSI6ImFkbWluLDEsMSwxIiwibmJmIjoxNzgzMzQxMDk1LCJleHAiOjE3ODMzNjk4OTUsImlhdCI6MTc4MzM0MTA5NX0.rwNKfVX7bznzeAGTphuhnEFpb2Dtvzgyg3vCg5fSBow'''
 ,1
 ,1
[System: 192.168.1.54] DEBUG | 07/06/2026 18:07:08.945 | General Service|:: CompanyIndex:1 SpName: spADM_GetCostCenterListViewData 
 NULL
 ,''
 ,''
 ,''
 ,''
 ,''
 ,8
 ,False
 ,''
 ,''
 ,''
 ,''
 ,''
 ,0
 ,False
 ,''
 ,''
 ,'1'
 ,'1'
 ,1
 message=Missing required parametrer.
[System: 192.168.1.54] INFO | 07/06/2026 18:07:08.945 | OnStartup: Logger Instance Created Successfully
[System: 192.168.1.54] INFO | 07/06/2026 18:07:08.945 | OnStartup: Application Starting...
[System: 192.168.1.54] ERROR | 07/06/2026 18:07:08.945 | General Service|:: CompanyIndex:1 SpName: spADM_GetCostCenterListViewDataParameters :
 NULL
 ,''
 ,''
 ,''
 ,''
 ,''
 ,8
 ,False
 ,''
 ,''
 ,''
 ,''
 ,''
 ,0
 ,False
 ,''
 ,''
 ,'1'
 ,'1'
 ,1|Missing required parametrer.
[System: 192.168.1.54] DEBUG | 07/06/2026 18:07:08.961 | General Service|:: CompanyIndex:1 SpName: spADM_GetDataSet 
 'select * from COM_TokenHistory WITH(NOLOCK) where JwtToken=''eyJhbGciOiJIUzI1NiIsInR5cCI6IkpXVCJ9.eyJ1bmlxdWVfbmFtZSI6ImFkbWluLDEsMSwxIiwibmJmIjoxNzgzMzQxMDk1LCJleHAiOjE3ODMzNjk4OTUsImlhdCI6MTc4MzM0MTA5NX0.rwNKfVX7bznzeAGTphuhnEFpb2Dtvzgyg3vCg5fSBow'''
 ,1
 ,1
[System: 192.168.1.54] DEBUG | 07/06/2026 18:07:09.023 | General Service|:: CompanyIndex:1 SpName: spADM_GetCostCenterListViewData 
 NULL
 ,''
 ,''
 ,''
 ,''
 ,''
 ,8
 ,False
 ,''
 ,''
 ,''
 ,''
 ,''
 ,0
 ,False
 ,''
 ,''
 ,'1'
 ,'1'
 ,1
 message=Missing required parametrer.
[System: 192.168.1.54] INFO | 07/06/2026 18:07:09.023 | OnStartup: Logger Instance Created Successfully
[System: 192.168.1.54] INFO | 07/06/2026 18:07:09.023 | OnStartup: Application Starting...
[System: 192.168.1.54] ERROR | 07/06/2026 18:07:09.023 | General Service|:: CompanyIndex:1 SpName: spADM_GetCostCenterListViewDataParameters :
 NULL
 ,''
 ,''
 ,''
 ,''
 ,''
 ,8
 ,False
 ,''
 ,''
 ,''
 ,''
 ,''
 ,0
 ,False
 ,''
 ,''
 ,'1'
 ,'1'
 ,1|Missing required parametrer.
[System: 192.168.1.54] DEBUG | 07/06/2026 18:07:09.023 | General Service|:: CompanyIndex:1 SpName: spADM_GetDataSet 
 'select * from COM_TokenHistory WITH(NOLOCK) where JwtToken=''eyJhbGciOiJIUzI1NiIsInR5cCI6IkpXVCJ9.eyJ1bmlxdWVfbmFtZSI6ImFkbWluLDEsMSwxIiwibmJmIjoxNzgzMzQxMDk1LCJleHAiOjE3ODMzNjk4OTUsImlhdCI6MTc4MzM0MTA5NX0.rwNKfVX7bznzeAGTphuhnEFpb2Dtvzgyg3vCg5fSBow'''
 ,1
 ,1
[System: 192.168.1.54] DEBUG | 07/06/2026 18:07:09.091 | General Service|:: CompanyIndex:1 SpName: spADM_GetCostCenterListViewData 
 NULL
 ,''
 ,''
 ,''
 ,''
 ,''
 ,8
 ,False
 ,''
 ,''
 ,''
 ,''
 ,''
 ,0
 ,False
 ,''
 ,''
 ,'1'
 ,'1'
 ,1
 message=Missing required parametrer.
[System: 192.168.1.54] INFO | 07/06/2026 18:07:09.091 | OnStartup: Logger Instance Created Successfully
[System: 192.168.1.54] INFO | 07/06/2026 18:07:09.091 | OnStartup: Application Starting...
[System: 192.168.1.54] ERROR | 07/06/2026 18:07:09.091 | General Service|:: CompanyIndex:1 SpName: spADM_GetCostCenterListViewDataParameters :
 NULL
 ,''
 ,''
 ,''
 ,''
 ,''
 ,8
 ,False
 ,''
 ,''
 ,''
 ,''
 ,''
 ,0
 ,False
 ,''
 ,''
 ,'1'
 ,'1'
 ,1|Missing required parametrer.
[System: 192.168.1.54] DEBUG | 07/06/2026 18:07:09.091 | General Service|:: CompanyIndex:1 SpName: spADM_GetDataSet 
 'select * from COM_TokenHistory WITH(NOLOCK) where JwtToken=''eyJhbGciOiJIUzI1NiIsInR5cCI6IkpXVCJ9.eyJ1bmlxdWVfbmFtZSI6ImFkbWluLDEsMSwxIiwibmJmIjoxNzgzMzQxMDk1LCJleHAiOjE3ODMzNjk4OTUsImlhdCI6MTc4MzM0MTA5NX0.rwNKfVX7bznzeAGTphuhnEFpb2Dtvzgyg3vCg5fSBow'''
 ,1
 ,1
[System: 192.168.1.54] DEBUG | 07/06/2026 18:07:09.185 | General Service|:: CompanyIndex:1 SpName: spADM_GetCostCenterListViewData 
 NULL
 ,''
 ,''
 ,''
 ,''
 ,''
 ,8
 ,False
 ,''
 ,''
 ,''
 ,''
 ,''
 ,0
 ,False
 ,''
 ,''
 ,'1'
 ,'1'
 ,1
 message=Missing required parametrer.
[System: 192.168.1.54] INFO | 07/06/2026 18:07:09.185 | OnStartup: Logger Instance Created Successfully
[System: 192.168.1.54] INFO | 07/06/2026 18:07:09.185 | OnStartup: Application Starting...
[System: 192.168.1.54] ERROR | 07/06/2026 18:07:09.185 | General Service|:: CompanyIndex:1 SpName: spADM_GetCostCenterListViewDataParameters :
 NULL
 ,''
 ,''
 ,''
 ,''
 ,''
 ,8
 ,False
 ,''
 ,''
 ,''
 ,''
 ,''
 ,0
 ,False
 ,''
 ,''
 ,'1'
 ,'1'
 ,1|Missing required parametrer.
[System: 192.168.1.54] DEBUG | 07/06/2026 18:07:09.185 | General Service|:: CompanyIndex:1 SpName: spADM_GetDataSet 
 'select * from COM_TokenHistory WITH(NOLOCK) where JwtToken=''eyJhbGciOiJIUzI1NiIsInR5cCI6IkpXVCJ9.eyJ1bmlxdWVfbmFtZSI6ImFkbWluLDEsMSwxIiwibmJmIjoxNzgzMzQxMDk1LCJleHAiOjE3ODMzNjk4OTUsImlhdCI6MTc4MzM0MTA5NX0.rwNKfVX7bznzeAGTphuhnEFpb2Dtvzgyg3vCg5fSBow'''
 ,1
 ,1
[System: 192.168.1.54] DEBUG | 07/06/2026 18:07:09.217 | General Service|:: CompanyIndex:1 SpName: spCOM_GetCostCenterSelectionBoxData 
 40007
 ,'dcAlpha9'
 ,'1'
 ,1
[System: 192.168.1.54] DEBUG | 07/06/2026 18:07:09.217 | General Service|:: CompanyIndex:1 SpName: spADM_GetDataSet 
 'select * from COM_TokenHistory WITH(NOLOCK) where JwtToken=''eyJhbGciOiJIUzI1NiIsInR5cCI6IkpXVCJ9.eyJ1bmlxdWVfbmFtZSI6ImFkbWluLDEsMSwxIiwibmJmIjoxNzgzMzQxMDk1LCJleHAiOjE3ODMzNjk4OTUsImlhdCI6MTc4MzM0MTA5NX0.rwNKfVX7bznzeAGTphuhnEFpb2Dtvzgyg3vCg5fSBow'''
 ,1
 ,1
[System: 192.168.1.54] DEBUG | 07/06/2026 18:07:09.295 | General Service|:: CompanyIndex:1 SpName: spADM_GetCostCenterListViewData 
 NULL
 ,''
 ,''
 ,''
 ,''
 ,''
 ,8
 ,False
 ,''
 ,''
 ,''
 ,''
 ,''
 ,0
 ,False
 ,''
 ,''
 ,'1'
 ,'1'
 ,1
 message=Missing required parametrer.
[System: 192.168.1.54] INFO | 07/06/2026 18:07:09.295 | OnStartup: Logger Instance Created Successfully
[System: 192.168.1.54] INFO | 07/06/2026 18:07:09.295 | OnStartup: Application Starting...
[System: 192.168.1.54] ERROR | 07/06/2026 18:07:09.295 | General Service|:: CompanyIndex:1 SpName: spADM_GetCostCenterListViewDataParameters :
 NULL
 ,''
 ,''
 ,''
 ,''
 ,''
 ,8
 ,False
 ,''
 ,''
 ,''
 ,''
 ,''
 ,0
 ,False
 ,''
 ,''
 ,'1'
 ,'1'
 ,1|Missing required parametrer.
[System: 192.168.1.54] DEBUG | 07/06/2026 18:07:09.310 | General Service|:: CompanyIndex:1 SpName: spADM_GetDataSet 
 'select * from COM_TokenHistory WITH(NOLOCK) where JwtToken=''eyJhbGciOiJIUzI1NiIsInR5cCI6IkpXVCJ9.eyJ1bmlxdWVfbmFtZSI6ImFkbWluLDEsMSwxIiwibmJmIjoxNzgzMzQxMDk1LCJleHAiOjE3ODMzNjk4OTUsImlhdCI6MTc4MzM0MTA5NX0.rwNKfVX7bznzeAGTphuhnEFpb2Dtvzgyg3vCg5fSBow'''
 ,1
 ,1
[System: 192.168.1.54] DEBUG | 07/06/2026 18:07:09.373 | General Service|:: CompanyIndex:1 SpName: spADM_GetCostCenterListViewData 
 NULL
 ,''
 ,''
 ,''
 ,''
 ,''
 ,8
 ,False
 ,''
 ,''
 ,''
 ,''
 ,''
 ,0
 ,False
 ,''
 ,''
 ,'1'
 ,'1'
 ,1
 message=Missing required parametrer.
[System: 192.168.1.54] INFO | 07/06/2026 18:07:09.373 | OnStartup: Logger Instance Created Successfully
[System: 192.168.1.54] INFO | 07/06/2026 18:07:09.373 | OnStartup: Application Starting...
[System: 192.168.1.54] ERROR | 07/06/2026 18:07:09.373 | General Service|:: CompanyIndex:1 SpName: spADM_GetCostCenterListViewDataParameters :
 NULL
 ,''
 ,''
 ,''
 ,''
 ,''
 ,8
 ,False
 ,''
 ,''
 ,''
 ,''
 ,''
 ,0
 ,False
 ,''
 ,''
 ,'1'
 ,'1'
 ,1|Missing required parametrer.
[System: 192.168.1.54] DEBUG | 07/06/2026 18:07:09.373 | General Service|:: CompanyIndex:1 SpName: spADM_GetDataSet 
 'select * from COM_TokenHistory WITH(NOLOCK) where JwtToken=''eyJhbGciOiJIUzI1NiIsInR5cCI6IkpXVCJ9.eyJ1bmlxdWVfbmFtZSI6ImFkbWluLDEsMSwxIiwibmJmIjoxNzgzMzQxMDk1LCJleHAiOjE3ODMzNjk4OTUsImlhdCI6MTc4MzM0MTA5NX0.rwNKfVX7bznzeAGTphuhnEFpb2Dtvzgyg3vCg5fSBow'''
 ,1
 ,1
[System: 192.168.1.54] DEBUG | 07/06/2026 18:07:09.435 | General Service|:: CompanyIndex:1 SpName: spADM_GetCostCenterListViewData 
 NULL
 ,''
 ,''
 ,''
 ,''
 ,''
 ,8
 ,False
 ,''
 ,''
 ,''
 ,''
 ,''
 ,0
 ,False
 ,''
 ,''
 ,'1'
 ,'1'
 ,1
 message=Missing required parametrer.
[System: 192.168.1.54] INFO | 07/06/2026 18:07:09.435 | OnStartup: Logger Instance Created Successfully
[System: 192.168.1.54] INFO | 07/06/2026 18:07:09.435 | OnStartup: Application Starting...
[System: 192.168.1.54] ERROR | 07/06/2026 18:07:09.435 | General Service|:: CompanyIndex:1 SpName: spADM_GetCostCenterListViewDataParameters :
 NULL
 ,''
 ,''
 ,''
 ,''
 ,''
 ,8
 ,False
 ,''
 ,''
 ,''
 ,''
 ,''
 ,0
 ,False
 ,''
 ,''
 ,'1'
 ,'1'
 ,1|Missing required parametrer.
[System: 192.168.1.54] DEBUG | 07/06/2026 18:07:09.451 | General Service|:: CompanyIndex:1 SpName: spADM_GetDataSet 
 'select * from COM_TokenHistory WITH(NOLOCK) where JwtToken=''eyJhbGciOiJIUzI1NiIsInR5cCI6IkpXVCJ9.eyJ1bmlxdWVfbmFtZSI6ImFkbWluLDEsMSwxIiwibmJmIjoxNzgzMzQxMDk1LCJleHAiOjE3ODMzNjk4OTUsImlhdCI6MTc4MzM0MTA5NX0.rwNKfVX7bznzeAGTphuhnEFpb2Dtvzgyg3vCg5fSBow'''
 ,1
 ,1
[System: 192.168.1.54] DEBUG | 07/06/2026 18:07:09.513 | General Service|:: CompanyIndex:1 SpName: spADM_GetCostCenterListViewData 
 NULL
 ,''
 ,''
 ,''
 ,''
 ,''
 ,8
 ,False
 ,''
 ,''
 ,''
 ,''
 ,''
 ,0
 ,False
 ,''
 ,''
 ,'1'
 ,'1'
 ,1
 message=Missing required parametrer.
[System: 192.168.1.54] INFO | 07/06/2026 18:07:09.513 | OnStartup: Logger Instance Created Successfully
[System: 192.168.1.54] INFO | 07/06/2026 18:07:09.513 | OnStartup: Application Starting...
[System: 192.168.1.54] ERROR | 07/06/2026 18:07:09.513 | General Service|:: CompanyIndex:1 SpName: spADM_GetCostCenterListViewDataParameters :
 NULL
 ,''
 ,''
 ,''
 ,''
 ,''
 ,8
 ,False
 ,''
 ,''
 ,''
 ,''
 ,''
 ,0
 ,False
 ,''
 ,''
 ,'1'
 ,'1'
 ,1|Missing required parametrer.
[System: 192.168.1.54] DEBUG | 07/06/2026 18:07:09.513 | General Service|:: CompanyIndex:1 SpName: spADM_GetDataSet 
 'select * from COM_TokenHistory WITH(NOLOCK) where JwtToken=''eyJhbGciOiJIUzI1NiIsInR5cCI6IkpXVCJ9.eyJ1bmlxdWVfbmFtZSI6ImFkbWluLDEsMSwxIiwibmJmIjoxNzgzMzQxMDk1LCJleHAiOjE3ODMzNjk4OTUsImlhdCI6MTc4MzM0MTA5NX0.rwNKfVX7bznzeAGTphuhnEFpb2Dtvzgyg3vCg5fSBow'''
 ,1
 ,1
[System: 192.168.1.54] DEBUG | 07/06/2026 18:07:09.638 | General Service|:: CompanyIndex:1 SpName: spDOC_GetDocumentHistory 
 40007
 ,36807
 ,'1'
 ,'1'
 ,'admin'
 ,1
[System: 192.168.1.54] DEBUG | 07/06/2026 18:07:09.638 | General Service|:: CompanyIndex:1 SpName: spADM_GetDataSet 
 'select * from COM_TokenHistory WITH(NOLOCK) where JwtToken=''eyJhbGciOiJIUzI1NiIsInR5cCI6IkpXVCJ9.eyJ1bmlxdWVfbmFtZSI6ImFkbWluLDEsMSwxIiwibmJmIjoxNzgzMzQxMDk1LCJleHAiOjE3ODMzNjk4OTUsImlhdCI6MTc4MzM0MTA5NX0.rwNKfVX7bznzeAGTphuhnEFpb2Dtvzgyg3vCg5fSBow'''
 ,1
 ,1
[System: 192.168.1.54] DEBUG | 07/06/2026 18:07:14.810 | General Service|:: CompanyIndex:1 SpName: spDOC_SetTempInvDoc 
 40007
 ,36807
 ,''
 ,'1119'
 ,'08/Sep/2025'
 ,'08/Sep/2025'
 ,''
 ,'<Row><AccountsXML></AccountsXML><Transactions DocSeqNo="1"  DocDetailsID="266794" LinkedInvDocDetailsID="0" LinkedFieldName="" IsScheme="" ProductID="7218" Quantity="2" Unit="89" UOMConversion="1" UOMConvertedQty="2" Rate="3" Gross="6" LineNarration="" RefNO=""  IsQtyIgnored="1" AverageRate="0" StockValue="6" Net="18.000" StockValueFC="6" CurrencyID="1" ExchangeRate="1" ActDocDate="21/Mar/2025" CommonNarration="01-101-0002"  DebitAccount="1505"  CreditAccount="1505"  ></Transactions><Numeric Query="dcNum6=0.000, dcCalcNum6=0, dcNum7=0.000, dcCalcNum7=0, dcNum4=0.000, dcCalcNum4=0, dcNum10=0.000, dcCalcNum10=0, dcNum2=6.000, dcCalcNum2=6, dcNum1=2.000, dcCalcNum1=2, dcNum51=8.000, dcCalcNum51=8, dcNum52=0.000, dcCalcNum52=0, dcNum53=0.000, dcCalcNum53=0, dcNum54=0.000, dcCalcNum54=0, dcNum55=0.000, dcCalcNum55=0, dcNum56=0.000, dcCalcNum56=0, dcNum57=0.000, dcCalcNum57=0, dcNum58=0.000, dcCalcNum58=0, dcNum59=0.000, dcCalcNum59=0, dcNum60=0.000, dcCalcNum60=0, dcNum61=0.000, dcCalcNum61=0, dcNum62=0.000, dcCalcNum62=0, dcNum63=8.000, dcCalcNum63=8, dcNum64=0.000, dcCalcNum64=0, dcNum65=0.000, dcCalcNum65=0, dcNum66=0.000, dcCalcNum66=0, dcNum67=0.000, dcCalcNum67=0, dcNum71=0.000, dcCalcNum71=0, dcNum68=0.000, dcCalcNum68=0, dcNum69=0.000, dcCalcNum69=0, dcNum70=0.000, dcCalcNum70=0, dcNum3=0.000, dcCalcNum3=0, dcNum31=0.000, dcCalcNum31=0, dcNum11=6.000, dcCalcNum11=6, dcNum12=0.000, dcCalcNum12=0, dcNum5=0.000, dcCalcNum5=0, " ></Numeric><Alpha Query="dcAlpha1=NULL,dcAlpha139=N''Taxable'', dcAlpha152=N''Goods'', dcAlpha140=N''Inputs'', dcAlpha153=N''Exclusive'', dcAlpha10=N'''', dcAlpha8=N'''', dcAlpha6=N'''', dcAlpha12=N'''', dcAlpha13=N'''', dcAlpha14=N'''', dcAlpha21=NULL,dcAlpha23=N''0'', dcAlpha154=N'''', dcAlpha24=N'''', dcAlpha151=N''230'', dcAlpha9=NULL, dcAlpha16=NULL, dcAlpha18=NULL, dcAlpha20=NULL, dcAlpha78=NULL, dcAlpha4=N''0'', dcAlpha134=NULL, dcAlpha135=N''N'', dcAlpha141=N''EXCLUSIVE'', dcAlpha131=N''Regular'', dcAlpha132=N''OE'', dcAlpha137=NULL, dcAlpha133=NULL, dcAlpha138=N''Deemed Export'', " ></Alpha><CostCenters Query="dcCCNID71=1, dcCCNID67=1, dcCCNID65=1, dcCCNID60=1, dcCCNID14=1, dcCCNID7=1, dcCCNID51=1, dcCCNID58=1, dcCCNID59=1, dcCCNID62=1, dcCCNID61=14, dcCCNID4=1, dcCCNID2=1, dcCCNID9=1, ContactID=1, dcCCNID63=1, dcCCNID64=1, " ></CostCenters><EXTRAXML></EXTRAXML></Row><Row><AccountsXML></AccountsXML><Transactions DocSeqNo="2"  DocDetailsID="266795" LinkedInvDocDetailsID="0" LinkedFieldName="" IsScheme="" ProductID="7219" Quantity="3" Unit="1" UOMConversion="1" UOMConvertedQty="3" Rate="4" Gross="12" LineNarration="" RefNO=""  IsQtyIgnored="1" AverageRate="0" StockValue="12" Net="18.000" StockValueFC="12" CurrencyID="1" ExchangeRate="1" ActDocDate="21/Mar/2025" CommonNarration="01-101-0002"  DebitAccount="1505"  CreditAccount="1505"  ></Transactions><Numeric Query="dcNum6=0.000, dcCalcNum6=0, dcNum7=0.000, dcCalcNum7=0, dcNum4=0.000, dcCalcNum4=0, dcNum10=0.000, dcCalcNum10=0, dcNum2=12.000, dcCalcNum2=12, dcNum1=4.000, dcCalcNum1=4, dcNum51=16.000, dcCalcNum51=16, dcNum52=0.000, dcCalcNum52=0, dcNum53=0.000, dcCalcNum53=0, dcNum54=0.000, dcCalcNum54=0, dcNum55=0.000, dcCalcNum55=0, dcNum56=0.000, dcCalcNum56=0, dcNum57=0.000, dcCalcNum57=0, dcNum58=0.000, dcCalcNum58=0, dcNum59=0.000, dcCalcNum59=0, dcNum60=0.000, dcCalcNum60=0, dcNum61=0.000, dcCalcNum61=0, dcNum62=0.000, dcCalcNum62=0, dcNum63=16.000, dcCalcNum63=16, dcNum64=0.000, dcCalcNum64=0, dcNum65=0.000, dcCalcNum65=0, dcNum66=0.000, dcCalcNum66=0, dcNum67=0.000, dcCalcNum67=0, dcNum71=0.000, dcCalcNum71=0, dcNum68=0.000, dcCalcNum68=0, dcNum69=0.000, dcCalcNum69=0, dcNum70=0.000, dcCalcNum70=0, dcNum3=0.000, dcCalcNum3=0, dcNum31=0.000, dcCalcNum31=0, dcNum11=12.000, dcCalcNum11=12, dcNum12=0.000, dcCalcNum12=0, dcNum5=0.000, dcCalcNum5=0, " ></Numeric><Alpha Query="dcAlpha1=NULL,dcAlpha139=N''Taxable'', dcAlpha152=N''Goods'', dcAlpha140=N''Inputs'', dcAlpha153=N''Exclusive'', dcAlpha10=N'''', dcAlpha8=N'''', dcAlpha6=N'''', dcAlpha12=N'''', dcAlpha13=N'''', dcAlpha14=N'''', dcAlpha21=NULL,dcAlpha23=N''0'', dcAlpha154=N'''', dcAlpha24=N'''', dcAlpha151=N''230'', dcAlpha9=NULL, dcAlpha16=NULL, dcAlpha18=NULL, dcAlpha20=NULL, dcAlpha78=NULL, dcAlpha4=N''0'', dcAlpha134=NULL, dcAlpha135=N''N'', dcAlpha141=N''EXCLUSIVE'', dcAlpha131=N''Regular'', dcAlpha132=N''OE'', dcAlpha137=NULL, dcAlpha133=NULL, dcAlpha138=N''Deemed Export'', " ></Alpha><CostCenters Query="dcCCNID71=1, dcCCNID67=1, dcCCNID65=1026, dcCCNID60=3, dcCCNID14=1, dcCCNID7=1, dcCCNID51=1, dcCCNID58=1, dcCCNID59=1, dcCCNID62=1, dcCCNID61=14, dcCCNID4=1, dcCCNID2=1, dcCCNID9=1, ContactID=1, dcCCNID63=1, dcCCNID64=1, " ></CostCenters><EXTRAXML></EXTRAXML></Row>'
 ,''
 ,''
 ,''
 ,'<XML    LockDims=" and (c.ccnid2 =1 or c.ccnid2=0)"  SysInfo="/Web" AP="/Web"  CheckStock="true"  WorkFlow="NO" Guid="" CCGuid="D20D3B7B-F448-41D5-8286-4B05342B5C93" FinancialSartDate="1/Apr/2025" FinancialEndDate="31/Mar/2026" DetailIds="266794~266795" ><ScheduleActivityXml><Row  rowno="0"  ActivityID="1509" ScheduleID="0" SchID="0" Status="" FreqType="" FreqInterval="" FreqSubdayType="" FreqSubdayInterval="" FreqRelativeInterval="" FreqRecurrenceFactor="" CStartDate="" CEndDate="" StartTime="" isRecu="0" ActivityTypeID="1" CostCenterID="40007" NodeID="36807" StatusID="412" Subject="qwqwq" Priority="2" PctComplete="0" Location="" IsAllDayActivity="0" ActualCloseDate="14/Oct/2025" ActualCloseTime="" CustomerID="01-101-0002" ContactID="0" Remarks="&lt;FlowDocument FontFamily=&quot;Calibri&quot; FontSize=&quot;12.0000003576279&quot; PagePadding=&quot;5,0,5,0&quot; AllowDrop=&quot;False&quot; xmlns=&quot;http://schemas.microsoft.com/winfx/2006/xaml/presentation&quot;>&lt;Paragraph>&lt;Run FontSize=&quot;10&quot; Foreground=&quot;#FFB22222&quot;>[14/Oct/2025 12:39:28 PM] admin:&lt;/Run>&lt;Run FontSize=&quot;12&quot;>asas&lt;/Run>&lt;/Paragraph>&lt;Paragraph>&lt;Run FontSize=&quot;10&quot; Foreground=&quot;#FFB22222&quot;>[14/Oct/2025 12:39:30 PM] admin:&lt;/Run>&lt;Run FontSize=&quot;12&quot;>qwqw&lt;/Run>&lt;/Paragraph>&lt;Paragraph>&lt;Run FontSize=&quot;10&quot; Foreground=&quot;#FFB22222&quot;>[14/Oct/2025 12:39:33 PM] admin:&lt;/Run>&lt;Run FontSize=&quot;12&quot;> xaa &lt;/Run>&lt;/Paragraph>&lt;/FlowDocument>" AssignGroupID="1" AssignRoleID="1" AssignUserID="1" ActStartDate="14/Oct/2025" ActEndDate="14/Oct/2025" ActStartTime="10:00:00 AM" ActEndTime="11:00:00 AM" UsersXML="" RolesXML="" GroupXML="" TeamNodeID="" UserID="" isTeam="" ExtraUserDefinedFields ="Alpha1=''Oct 14 2025 12:09PM'' ,Alpha2=''asfd'' ,Alpha3=''10/14/2025 12:00:00 AM'' ,CCNID2=''1''"  AttachmentXML =""  isEdited="0"/></ScheduleActivityXml>null</XML>'
 ,'false'
 ,0
 ,0
 ,'0'
 ,'1'
 ,''
 ,0
 ,0
 ,'3e1c70e0-7845-4eb0-97fc-5e1c5df7c30e'
 ,'admin'
 ,'1'
 ,1
 ,False
 message=-125
[System: 192.168.1.54] DEBUG | 07/06/2026 18:07:14.810 | General Service|:: CompanyIndex:1 SpName: spDOC_SetTempInvDoc 
 40007
 ,36807
 ,''
 ,'1119'
 ,'08/Sep/2025'
 ,'08/Sep/2025'
 ,''
 ,'<Row><AccountsXML></AccountsXML><Transactions DocSeqNo="1"  DocDetailsID="266794" LinkedInvDocDetailsID="0" LinkedFieldName="" IsScheme="" ProductID="7218" Quantity="2" Unit="89" UOMConversion="1" UOMConvertedQty="2" Rate="3" Gross="6" LineNarration="" RefNO=""  IsQtyIgnored="1" AverageRate="0" StockValue="6" Net="18.000" StockValueFC="6" CurrencyID="1" ExchangeRate="1" ActDocDate="21/Mar/2025" CommonNarration="01-101-0002"  DebitAccount="1505"  CreditAccount="1505"  ></Transactions><Numeric Query="dcNum6=0.000, dcCalcNum6=0, dcNum7=0.000, dcCalcNum7=0, dcNum4=0.000, dcCalcNum4=0, dcNum10=0.000, dcCalcNum10=0, dcNum2=6.000, dcCalcNum2=6, dcNum1=2.000, dcCalcNum1=2, dcNum51=8.000, dcCalcNum51=8, dcNum52=0.000, dcCalcNum52=0, dcNum53=0.000, dcCalcNum53=0, dcNum54=0.000, dcCalcNum54=0, dcNum55=0.000, dcCalcNum55=0, dcNum56=0.000, dcCalcNum56=0, dcNum57=0.000, dcCalcNum57=0, dcNum58=0.000, dcCalcNum58=0, dcNum59=0.000, dcCalcNum59=0, dcNum60=0.000, dcCalcNum60=0, dcNum61=0.000, dcCalcNum61=0, dcNum62=0.000, dcCalcNum62=0, dcNum63=8.000, dcCalcNum63=8, dcNum64=0.000, dcCalcNum64=0, dcNum65=0.000, dcCalcNum65=0, dcNum66=0.000, dcCalcNum66=0, dcNum67=0.000, dcCalcNum67=0, dcNum71=0.000, dcCalcNum71=0, dcNum68=0.000, dcCalcNum68=0, dcNum69=0.000, dcCalcNum69=0, dcNum70=0.000, dcCalcNum70=0, dcNum3=0.000, dcCalcNum3=0, dcNum31=0.000, dcCalcNum31=0, dcNum11=6.000, dcCalcNum11=6, dcNum12=0.000, dcCalcNum12=0, dcNum5=0.000, dcCalcNum5=0, " ></Numeric><Alpha Query="dcAlpha1=NULL,dcAlpha139=N''Taxable'', dcAlpha152=N''Goods'', dcAlpha140=N''Inputs'', dcAlpha153=N''Exclusive'', dcAlpha10=N'''', dcAlpha8=N'''', dcAlpha6=N'''', dcAlpha12=N'''', dcAlpha13=N'''', dcAlpha14=N'''', dcAlpha21=NULL,dcAlpha23=N''0'', dcAlpha154=N'''', dcAlpha24=N'''', dcAlpha151=N''230'', dcAlpha9=NULL, dcAlpha16=NULL, dcAlpha18=NULL, dcAlpha20=NULL, dcAlpha78=NULL, dcAlpha4=N''0'', dcAlpha134=NULL, dcAlpha135=N''N'', dcAlpha141=N''EXCLUSIVE'', dcAlpha131=N''Regular'', dcAlpha132=N''OE'', dcAlpha137=NULL, dcAlpha133=NULL, dcAlpha138=N''Deemed Export'', " ></Alpha><CostCenters Query="dcCCNID71=1, dcCCNID67=1, dcCCNID65=1, dcCCNID60=1, dcCCNID14=1, dcCCNID7=1, dcCCNID51=1, dcCCNID58=1, dcCCNID59=1, dcCCNID62=1, dcCCNID61=14, dcCCNID4=1, dcCCNID2=1, dcCCNID9=1, ContactID=1, dcCCNID63=1, dcCCNID64=1, " ></CostCenters><EXTRAXML></EXTRAXML></Row><Row><AccountsXML></AccountsXML><Transactions DocSeqNo="2"  DocDetailsID="266795" LinkedInvDocDetailsID="0" LinkedFieldName="" IsScheme="" ProductID="7219" Quantity="3" Unit="1" UOMConversion="1" UOMConvertedQty="3" Rate="4" Gross="12" LineNarration="" RefNO=""  IsQtyIgnored="1" AverageRate="0" StockValue="12" Net="18.000" StockValueFC="12" CurrencyID="1" ExchangeRate="1" ActDocDate="21/Mar/2025" CommonNarration="01-101-0002"  DebitAccount="1505"  CreditAccount="1505"  ></Transactions><Numeric Query="dcNum6=0.000, dcCalcNum6=0, dcNum7=0.000, dcCalcNum7=0, dcNum4=0.000, dcCalcNum4=0, dcNum10=0.000, dcCalcNum10=0, dcNum2=12.000, dcCalcNum2=12, dcNum1=4.000, dcCalcNum1=4, dcNum51=16.000, dcCalcNum51=16, dcNum52=0.000, dcCalcNum52=0, dcNum53=0.000, dcCalcNum53=0, dcNum54=0.000, dcCalcNum54=0, dcNum55=0.000, dcCalcNum55=0, dcNum56=0.000, dcCalcNum56=0, dcNum57=0.000, dcCalcNum57=0, dcNum58=0.000, dcCalcNum58=0, dcNum59=0.000, dcCalcNum59=0, dcNum60=0.000, dcCalcNum60=0, dcNum61=0.000, dcCalcNum61=0, dcNum62=0.000, dcCalcNum62=0, dcNum63=16.000, dcCalcNum63=16, dcNum64=0.000, dcCalcNum64=0, dcNum65=0.000, dcCalcNum65=0, dcNum66=0.000, dcCalcNum66=0, dcNum67=0.000, dcCalcNum67=0, dcNum71=0.000, dcCalcNum71=0, dcNum68=0.000, dcCalcNum68=0, dcNum69=0.000, dcCalcNum69=0, dcNum70=0.000, dcCalcNum70=0, dcNum3=0.000, dcCalcNum3=0, dcNum31=0.000, dcCalcNum31=0, dcNum11=12.000, dcCalcNum11=12, dcNum12=0.000, dcCalcNum12=0, dcNum5=0.000, dcCalcNum5=0, " ></Numeric><Alpha Query="dcAlpha1=NULL,dcAlpha139=N''Taxable'', dcAlpha152=N''Goods'', dcAlpha140=N''Inputs'', dcAlpha153=N''Exclusive'', dcAlpha10=N'''', dcAlpha8=N'''', dcAlpha6=N'''', dcAlpha12=N'''', dcAlpha13=N'''', dcAlpha14=N'''', dcAlpha21=NULL,dcAlpha23=N''0'', dcAlpha154=N'''', dcAlpha24=N'''', dcAlpha151=N''230'', dcAlpha9=NULL, dcAlpha16=NULL, dcAlpha18=NULL, dcAlpha20=NULL, dcAlpha78=NULL, dcAlpha4=N''0'', dcAlpha134=NULL, dcAlpha135=N''N'', dcAlpha141=N''EXCLUSIVE'', dcAlpha131=N''Regular'', dcAlpha132=N''OE'', dcAlpha137=NULL, dcAlpha133=NULL, dcAlpha138=N''Deemed Export'', " ></Alpha><CostCenters Query="dcCCNID71=1, dcCCNID67=1, dcCCNID65=1026, dcCCNID60=3, dcCCNID14=1, dcCCNID7=1, dcCCNID51=1, dcCCNID58=1, dcCCNID59=1, dcCCNID62=1, dcCCNID61=14, dcCCNID4=1, dcCCNID2=1, dcCCNID9=1, ContactID=1, dcCCNID63=1, dcCCNID64=1, " ></CostCenters><EXTRAXML></EXTRAXML></Row>'
 ,''
 ,''
 ,''
 ,'<XML    LockDims=" and (c.ccnid2 =1 or c.ccnid2=0)"  SysInfo="/Web" AP="/Web"  CheckStock="true"  WorkFlow="NO" Guid="" CCGuid="D20D3B7B-F448-41D5-8286-4B05342B5C93" FinancialSartDate="1/Apr/2025" FinancialEndDate="31/Mar/2026" DetailIds="266794~266795" ><ScheduleActivityXml><Row  rowno="0"  ActivityID="1509" ScheduleID="0" SchID="0" Status="" FreqType="" FreqInterval="" FreqSubdayType="" FreqSubdayInterval="" FreqRelativeInterval="" FreqRecurrenceFactor="" CStartDate="" CEndDate="" StartTime="" isRecu="0" ActivityTypeID="1" CostCenterID="40007" NodeID="36807" StatusID="412" Subject="qwqwq" Priority="2" PctComplete="0" Location="" IsAllDayActivity="0" ActualCloseDate="14/Oct/2025" ActualCloseTime="" CustomerID="01-101-0002" ContactID="0" Remarks="&lt;FlowDocument FontFamily=&quot;Calibri&quot; FontSize=&quot;12.0000003576279&quot; PagePadding=&quot;5,0,5,0&quot; AllowDrop=&quot;False&quot; xmlns=&quot;http://schemas.microsoft.com/winfx/2006/xaml/presentation&quot;>&lt;Paragraph>&lt;Run FontSize=&quot;10&quot; Foreground=&quot;#FFB22222&quot;>[14/Oct/2025 12:39:28 PM] admin:&lt;/Run>&lt;Run FontSize=&quot;12&quot;>asas&lt;/Run>&lt;/Paragraph>&lt;Paragraph>&lt;Run FontSize=&quot;10&quot; Foreground=&quot;#FFB22222&quot;>[14/Oct/2025 12:39:30 PM] admin:&lt;/Run>&lt;Run FontSize=&quot;12&quot;>qwqw&lt;/Run>&lt;/Paragraph>&lt;Paragraph>&lt;Run FontSize=&quot;10&quot; Foreground=&quot;#FFB22222&quot;>[14/Oct/2025 12:39:33 PM] admin:&lt;/Run>&lt;Run FontSize=&quot;12&quot;> xaa &lt;/Run>&lt;/Paragraph>&lt;/FlowDocument>" AssignGroupID="1" AssignRoleID="1" AssignUserID="1" ActStartDate="14/Oct/2025" ActEndDate="14/Oct/2025" ActStartTime="10:00:00 AM" ActEndTime="11:00:00 AM" UsersXML="" RolesXML="" GroupXML="" TeamNodeID="" UserID="" isTeam="" ExtraUserDefinedFields ="Alpha1=''Oct 14 2025 12:09PM'' ,Alpha2=''asfd'' ,Alpha3=''10/14/2025 12:00:00 AM'' ,CCNID2=''1''"  AttachmentXML =""  isEdited="0"/></ScheduleActivityXml>null</XML>'
 ,'false'
 ,0
 ,0
 ,'0'
 ,'1'
 ,''
 ,0
 ,0
 ,'3e1c70e0-7845-4eb0-97fc-5e1c5df7c30e'
 ,'admin'
 ,'1'
 ,1
 ,False
 message=Document Date Locked
[System: 192.168.1.54] INFO | 07/06/2026 18:07:14.810 | OnStartup: Logger Instance Created Successfully
[System: 192.168.1.54] INFO | 07/06/2026 18:07:14.810 | OnStartup: Application Starting...
[System: 192.168.1.54] ERROR | 07/06/2026 18:07:14.810 | General Service|:: CompanyIndex:1 SpName: spDOC_SetTempInvDocParameters :
 40007
 ,36807
 ,''
 ,'1119'
 ,'08/Sep/2025'
 ,'08/Sep/2025'
 ,''
 ,'<Row><AccountsXML></AccountsXML><Transactions DocSeqNo="1"  DocDetailsID="266794" LinkedInvDocDetailsID="0" LinkedFieldName="" IsScheme="" ProductID="7218" Quantity="2" Unit="89" UOMConversion="1" UOMConvertedQty="2" Rate="3" Gross="6" LineNarration="" RefNO=""  IsQtyIgnored="1" AverageRate="0" StockValue="6" Net="18.000" StockValueFC="6" CurrencyID="1" ExchangeRate="1" ActDocDate="21/Mar/2025" CommonNarration="01-101-0002"  DebitAccount="1505"  CreditAccount="1505"  ></Transactions><Numeric Query="dcNum6=0.000, dcCalcNum6=0, dcNum7=0.000, dcCalcNum7=0, dcNum4=0.000, dcCalcNum4=0, dcNum10=0.000, dcCalcNum10=0, dcNum2=6.000, dcCalcNum2=6, dcNum1=2.000, dcCalcNum1=2, dcNum51=8.000, dcCalcNum51=8, dcNum52=0.000, dcCalcNum52=0, dcNum53=0.000, dcCalcNum53=0, dcNum54=0.000, dcCalcNum54=0, dcNum55=0.000, dcCalcNum55=0, dcNum56=0.000, dcCalcNum56=0, dcNum57=0.000, dcCalcNum57=0, dcNum58=0.000, dcCalcNum58=0, dcNum59=0.000, dcCalcNum59=0, dcNum60=0.000, dcCalcNum60=0, dcNum61=0.000, dcCalcNum61=0, dcNum62=0.000, dcCalcNum62=0, dcNum63=8.000, dcCalcNum63=8, dcNum64=0.000, dcCalcNum64=0, dcNum65=0.000, dcCalcNum65=0, dcNum66=0.000, dcCalcNum66=0, dcNum67=0.000, dcCalcNum67=0, dcNum71=0.000, dcCalcNum71=0, dcNum68=0.000, dcCalcNum68=0, dcNum69=0.000, dcCalcNum69=0, dcNum70=0.000, dcCalcNum70=0, dcNum3=0.000, dcCalcNum3=0, dcNum31=0.000, dcCalcNum31=0, dcNum11=6.000, dcCalcNum11=6, dcNum12=0.000, dcCalcNum12=0, dcNum5=0.000, dcCalcNum5=0, " ></Numeric><Alpha Query="dcAlpha1=NULL,dcAlpha139=N''Taxable'', dcAlpha152=N''Goods'', dcAlpha140=N''Inputs'', dcAlpha153=N''Exclusive'', dcAlpha10=N'''', dcAlpha8=N'''', dcAlpha6=N'''', dcAlpha12=N'''', dcAlpha13=N'''', dcAlpha14=N'''', dcAlpha21=NULL,dcAlpha23=N''0'', dcAlpha154=N'''', dcAlpha24=N'''', dcAlpha151=N''230'', dcAlpha9=NULL, dcAlpha16=NULL, dcAlpha18=NULL, dcAlpha20=NULL, dcAlpha78=NULL, dcAlpha4=N''0'', dcAlpha134=NULL, dcAlpha135=N''N'', dcAlpha141=N''EXCLUSIVE'', dcAlpha131=N''Regular'', dcAlpha132=N''OE'', dcAlpha137=NULL, dcAlpha133=NULL, dcAlpha138=N''Deemed Export'', " ></Alpha><CostCenters Query="dcCCNID71=1, dcCCNID67=1, dcCCNID65=1, dcCCNID60=1, dcCCNID14=1, dcCCNID7=1, dcCCNID51=1, dcCCNID58=1, dcCCNID59=1, dcCCNID62=1, dcCCNID61=14, dcCCNID4=1, dcCCNID2=1, dcCCNID9=1, ContactID=1, dcCCNID63=1, dcCCNID64=1, " ></CostCenters><EXTRAXML></EXTRAXML></Row><Row><AccountsXML></AccountsXML><Transactions DocSeqNo="2"  DocDetailsID="266795" LinkedInvDocDetailsID="0" LinkedFieldName="" IsScheme="" ProductID="7219" Quantity="3" Unit="1" UOMConversion="1" UOMConvertedQty="3" Rate="4" Gross="12" LineNarration="" RefNO=""  IsQtyIgnored="1" AverageRate="0" StockValue="12" Net="18.000" StockValueFC="12" CurrencyID="1" ExchangeRate="1" ActDocDate="21/Mar/2025" CommonNarration="01-101-0002"  DebitAccount="1505"  CreditAccount="1505"  ></Transactions><Numeric Query="dcNum6=0.000, dcCalcNum6=0, dcNum7=0.000, dcCalcNum7=0, dcNum4=0.000, dcCalcNum4=0, dcNum10=0.000, dcCalcNum10=0, dcNum2=12.000, dcCalcNum2=12, dcNum1=4.000, dcCalcNum1=4, dcNum51=16.000, dcCalcNum51=16, dcNum52=0.000, dcCalcNum52=0, dcNum53=0.000, dcCalcNum53=0, dcNum54=0.000, dcCalcNum54=0, dcNum55=0.000, dcCalcNum55=0, dcNum56=0.000, dcCalcNum56=0, dcNum57=0.000, dcCalcNum57=0, dcNum58=0.000, dcCalcNum58=0, dcNum59=0.000, dcCalcNum59=0, dcNum60=0.000, dcCalcNum60=0, dcNum61=0.000, dcCalcNum61=0, dcNum62=0.000, dcCalcNum62=0, dcNum63=16.000, dcCalcNum63=16, dcNum64=0.000, dcCalcNum64=0, dcNum65=0.000, dcCalcNum65=0, dcNum66=0.000, dcCalcNum66=0, dcNum67=0.000, dcCalcNum67=0, dcNum71=0.000, dcCalcNum71=0, dcNum68=0.000, dcCalcNum68=0, dcNum69=0.000, dcCalcNum69=0, dcNum70=0.000, dcCalcNum70=0, dcNum3=0.000, dcCalcNum3=0, dcNum31=0.000, dcCalcNum31=0, dcNum11=12.000, dcCalcNum11=12, dcNum12=0.000, dcCalcNum12=0, dcNum5=0.000, dcCalcNum5=0, " ></Numeric><Alpha Query="dcAlpha1=NULL,dcAlpha139=N''Taxable'', dcAlpha152=N''Goods'', dcAlpha140=N''Inputs'', dcAlpha153=N''Exclusive'', dcAlpha10=N'''', dcAlpha8=N'''', dcAlpha6=N'''', dcAlpha12=N'''', dcAlpha13=N'''', dcAlpha14=N'''', dcAlpha21=NULL,dcAlpha23=N''0'', dcAlpha154=N'''', dcAlpha24=N'''', dcAlpha151=N''230'', dcAlpha9=NULL, dcAlpha16=NULL, dcAlpha18=NULL, dcAlpha20=NULL, dcAlpha78=NULL, dcAlpha4=N''0'', dcAlpha134=NULL, dcAlpha135=N''N'', dcAlpha141=N''EXCLUSIVE'', dcAlpha131=N''Regular'', dcAlpha132=N''OE'', dcAlpha137=NULL, dcAlpha133=NULL, dcAlpha138=N''Deemed Export'', " ></Alpha><CostCenters Query="dcCCNID71=1, dcCCNID67=1, dcCCNID65=1026, dcCCNID60=3, dcCCNID14=1, dcCCNID7=1, dcCCNID51=1, dcCCNID58=1, dcCCNID59=1, dcCCNID62=1, dcCCNID61=14, dcCCNID4=1, dcCCNID2=1, dcCCNID9=1, ContactID=1, dcCCNID63=1, dcCCNID64=1, " ></CostCenters><EXTRAXML></EXTRAXML></Row>'
 ,''
 ,''
 ,''
 ,'<XML    LockDims=" and (c.ccnid2 =1 or c.ccnid2=0)"  SysInfo="/Web" AP="/Web"  CheckStock="true"  WorkFlow="NO" Guid="" CCGuid="D20D3B7B-F448-41D5-8286-4B05342B5C93" FinancialSartDate="1/Apr/2025" FinancialEndDate="31/Mar/2026" DetailIds="266794~266795" ><ScheduleActivityXml><Row  rowno="0"  ActivityID="1509" ScheduleID="0" SchID="0" Status="" FreqType="" FreqInterval="" FreqSubdayType="" FreqSubdayInterval="" FreqRelativeInterval="" FreqRecurrenceFactor="" CStartDate="" CEndDate="" StartTime="" isRecu="0" ActivityTypeID="1" CostCenterID="40007" NodeID="36807" StatusID="412" Subject="qwqwq" Priority="2" PctComplete="0" Location="" IsAllDayActivity="0" ActualCloseDate="14/Oct/2025" ActualCloseTime="" CustomerID="01-101-0002" ContactID="0" Remarks="&lt;FlowDocument FontFamily=&quot;Calibri&quot; FontSize=&quot;12.0000003576279&quot; PagePadding=&quot;5,0,5,0&quot; AllowDrop=&quot;False&quot; xmlns=&quot;http://schemas.microsoft.com/winfx/2006/xaml/presentation&quot;>&lt;Paragraph>&lt;Run FontSize=&quot;10&quot; Foreground=&quot;#FFB22222&quot;>[14/Oct/2025 12:39:28 PM] admin:&lt;/Run>&lt;Run FontSize=&quot;12&quot;>asas&lt;/Run>&lt;/Paragraph>&lt;Paragraph>&lt;Run FontSize=&quot;10&quot; Foreground=&quot;#FFB22222&quot;>[14/Oct/2025 12:39:30 PM] admin:&lt;/Run>&lt;Run FontSize=&quot;12&quot;>qwqw&lt;/Run>&lt;/Paragraph>&lt;Paragraph>&lt;Run FontSize=&quot;10&quot; Foreground=&quot;#FFB22222&quot;>[14/Oct/2025 12:39:33 PM] admin:&lt;/Run>&lt;Run FontSize=&quot;12&quot;> xaa &lt;/Run>&lt;/Paragraph>&lt;/FlowDocument>" AssignGroupID="1" AssignRoleID="1" AssignUserID="1" ActStartDate="14/Oct/2025" ActEndDate="14/Oct/2025" ActStartTime="10:00:00 AM" ActEndTime="11:00:00 AM" UsersXML="" RolesXML="" GroupXML="" TeamNodeID="" UserID="" isTeam="" ExtraUserDefinedFields ="Alpha1=''Oct 14 2025 12:09PM'' ,Alpha2=''asfd'' ,Alpha3=''10/14/2025 12:00:00 AM'' ,CCNID2=''1''"  AttachmentXML =""  isEdited="0"/></ScheduleActivityXml>null</XML>'
 ,'false'
 ,0
 ,0
 ,'0'
 ,'1'
 ,''
 ,0
 ,0
 ,'3e1c70e0-7845-4eb0-97fc-5e1c5df7c30e'
 ,'admin'
 ,'1'
 ,1
 ,False|-125
[System: 192.168.1.54] DEBUG | 07/06/2026 18:07:14.810 | General Service|:: CompanyIndex:1 SpName: spADM_GetDataSet 
 'select * from COM_TokenHistory WITH(NOLOCK) where JwtToken=''eyJhbGciOiJIUzI1NiIsInR5cCI6IkpXVCJ9.eyJ1bmlxdWVfbmFtZSI6ImFkbWluLDEsMSwxIiwibmJmIjoxNzgzMzQxMDk1LCJleHAiOjE3ODMzNjk4OTUsImlhdCI6MTc4MzM0MTA5NX0.rwNKfVX7bznzeAGTphuhnEFpb2Dtvzgyg3vCg5fSBow'''
 ,1
 ,1
[System: 192.168.1.54] DEBUG | 07/06/2026 18:07:18.983 | General Service|:: CompanyIndex:0 SpName: spADM_Login 
 6
 ,'6ddacbae-9134-4c5c-8db1-5c796e883200'
 ,''
 ,''
 ,''
 ,''
 ,1
[System: 192.168.1.54] DEBUG | 07/06/2026 18:07:18.983 | General Service|:: CompanyIndex:1 SpName: spADM_GetDataSet 
 'select * from COM_TokenHistory WITH(NOLOCK) where JwtToken=''eyJhbGciOiJIUzI1NiIsInR5cCI6IkpXVCJ9.eyJ1bmlxdWVfbmFtZSI6ImFkbWluLDEsMSwxIiwibmJmIjoxNzgzMzQxMDk1LCJleHAiOjE3ODMzNjk4OTUsImlhdCI6MTc4MzM0MTA5NX0.rwNKfVX7bznzeAGTphuhnEFpb2Dtvzgyg3vCg5fSBow'''
 ,1
 ,1
[System: 192.168.1.54] DEBUG | 07/06/2026 18:07:18.999 | General Service|:: CompanyIndex:1 SpName: sp_SetTokenHistory 
 0
 ,'eyJhbGciOiJIUzI1NiIsInR5cCI6IkpXVCJ9.eyJ1bmlxdWVfbmFtZSI6ImFkbWluLDEsMSwxIiwibmJmIjoxNzgzMzQxMDk1LCJleHAiOjE3ODMzNjk4OTUsImlhdCI6MTc4MzM0MTA5NX0.rwNKfVX7bznzeAGTphuhnEFpb2Dtvzgyg3vCg5fSBow'
 ,''
 ,NULL
 ,1
 ,1
 message=Saved Succesfully
[System: 192.168.1.54] DEBUG | 07/06/2026 18:07:18.999 | General Service|:: CompanyIndex:1 SpName: spADM_GetDataSet 
 'select * from COM_TokenHistory WITH(NOLOCK) where JwtToken=''eyJhbGciOiJIUzI1NiIsInR5cCI6IkpXVCJ9.eyJ1bmlxdWVfbmFtZSI6ImFkbWluLDEsMSwxIiwibmJmIjoxNzgzMzQxMDk1LCJleHAiOjE3ODMzNjk4OTUsImlhdCI6MTc4MzM0MTA5NX0.rwNKfVX7bznzeAGTphuhnEFpb2Dtvzgyg3vCg5fSBow'''
 ,1
 ,1
