[System: 192.168.1.76] DEBUG | 07/02/2026 13:00:48.099 | General Service|:: CompanyIndex:0 SpName: spADM_UserLoginCheck 
 2
 ,'admin'
 ,0
 ,'192.168.1.76'
 ,'192.168.1.76'
 ,''
 ,'Web'
 ,1
[System: 192.168.1.76] DEBUG | 07/02/2026 13:00:49.005 | General Service|:: CompanyIndex:1 SpName: spADM_GetClientUserDetails 
 'admin'
 ,1
 ,'28.3.6'
 ,0
[System: 192.168.1.76] DEBUG | 07/02/2026 13:00:49.224 | General Service|:: CompanyIndex:0 SpName: spADM_UserLoginCheck 
 2
 ,'admin'
 ,1
 ,'192.168.1.76'
 ,'192.168.1.76'
 ,''
 ,'Web'
 ,1
[System: 192.168.1.76] DEBUG | 07/02/2026 13:00:49.349 | General Service|:: CompanyIndex:0 SpName: spADM_Login 
 1
 ,''
 ,''
 ,''
 ,''
 ,''
 ,1
[System: 192.168.1.76] DEBUG | 07/02/2026 13:00:49.474 | General Service|:: CompanyIndex:1 SpName: spADM_GetDataSet 
 'select Value from ADM_GlobalPreferences with (nolock) where name =''EnableReLogin'''
 ,1
 ,1
[System: 192.168.1.76] DEBUG | 07/02/2026 13:00:49.490 | General Service|:: CompanyIndex:1 SpName: spADM_GetDataSet 
 'select * from COM_TokenHistory WITH(NOLOCK) where JwtToken=''eyJhbGciOiJIUzI1NiIsInR5cCI6IkpXVCJ9.eyJ1bmlxdWVfbmFtZSI6ImFkbWluLDEsMSwxIiwibmJmIjoxNzgyOTc3NDQ5LCJleHAiOjE3ODMwMDYyNDksImlhdCI6MTc4Mjk3NzQ0OX0.mWp9cMlgq1SGgCBokxDdv197IyH69_DbQZhVdiK8Dk8'''
 ,1
 ,1
[System: 192.168.1.76] DEBUG | 07/02/2026 13:00:49.536 | General Service|:: CompanyIndex:0 SpName: spADM_Login 
 4
 ,''
 ,''
 ,''
 ,'declare @Cnt int,@ExpiredGUID nvarchar(50),@AllowSession int,@GUID nvarchar(50),@CurrDate float,@UserID INT,@Instances INT,@InstancesExists INT,@LCDBIndex int
set @CurrDate= convert(float,dateadd(minute,-21,getdate()))
set @AllowSession=0
set @GUID=''b2c1f78c-ed5d-429c-b67a-0dd85a178c47''
set @LCDBIndex=1
select top 1 @UserID=UserID,@Instances=InstanceCount from ADM_Users with(nolock) where UserName=''admin''
if exists(select [GUID] from ADM_Login with(nolock) where [GUID]=@GUID)
begin
	update ADM_Login 
	set LastAccessTime=convert(float,getdate()),UserID=@UserID
	where [GUID]=@GUID
    set @AllowSession=1
end
else
begin
	select @Cnt=count(*) from ADM_Login with(nolock) where LCDBIndex=@LCDBIndex and [GUID]!=''ACCESSRIGHTS''  and AP =''WEB''  
    if(@Cnt<100)
		set @AllowSession=1
	else
	begin
		select top 1 @ExpiredGUID=[GUID] from ADM_Login with(nolock)
		where [GUID]!=''ACCESSRIGHTS'' and LCDBIndex=@LCDBIndex and LastAccessTime<@CurrDate  and AP =''WEB''  
 order by LastAccessTime asc

        if @ExpiredGUID is not null
		begin
			delete from ADM_Login where [GUID]=@ExpiredGUID
			set @AllowSession=1
		end
	end
	if @AllowSession=1
	begin
        select @InstancesExists=COUNT(*) from ADM_Login with(nolock)
		where [GUID]!=''ACCESSRIGHTS'' and LCDBIndex=@LCDBIndex and LastAccessTime>=@CurrDate and UserID=@UserID  and AP =''WEB''  
         if (@Instances!=0 and @Instances<=@InstancesExists)
			set @AllowSession=2
		else
		    INSERT INTO ADM_Login([GUID],[SysName],IPAddress,[Status],LoginTime,LastAccessTime,AccessRights,UserID,DBIndex,LCDBIndex,AP)
		    VALUES(@GUID,''WEB'',''192.168.1.76'',1,convert(float,getdate()),convert(float,getdate()),null,@UserID,1,@LCDBIndex, ''WEB'')
	end
end

select @AllowSession AllowSession,@Instances Instances,@InstancesExists InstancesExists
'
 ,''
 ,1
[System: 192.168.1.76] DEBUG | 07/02/2026 13:00:49.536 | General Service|:: CompanyIndex:1 SpName: spADM_GetDataSet 
 'select * from COM_TokenHistory WITH(NOLOCK) where JwtToken=''eyJhbGciOiJIUzI1NiIsInR5cCI6IkpXVCJ9.eyJ1bmlxdWVfbmFtZSI6ImFkbWluLDEsMSwxIiwibmJmIjoxNzgyOTc3NDQ5LCJleHAiOjE3ODMwMDYyNDksImlhdCI6MTc4Mjk3NzQ0OX0.mWp9cMlgq1SGgCBokxDdv197IyH69_DbQZhVdiK8Dk8'''
 ,1
 ,1
[System: 192.168.1.76] DEBUG | 07/02/2026 13:00:49.646 | General Service|:: CompanyIndex:1 SpName: spADM_GetDataSet 
 'SELECT (SELECT COUNT(*) FROM COM_Location L WITH(NOLOCK) JOIN COM_Status S WITH(NOLOCK) ON S.StatusID=L.StatusID WHERE L.IsGroup=0 AND S.[Status]=''Active'') ML
,(SELECT COUNT(*) FROM ADM_Features WITH(NOLOCK) WHERE ((FeatureID>50000 AND FeatureID<=50050) OR FeatureID>=51000) AND IsEnabled=1) MD
,(SELECT ISNULL(COUNT(*),0) FROM ADM_RevenUReports WITH(NOLOCK) WHERE IsGroup=0 AND ReportID>10000 AND StaticReportType IN (0,-1)) MR'
 ,1
 ,1
[System: 192.168.1.76] DEBUG | 07/02/2026 13:00:49.646 | General Service|:: CompanyIndex:1 SpName: spADM_GetDataSet 
 'select * from COM_TokenHistory WITH(NOLOCK) where JwtToken=''eyJhbGciOiJIUzI1NiIsInR5cCI6IkpXVCJ9.eyJ1bmlxdWVfbmFtZSI6ImFkbWluLDEsMSwxIiwibmJmIjoxNzgyOTc3NDQ5LCJleHAiOjE3ODMwMDYyNDksImlhdCI6MTc4Mjk3NzQ0OX0.mWp9cMlgq1SGgCBokxDdv197IyH69_DbQZhVdiK8Dk8'''
 ,1
 ,1
[System: 192.168.1.76] DEBUG | 07/02/2026 13:00:49.677 | General Service|:: CompanyIndex:1 SpName: spADM_GetDataSet 
 'select ReportID, ReportName from ADM_RevenUReports WITH(NOLOCK)WHERE ReportID IN(30,10220,69,10257) '
 ,1
 ,1
[System: 192.168.1.76] DEBUG | 07/02/2026 13:00:49.677 | General Service|:: CompanyIndex:1 SpName: spADM_GetDataSet 
 'select * from COM_TokenHistory WITH(NOLOCK) where JwtToken=''eyJhbGciOiJIUzI1NiIsInR5cCI6IkpXVCJ9.eyJ1bmlxdWVfbmFtZSI6ImFkbWluLDEsMSwxIiwibmJmIjoxNzgyOTc3NDQ5LCJleHAiOjE3ODMwMDYyNDksImlhdCI6MTc4Mjk3NzQ0OX0.mWp9cMlgq1SGgCBokxDdv197IyH69_DbQZhVdiK8Dk8'''
 ,1
 ,1
[System: 192.168.1.76] DEBUG | 07/02/2026 13:00:49.740 | General Service|:: CompanyIndex:1 SpName: spRPT_GetUnApprovedDocsCount 
 ''
 ,'1'
 ,'1'
 ,1
[System: 192.168.1.76] DEBUG | 07/02/2026 13:00:49.740 | General Service|:: CompanyIndex:1 SpName: spADM_GetDataSet 
 'select * from COM_TokenHistory WITH(NOLOCK) where JwtToken=''eyJhbGciOiJIUzI1NiIsInR5cCI6IkpXVCJ9.eyJ1bmlxdWVfbmFtZSI6ImFkbWluLDEsMSwxIiwibmJmIjoxNzgyOTc3NDQ5LCJleHAiOjE3ODMwMDYyNDksImlhdCI6MTc4Mjk3NzQ0OX0.mWp9cMlgq1SGgCBokxDdv197IyH69_DbQZhVdiK8Dk8'''
 ,1
 ,1
[System: 192.168.1.76] DEBUG | 07/02/2026 13:00:49.771 | General Service|:: CompanyIndex:1 SpName: spCOM_ConfigValues 
 1
 ,'NotifTime'
 ,''
[System: 192.168.1.76] DEBUG | 07/02/2026 13:00:49.771 | General Service|:: CompanyIndex:1 SpName: spADM_GetDataSet 
 'select * from COM_TokenHistory WITH(NOLOCK) where JwtToken=''eyJhbGciOiJIUzI1NiIsInR5cCI6IkpXVCJ9.eyJ1bmlxdWVfbmFtZSI6ImFkbWluLDEsMSwxIiwibmJmIjoxNzgyOTc3NDQ5LCJleHAiOjE3ODMwMDYyNDksImlhdCI6MTc4Mjk3NzQ0OX0.mWp9cMlgq1SGgCBokxDdv197IyH69_DbQZhVdiK8Dk8'''
 ,1
 ,1
[System: 192.168.1.76] DEBUG | 07/02/2026 13:00:50.068 | General Service|:: CompanyIndex:1 SpName: spADM_GetRibbonView 
 1
 ,1
 ,1
 ,1
 ,0
 ,''
[System: 192.168.1.76] DEBUG | 07/02/2026 13:00:50.083 | General Service|:: CompanyIndex:1 SpName: spADM_GetDataSet 
 'select * from COM_TokenHistory WITH(NOLOCK) where JwtToken=''eyJhbGciOiJIUzI1NiIsInR5cCI6IkpXVCJ9.eyJ1bmlxdWVfbmFtZSI6ImFkbWluLDEsMSwxIiwibmJmIjoxNzgyOTc3NDQ5LCJleHAiOjE3ODMwMDYyNDksImlhdCI6MTc4Mjk3NzQ0OX0.mWp9cMlgq1SGgCBokxDdv197IyH69_DbQZhVdiK8Dk8'''
 ,1
 ,1
[System: 192.168.1.76] DEBUG | 07/02/2026 13:00:50.396 | General Service|:: CompanyIndex:1 SpName: spRPT_GetReport 
 2
 ,0
 ,'1'
 ,'1'
 ,1
[System: 192.168.1.76] DEBUG | 07/02/2026 13:00:50.396 | General Service|:: CompanyIndex:1 SpName: spADM_GetDataSet 
 'select * from COM_TokenHistory WITH(NOLOCK) where JwtToken=''eyJhbGciOiJIUzI1NiIsInR5cCI6IkpXVCJ9.eyJ1bmlxdWVfbmFtZSI6ImFkbWluLDEsMSwxIiwibmJmIjoxNzgyOTc3NDQ5LCJleHAiOjE3ODMwMDYyNDksImlhdCI6MTc4Mjk3NzQ0OX0.mWp9cMlgq1SGgCBokxDdv197IyH69_DbQZhVdiK8Dk8'''
 ,1
 ,1
[System: 192.168.1.76] DEBUG | 07/02/2026 13:00:50.427 | General Service|:: CompanyIndex:1 SpName: spADM_GetDashBoard 
 2
 ,0
 ,0
 ,'1'
 ,'1'
 ,1
[System: 192.168.1.76] DEBUG | 07/02/2026 13:00:50.427 | General Service|:: CompanyIndex:1 SpName: spADM_GetDataSet 
 'select * from COM_TokenHistory WITH(NOLOCK) where JwtToken=''eyJhbGciOiJIUzI1NiIsInR5cCI6IkpXVCJ9.eyJ1bmlxdWVfbmFtZSI6ImFkbWluLDEsMSwxIiwibmJmIjoxNzgyOTc3NDQ5LCJleHAiOjE3ODMwMDYyNDksImlhdCI6MTc4Mjk3NzQ0OX0.mWp9cMlgq1SGgCBokxDdv197IyH69_DbQZhVdiK8Dk8'''
 ,1
 ,1
[System: 192.168.1.76] DEBUG | 07/02/2026 13:00:50.458 | General Service|:: CompanyIndex:1 SpName: spCOM_ConfigValues 
 1
 ,'LandingDocs'
 ,'1'
[System: 192.168.1.76] DEBUG | 07/02/2026 13:00:50.458 | General Service|:: CompanyIndex:1 SpName: spADM_GetDataSet 
 'select * from COM_TokenHistory WITH(NOLOCK) where JwtToken=''eyJhbGciOiJIUzI1NiIsInR5cCI6IkpXVCJ9.eyJ1bmlxdWVfbmFtZSI6ImFkbWluLDEsMSwxIiwibmJmIjoxNzgyOTc3NDQ5LCJleHAiOjE3ODMwMDYyNDksImlhdCI6MTc4Mjk3NzQ0OX0.mWp9cMlgq1SGgCBokxDdv197IyH69_DbQZhVdiK8Dk8'''
 ,1
 ,1
[System: 192.168.1.76] DEBUG | 07/02/2026 13:00:50.521 | General Service|:: CompanyIndex:1 SpName: spCOM_GetFavorites 
 'GETLIST0'
 ,0
 ,'1'
 ,'1'
 ,1
[System: 192.168.1.76] DEBUG | 07/02/2026 13:00:50.521 | General Service|:: CompanyIndex:1 SpName: spADM_GetDataSet 
 'select * from COM_TokenHistory WITH(NOLOCK) where JwtToken=''eyJhbGciOiJIUzI1NiIsInR5cCI6IkpXVCJ9.eyJ1bmlxdWVfbmFtZSI6ImFkbWluLDEsMSwxIiwibmJmIjoxNzgyOTc3NDQ5LCJleHAiOjE3ODMwMDYyNDksImlhdCI6MTc4Mjk3NzQ0OX0.mWp9cMlgq1SGgCBokxDdv197IyH69_DbQZhVdiK8Dk8'''
 ,1
 ,1
[System: 192.168.1.76] DEBUG | 07/02/2026 13:00:50.849 | General Service|:: CompanyIndex:1 SpName: spADM_GetAllListViewsDef 
 1
 ,1
[System: 192.168.1.76] DEBUG | 07/02/2026 13:00:50.849 | General Service|:: CompanyIndex:1 SpName: spADM_GetDataSet 
 'select * from COM_TokenHistory WITH(NOLOCK) where JwtToken=''eyJhbGciOiJIUzI1NiIsInR5cCI6IkpXVCJ9.eyJ1bmlxdWVfbmFtZSI6ImFkbWluLDEsMSwxIiwibmJmIjoxNzgyOTc3NDQ5LCJleHAiOjE3ODMwMDYyNDksImlhdCI6MTc4Mjk3NzQ0OX0.mWp9cMlgq1SGgCBokxDdv197IyH69_DbQZhVdiK8Dk8'''
 ,1
 ,1
[System: 192.168.1.76] DEBUG | 07/02/2026 13:00:51.208 | General Service|:: CompanyIndex:1 SpName: spADM_GetAllListViewsDef 
 1
 ,1
[System: 192.168.1.76] DEBUG | 07/02/2026 13:00:51.208 | General Service|:: CompanyIndex:1 SpName: spADM_GetDataSet 
 'select * from COM_TokenHistory WITH(NOLOCK) where JwtToken=''eyJhbGciOiJIUzI1NiIsInR5cCI6IkpXVCJ9.eyJ1bmlxdWVfbmFtZSI6ImFkbWluLDEsMSwxIiwibmJmIjoxNzgyOTc3NDQ5LCJleHAiOjE3ODMwMDYyNDksImlhdCI6MTc4Mjk3NzQ0OX0.mWp9cMlgq1SGgCBokxDdv197IyH69_DbQZhVdiK8Dk8'''
 ,1
 ,1
[System: 192.168.1.54] DEBUG | 07/02/2026 13:00:51.364 | General Service|:: CompanyIndex:1 SpName: spADM_GetDataSet 
 'declare @UserID int,@RoleID int,@UserName NVARCHAR(100),@where nvarchar(max),@query nvarchar(max)
set @UserID=1
set @RoleID=1-- Employee:-1
SELECT @UserName=UserName From ADM_Users WITH(NOLOCK) WHERE UserID=@UserID
exec [fnGet_GetAssignedDims] @UserID,@RoleID,@where output
 create table #TblUsrWF(WID int,LevelID int,Type int,CtWef float,LvWef int)
EXEC spRPT_GetReportData @Type=8,@Param1=@UserID,@strXML=null,@RoleID=@RoleID set @query=''  SELECT DT.CostCenterID,DT.DocumentName,DT.DocumentType,DT.IsInventory,count(*) CNT
FROM (
 SELECT INV.CostCenterID
FROM INV_DocDetails INV with(nolock)''
if(@where<>'''')
	set @query=@query+'' join com_docccdata d with(nolock) on INV.INVDocDetailsid=d.INVDocDetailsid''	

set @query=@query+'' ,#TblUsrWF WF
WHERE WF.WID=INV.WorkflowID and (WF.LevelID>INV.WorkFlowLevel or (WF.LevelID+1=INV.WorkFlowLevel and INV.StatusID=372)) and (INV.StatusID=371 or INV.StatusID=372 or INV.StatusID=441) AND (WF.Type=1 or (INV.WorkFlowLevel+1=WF.LevelID and INV.StatusID!=372) or (WF.LevelID+1=INV.WorkFlowLevel and INV.StatusID=372) or (WF.CtWef is not null and INV.WorkFlowLevel>=WF.LvWef
and INV.CreatedDate+WF.CtWef<=convert(float,getdate())))  ''+@where+''
GROUP BY INV.CostCenterID,INV.VoucherNo
UNION ALL
SELECT ACC.CostCenterID
FROM ACC_DocDetails ACC with(nolock)''
if(@where<>'''')
	set @query=@query+'' join com_docccdata d with(nolock) on ACC.ACCDocDetailsid=d.ACCDocDetailsid''	

set @query=@query+'',#TblUsrWF WF
WHERE ACC.LinkedAccDocDetailsID is null and ACC.InvDocDetailsID is null and WF.WID=ACC.WorkflowID and (WF.LevelID>ACC.WorkFlowLevel or (WF.LevelID+1=ACC.WorkFlowLevel and ACC.StatusID=372)) and (ACC.StatusID=371 or ACC.StatusID=372 or ACC.StatusID=441) AND (WF.Type=1 or (ACC.WorkFlowLevel+1=WF.LevelID and ACC.StatusID!=372) or (WF.LevelID+1=ACC.WorkFlowLevel and ACC.StatusID=372) or (WF.CtWef is not null and ACC.WorkFlowLevel>=WF.LvWef
and ACC.CreatedDate+WF.CtWef<=convert(float,getdate())))   ''+@where+''
GROUP BY ACC.CostCenterID,ACC.VoucherNo  ) AS T
JOIN ADM_DocumentTypes DT with(nolock) ON T.CostCenterID=DT.CostCenterID
GROUP BY DT.CostCenterID,DT.DocumentName,DT.DocumentType,DT.IsInventory  
UNION ALL
SELECT DT.FeatureID CostCenterID,DT.Name DocumentName,-DT.FeatureID DocumentType,0 IsInventory,count(*) CNT
FROM (
SELECT INV.CostCenterID FROM REN_Contract INV WITH(NOLOCK),#TblUsrWF WF
WHERE  WF.WID=INV.WorkflowID and WF.LevelID>INV.WorkFlowLevel and (INV.StatusID=440 or INV.StatusID=470 or INV.StatusID=466) AND (WF.Type=1 or (INV.WorkFlowLevel+1=WF.LevelID and INV.StatusID!=470)  or (WF.CtWef is not null and INV.WorkFlowLevel>=WF.LvWef
 and INV.CreatedDate+WF.CtWef<=convert(float,getdate()))) AND INV.RefContractID=0 ) AS T
JOIN ADM_Features DT with(nolock) ON T.CostCenterID=DT.FeatureID
GROUP BY DT.FeatureID,DT.Name 
ORDER BY DocumentName''
exec(@query)

DROP TABLE #TblUsrWF
'
 ,1
 ,1
[System: 192.168.1.54] DEBUG | 07/02/2026 13:00:51.380 | General Service|:: CompanyIndex:1 SpName: spADM_GetDataSet 
 'select * from COM_TokenHistory WITH(NOLOCK) where JwtToken=''eyJhbGciOiJIUzI1NiIsInR5cCI6IkpXVCJ9.eyJ1bmlxdWVfbmFtZSI6ImFkbWluLDEsMSwxIiwibmJmIjoxNzgyOTc2NDE5LCJleHAiOjE3ODMwMDUyMTksImlhdCI6MTc4Mjk3NjQxOX0.BCzDZinKRm2uqURt9XZAKDZMQ1MbBm27dGC69ty9Dfo'''
 ,1
 ,1
[System: 192.168.1.76] DEBUG | 07/02/2026 13:00:51.380 | General Service|:: CompanyIndex:1 SpName: spADM_GetDataSet 
 'Select CostCenterID,CostCenterColID,CostCenterName,SysTableName,UserColumnName,SysColumnName,ISNULL(UserDefaultValue,'''') UserDefaultValue
From AdM_CostCenterDef WITH(NOLOCK)
Where SysColumnName IN(''CreditAccount'',''DebitAccount'',''ProductID'') 
AND CostCenterID>40000 AND CostCenterID<50000 

SELECT * FROM ADM_Features WITH(NOLOCK) '
 ,1
 ,1
[System: 192.168.1.76] DEBUG | 07/02/2026 13:00:51.380 | General Service|:: CompanyIndex:1 SpName: spADM_GetDataSet 
 'select * from COM_TokenHistory WITH(NOLOCK) where JwtToken=''eyJhbGciOiJIUzI1NiIsInR5cCI6IkpXVCJ9.eyJ1bmlxdWVfbmFtZSI6ImFkbWluLDEsMSwxIiwibmJmIjoxNzgyOTc3NDQ5LCJleHAiOjE3ODMwMDYyNDksImlhdCI6MTc4Mjk3NzQ0OX0.mWp9cMlgq1SGgCBokxDdv197IyH69_DbQZhVdiK8Dk8'''
 ,1
 ,1
[System: 192.168.1.76] DEBUG | 07/02/2026 13:00:51.458 | General Service|:: CompanyIndex:1 SpName: spADM_GetDataSet 
 '  SELECT * FROM PAY_PayrollPreferences WITH(NOLOCK) '
 ,1
 ,1
[System: 192.168.1.76] DEBUG | 07/02/2026 13:00:51.458 | General Service|:: CompanyIndex:1 SpName: spADM_GetDataSet 
 'select * from COM_TokenHistory WITH(NOLOCK) where JwtToken=''eyJhbGciOiJIUzI1NiIsInR5cCI6IkpXVCJ9.eyJ1bmlxdWVfbmFtZSI6ImFkbWluLDEsMSwxIiwibmJmIjoxNzgyOTc3NDQ5LCJleHAiOjE3ODMwMDYyNDksImlhdCI6MTc4Mjk3NzQ0OX0.mWp9cMlgq1SGgCBokxDdv197IyH69_DbQZhVdiK8Dk8'''
 ,1
 ,1
[System: 192.168.1.76] DEBUG | 07/02/2026 13:00:51.536 | General Service|:: CompanyIndex:1 SpName: spADM_GetDataSet 
 '  --0
                                Select * FROM COM_CC50051 WITH(NOLOCK) WHERE IsGroup=0 AND LoginUserID=''admin''
                                --1                                
                                Select * FROM COM_CC50051 WITH(NOLOCK) WHERE RptManager IN (Select NodeID FROM COM_CC50051 WITH(NOLOCK) WHERE IsGroup=0 AND LoginUserID=''admin'')
                                UNION ALL
                                Select * FROM COM_CC50051 WITH(NOLOCK) WHERE RptManager IN 
                                (
	                                Select NodeID FROM COM_CC50051 WITH(NOLOCK) 
	                                WHERE IsGroup=0 AND LoginUserID IN
	                                (
	                                SELECT fe.LoginUserID
	                                FROM INV_DocDetails a WITH(NOLOCK) 
	                                JOIN COM_DocCCData b WITH(NOLOCK) ON b.InvDocDetailsID=a.InvDocDetailsID
	                                JOIN COM_DocNumData c WITH(NOLOCK) ON c.InvDocDetailsID=a.InvDocDetailsID
	                                JOIN COM_DocTextData d WITH(NOLOCK) ON d.InvDocDetailsID=a.InvDocDetailsID
	                                JOIN COM_CC50051 fe WITH(NOLOCK) on fe.NodeID=b.dcCCNID51
	                                JOIN COM_CC50051 te WITH(NOLOCK) on CONVERT(NVARCHAR,te.NodeID)=d.dcAlpha1
	                                WHERE a.CostCenterID=40098 and a.StatusID=369 AND d.dcAlpha3=''Temporary''
	                                AND te.LoginUserID=''admin'' 
	                                AND ISDATE(d.dcAlpha4)=1 AND ISDATE(d.dcAlpha5)=1 
	                                AND CONVERT(DATETIME,''02 Jul 2026'') BETWEEN CONVERT(DATETIME,d.dcAlpha4) AND CONVERT(DATETIME,d.dcAlpha5)
	                                )
                                )
                                --2
                                Select * FROM ADM_USERS WITH(NOLOCK) WHERE USERID=1
                                --3
                                Select * FROM COM_CostCenterCostCenterMap WITH(NOLOCK) WHERE ParentCostCenterID=7 AND ParentNodeID=1
                                --4                                
                                Select * FROM COM_CostCenterCostCenterMap WITH(NOLOCK) WHERE ParentCostCenterID=7 AND ParentNodeID=1
                                AND CostCenterID IN(Select ColumnCostCenterID From ADM_CostCenterDef Where CostCenterID=50051 AND IsColumnInUse=1 AND SysColumnName LIKE ''CCNID%'')
                                --5
                                Select * from COM_Files WITH(NOLOCK) WHERE FeatureID=50051 AND FeaturePK IN (Select NodeID FROM COM_CC50051 WITH(NOLOCK) WHERE IsGroup=0 AND LoginUserID=''admin'')                         
'
 ,1
 ,1
[System: 192.168.1.76] DEBUG | 07/02/2026 13:00:51.536 | General Service|:: CompanyIndex:1 SpName: spADM_GetDataSet 
 'select * from COM_TokenHistory WITH(NOLOCK) where JwtToken=''eyJhbGciOiJIUzI1NiIsInR5cCI6IkpXVCJ9.eyJ1bmlxdWVfbmFtZSI6ImFkbWluLDEsMSwxIiwibmJmIjoxNzgyOTc3NDQ5LCJleHAiOjE3ODMwMDYyNDksImlhdCI6MTc4Mjk3NzQ0OX0.mWp9cMlgq1SGgCBokxDdv197IyH69_DbQZhVdiK8Dk8'''
 ,1
 ,1
[System: 192.168.1.76] DEBUG | 07/02/2026 13:00:51.567 | General Service|:: CompanyIndex:1 SpName: spADM_GetDataSet 
 'UPDATE C SET STATUSID=CASE WHEN ResignType=''Resigned'' THEN 302 WHEN ResignType=''Terminated With Cause'' THEN 303 WHEN ResignType=''Terminated Without Cause'' THEN 304 END 
                            FROM COM_CC50051 C WITH(NOLOCK)
                            WHERE ResignStatus=''Posted'' AND ResignType NOT IN(''Pending'',''Rejected'') 
                            AND DOResign IS NOT NULL AND DORelieve IS NOT NULL
                            AND STATUSID NOT IN(302,303,304)
                            AND DATEDIFF(D,GETDATE(),DORelieve)<0'
 ,1
 ,1
[System: 192.168.1.76] DEBUG | 07/02/2026 13:00:51.567 | General Service|:: CompanyIndex:1 SpName: spADM_GetDataSet 
 'select * from COM_TokenHistory WITH(NOLOCK) where JwtToken=''eyJhbGciOiJIUzI1NiIsInR5cCI6IkpXVCJ9.eyJ1bmlxdWVfbmFtZSI6ImFkbWluLDEsMSwxIiwibmJmIjoxNzgyOTc3NDQ5LCJleHAiOjE3ODMwMDYyNDksImlhdCI6MTc4Mjk3NzQ0OX0.mWp9cMlgq1SGgCBokxDdv197IyH69_DbQZhVdiK8Dk8'''
 ,1
 ,1
[System: 192.168.1.76] DEBUG | 07/02/2026 13:00:51.677 | General Service|:: CompanyIndex:1 SpName: spADM_GetDataSet 
 'select * from COM_TokenHistory WITH(NOLOCK) where JwtToken=''eyJhbGciOiJIUzI1NiIsInR5cCI6IkpXVCJ9.eyJ1bmlxdWVfbmFtZSI6ImFkbWluLDEsMSwxIiwibmJmIjoxNzgyOTc3NDQ5LCJleHAiOjE3ODMwMDYyNDksImlhdCI6MTc4Mjk3NzQ0OX0.mWp9cMlgq1SGgCBokxDdv197IyH69_DbQZhVdiK8Dk8'''
 ,1
 ,1
[System: 192.168.1.76] DEBUG | 07/02/2026 13:00:51.677 | General Service|:: CompanyIndex:1 SpName: spADM_GetDataSet 
 'declare @UserID int,@RoleID int,@UserName NVARCHAR(100),@where nvarchar(max),@query nvarchar(max)
set @UserID=1
set @RoleID=1-- Employee:-1
SELECT @UserName=UserName From ADM_Users WITH(NOLOCK) WHERE UserID=@UserID
exec [fnGet_GetAssignedDims] @UserID,@RoleID,@where output
 create table #TblUsrWF(WID int,LevelID int,Type int,CtWef float,LvWef int)
EXEC spRPT_GetReportData @Type=8,@Param1=@UserID,@strXML=null,@RoleID=@RoleID set @query=''  SELECT DT.CostCenterID,DT.DocumentName,DT.DocumentType,DT.IsInventory,count(*) CNT
FROM (
 SELECT INV.CostCenterID
FROM INV_DocDetails INV with(nolock)''
if(@where<>'''')
	set @query=@query+'' join com_docccdata d with(nolock) on INV.INVDocDetailsid=d.INVDocDetailsid''	

set @query=@query+'' ,#TblUsrWF WF
WHERE WF.WID=INV.WorkflowID and (WF.LevelID>INV.WorkFlowLevel or (WF.LevelID+1=INV.WorkFlowLevel and INV.StatusID=372)) and (INV.StatusID=371 or INV.StatusID=372 or INV.StatusID=441) AND (WF.Type=1 or (INV.WorkFlowLevel+1=WF.LevelID and INV.StatusID!=372) or (WF.LevelID+1=INV.WorkFlowLevel and INV.StatusID=372) or (WF.CtWef is not null and INV.WorkFlowLevel>=WF.LvWef
    and INV.CreatedDate+WF.CtWef<=convert(float,getdate())))  ''+@where+''
GROUP BY INV.CostCenterID,INV.VoucherNo
UNION ALL
SELECT ACC.CostCenterID
FROM ACC_DocDetails ACC with(nolock)''
if(@where<>'''')
	set @query=@query+'' join com_docccdata d with(nolock) on ACC.ACCDocDetailsid=d.ACCDocDetailsid''	

set @query=@query+'',#TblUsrWF WF
WHERE ACC.LinkedAccDocDetailsID is null and ACC.InvDocDetailsID is null and WF.WID=ACC.WorkflowID and (WF.LevelID>ACC.WorkFlowLevel or (WF.LevelID+1=ACC.WorkFlowLevel and ACC.StatusID=372)) and (ACC.StatusID=371 or ACC.StatusID=372 or ACC.StatusID=441) AND (WF.Type=1 or (ACC.WorkFlowLevel+1=WF.LevelID and ACC.StatusID!=372) or (WF.LevelID+1=ACC.WorkFlowLevel and ACC.StatusID=372) or (WF.CtWef is not null and ACC.WorkFlowLevel>=WF.LvWef
    and ACC.CreatedDate+WF.CtWef<=convert(float,getdate())))   ''+@where+''
GROUP BY ACC.CostCenterID,ACC.VoucherNo  ) AS T
JOIN ADM_DocumentTypes DT with(nolock) ON T.CostCenterID=DT.CostCenterID
GROUP BY DT.CostCenterID,DT.DocumentName,DT.DocumentType,DT.IsInventory  
UNION ALL
SELECT DT.FeatureID CostCenterID,DT.Name DocumentName,-DT.FeatureID DocumentType,0 IsInventory,count(*) CNT
FROM (
SELECT INV.CostCenterID FROM REN_Contract INV WITH(NOLOCK),#TblUsrWF WF
WHERE  WF.WID=INV.WorkflowID and WF.LevelID>INV.WorkFlowLevel and (INV.StatusID=440 or INV.StatusID=470 or INV.StatusID=466) AND (WF.Type=1 or (INV.WorkFlowLevel+1=WF.LevelID and INV.StatusID!=470)  or (WF.CtWef is not null and INV.WorkFlowLevel>=WF.LvWef
 and INV.CreatedDate+WF.CtWef<=convert(float,getdate()))) AND INV.RefContractID=0 ) AS T
JOIN ADM_Features DT with(nolock) ON T.CostCenterID=DT.FeatureID
GROUP BY DT.FeatureID,DT.Name 
ORDER BY DocumentName''
exec(@query)

DROP TABLE #TblUsrWF
'
 ,1
 ,1
[System: 192.168.1.76] DEBUG | 07/02/2026 13:00:51.677 | General Service|:: CompanyIndex:1 SpName: spADM_GetDataSet 
 'select * from COM_TokenHistory WITH(NOLOCK) where JwtToken=''eyJhbGciOiJIUzI1NiIsInR5cCI6IkpXVCJ9.eyJ1bmlxdWVfbmFtZSI6ImFkbWluLDEsMSwxIiwibmJmIjoxNzgyOTc3NDQ5LCJleHAiOjE3ODMwMDYyNDksImlhdCI6MTc4Mjk3NzQ0OX0.mWp9cMlgq1SGgCBokxDdv197IyH69_DbQZhVdiK8Dk8'''
 ,1
 ,1
[System: 192.168.1.76] DEBUG | 07/02/2026 13:00:52.427 | General Service|:: CompanyIndex:1 SpName: spCOM_GetFavorites 
 'GETLIST0'
 ,0
 ,'1'
 ,'1'
 ,1
[System: 192.168.1.76] DEBUG | 07/02/2026 13:00:52.442 | General Service|:: CompanyIndex:1 SpName: spADM_GetDataSet 
 'select * from COM_TokenHistory WITH(NOLOCK) where JwtToken=''eyJhbGciOiJIUzI1NiIsInR5cCI6IkpXVCJ9.eyJ1bmlxdWVfbmFtZSI6ImFkbWluLDEsMSwxIiwibmJmIjoxNzgyOTc3NDQ5LCJleHAiOjE3ODMwMDYyNDksImlhdCI6MTc4Mjk3NzQ0OX0.mWp9cMlgq1SGgCBokxDdv197IyH69_DbQZhVdiK8Dk8'''
 ,1
 ,1
[System: 192.168.1.76] DEBUG | 07/02/2026 13:00:52.848 | General Service|:: CompanyIndex:1 SpName: spCOM_GetFavorites 
 'VIEW'
 ,8
 ,'1'
 ,'1'
 ,1
[System: 192.168.1.76] DEBUG | 07/02/2026 13:00:52.848 | General Service|:: CompanyIndex:1 SpName: spADM_GetDataSet 
 'select * from COM_TokenHistory WITH(NOLOCK) where JwtToken=''eyJhbGciOiJIUzI1NiIsInR5cCI6IkpXVCJ9.eyJ1bmlxdWVfbmFtZSI6ImFkbWluLDEsMSwxIiwibmJmIjoxNzgyOTc3NDQ5LCJleHAiOjE3ODMwMDYyNDksImlhdCI6MTc4Mjk3NzQ0OX0.mWp9cMlgq1SGgCBokxDdv197IyH69_DbQZhVdiK8Dk8'''
 ,1
 ,1
[System: 192.168.1.54] DEBUG | 07/02/2026 13:00:53.832 | General Service|:: CompanyIndex:1 SpName: spADM_GetDataSet 
 'declare @UserID int,@RoleID int,@UserName NVARCHAR(100),@where nvarchar(max),@query nvarchar(max)
set @UserID=1
set @RoleID=1-- Employee:-1
SELECT @UserName=UserName From ADM_Users WITH(NOLOCK) WHERE UserID=@UserID
exec [fnGet_GetAssignedDims] @UserID,@RoleID,@where output
 create table #TblUsrWF(WID int,LevelID int,Type int,CtWef float,LvWef int)
EXEC spRPT_GetReportData @Type=8,@Param1=@UserID,@strXML=null,@RoleID=@RoleID set @query=''  SELECT DT.CostCenterID,DT.DocumentName,DT.DocumentType,DT.IsInventory,count(*) CNT
FROM (
 SELECT INV.CostCenterID
FROM INV_DocDetails INV with(nolock)''
if(@where<>'''')
	set @query=@query+'' join com_docccdata d with(nolock) on INV.INVDocDetailsid=d.INVDocDetailsid''	

set @query=@query+'' ,#TblUsrWF WF
WHERE WF.WID=INV.WorkflowID and (WF.LevelID>INV.WorkFlowLevel or (WF.LevelID+1=INV.WorkFlowLevel and INV.StatusID=372)) and (INV.StatusID=371 or INV.StatusID=372 or INV.StatusID=441) AND (WF.Type=1 or (INV.WorkFlowLevel+1=WF.LevelID and INV.StatusID!=372) or (WF.LevelID+1=INV.WorkFlowLevel and INV.StatusID=372) or (WF.CtWef is not null and INV.WorkFlowLevel>=WF.LvWef
and INV.CreatedDate+WF.CtWef<=convert(float,getdate())))  ''+@where+''
GROUP BY INV.CostCenterID,INV.VoucherNo
UNION ALL
SELECT ACC.CostCenterID
FROM ACC_DocDetails ACC with(nolock)''
if(@where<>'''')
	set @query=@query+'' join com_docccdata d with(nolock) on ACC.ACCDocDetailsid=d.ACCDocDetailsid''	

set @query=@query+'',#TblUsrWF WF
WHERE ACC.LinkedAccDocDetailsID is null and ACC.InvDocDetailsID is null and WF.WID=ACC.WorkflowID and (WF.LevelID>ACC.WorkFlowLevel or (WF.LevelID+1=ACC.WorkFlowLevel and ACC.StatusID=372)) and (ACC.StatusID=371 or ACC.StatusID=372 or ACC.StatusID=441) AND (WF.Type=1 or (ACC.WorkFlowLevel+1=WF.LevelID and ACC.StatusID!=372) or (WF.LevelID+1=ACC.WorkFlowLevel and ACC.StatusID=372) or (WF.CtWef is not null and ACC.WorkFlowLevel>=WF.LvWef
and ACC.CreatedDate+WF.CtWef<=convert(float,getdate())))   ''+@where+''
GROUP BY ACC.CostCenterID,ACC.VoucherNo  ) AS T
JOIN ADM_DocumentTypes DT with(nolock) ON T.CostCenterID=DT.CostCenterID
GROUP BY DT.CostCenterID,DT.DocumentName,DT.DocumentType,DT.IsInventory  
UNION ALL
SELECT DT.FeatureID CostCenterID,DT.Name DocumentName,-DT.FeatureID DocumentType,0 IsInventory,count(*) CNT
FROM (
SELECT INV.CostCenterID FROM REN_Contract INV WITH(NOLOCK),#TblUsrWF WF
WHERE  WF.WID=INV.WorkflowID and WF.LevelID>INV.WorkFlowLevel and (INV.StatusID=440 or INV.StatusID=470 or INV.StatusID=466) AND (WF.Type=1 or (INV.WorkFlowLevel+1=WF.LevelID and INV.StatusID!=470)  or (WF.CtWef is not null and INV.WorkFlowLevel>=WF.LvWef
 and INV.CreatedDate+WF.CtWef<=convert(float,getdate()))) AND INV.RefContractID=0 ) AS T
JOIN ADM_Features DT with(nolock) ON T.CostCenterID=DT.FeatureID
GROUP BY DT.FeatureID,DT.Name 
ORDER BY DocumentName''
exec(@query)

DROP TABLE #TblUsrWF
'
 ,1
 ,1
[System: 192.168.1.54] DEBUG | 07/02/2026 13:00:53.848 | General Service|:: CompanyIndex:1 SpName: spADM_GetDataSet 
 'select * from COM_TokenHistory WITH(NOLOCK) where JwtToken=''eyJhbGciOiJIUzI1NiIsInR5cCI6IkpXVCJ9.eyJ1bmlxdWVfbmFtZSI6ImFkbWluLDEsMSwxIiwibmJmIjoxNzgyOTc2NDkyLCJleHAiOjE3ODMwMDUyOTIsImlhdCI6MTc4Mjk3NjQ5Mn0.UGzeBsXuSi_ASW564ATkMzxiPEfS_S0IdYiI1WXp6f0'''
 ,1
 ,1
[System: 192.168.1.54] DEBUG | 07/02/2026 13:01:52.305 | General Service|:: CompanyIndex:1 SpName: spADM_GetDataSet 
 'declare @UserID int,@RoleID int,@UserName NVARCHAR(100),@where nvarchar(max),@query nvarchar(max)
set @UserID=1
set @RoleID=1-- Employee:-1
SELECT @UserName=UserName From ADM_Users WITH(NOLOCK) WHERE UserID=@UserID
exec [fnGet_GetAssignedDims] @UserID,@RoleID,@where output
 create table #TblUsrWF(WID int,LevelID int,Type int,CtWef float,LvWef int)
EXEC spRPT_GetReportData @Type=8,@Param1=@UserID,@strXML=null,@RoleID=@RoleID set @query=''  SELECT DT.CostCenterID,DT.DocumentName,DT.DocumentType,DT.IsInventory,count(*) CNT
FROM (
 SELECT INV.CostCenterID
FROM INV_DocDetails INV with(nolock)''
if(@where<>'''')
	set @query=@query+'' join com_docccdata d with(nolock) on INV.INVDocDetailsid=d.INVDocDetailsid''	

set @query=@query+'' ,#TblUsrWF WF
WHERE WF.WID=INV.WorkflowID and (WF.LevelID>INV.WorkFlowLevel or (WF.LevelID+1=INV.WorkFlowLevel and INV.StatusID=372)) and (INV.StatusID=371 or INV.StatusID=372 or INV.StatusID=441) AND (WF.Type=1 or (INV.WorkFlowLevel+1=WF.LevelID and INV.StatusID!=372) or (WF.LevelID+1=INV.WorkFlowLevel and INV.StatusID=372) or (WF.CtWef is not null and INV.WorkFlowLevel>=WF.LvWef
and INV.CreatedDate+WF.CtWef<=convert(float,getdate())))  ''+@where+''
GROUP BY INV.CostCenterID,INV.VoucherNo
UNION ALL
SELECT ACC.CostCenterID
FROM ACC_DocDetails ACC with(nolock)''
if(@where<>'''')
	set @query=@query+'' join com_docccdata d with(nolock) on ACC.ACCDocDetailsid=d.ACCDocDetailsid''	

set @query=@query+'',#TblUsrWF WF
WHERE ACC.LinkedAccDocDetailsID is null and ACC.InvDocDetailsID is null and WF.WID=ACC.WorkflowID and (WF.LevelID>ACC.WorkFlowLevel or (WF.LevelID+1=ACC.WorkFlowLevel and ACC.StatusID=372)) and (ACC.StatusID=371 or ACC.StatusID=372 or ACC.StatusID=441) AND (WF.Type=1 or (ACC.WorkFlowLevel+1=WF.LevelID and ACC.StatusID!=372) or (WF.LevelID+1=ACC.WorkFlowLevel and ACC.StatusID=372) or (WF.CtWef is not null and ACC.WorkFlowLevel>=WF.LvWef
and ACC.CreatedDate+WF.CtWef<=convert(float,getdate())))   ''+@where+''
GROUP BY ACC.CostCenterID,ACC.VoucherNo  ) AS T
JOIN ADM_DocumentTypes DT with(nolock) ON T.CostCenterID=DT.CostCenterID
GROUP BY DT.CostCenterID,DT.DocumentName,DT.DocumentType,DT.IsInventory  
UNION ALL
SELECT DT.FeatureID CostCenterID,DT.Name DocumentName,-DT.FeatureID DocumentType,0 IsInventory,count(*) CNT
FROM (
SELECT INV.CostCenterID FROM REN_Contract INV WITH(NOLOCK),#TblUsrWF WF
WHERE  WF.WID=INV.WorkflowID and WF.LevelID>INV.WorkFlowLevel and (INV.StatusID=440 or INV.StatusID=470 or INV.StatusID=466) AND (WF.Type=1 or (INV.WorkFlowLevel+1=WF.LevelID and INV.StatusID!=470)  or (WF.CtWef is not null and INV.WorkFlowLevel>=WF.LvWef
 and INV.CreatedDate+WF.CtWef<=convert(float,getdate()))) AND INV.RefContractID=0 ) AS T
JOIN ADM_Features DT with(nolock) ON T.CostCenterID=DT.FeatureID
GROUP BY DT.FeatureID,DT.Name 
ORDER BY DocumentName''
exec(@query)

DROP TABLE #TblUsrWF
'
 ,1
 ,1
[System: 192.168.1.54] DEBUG | 07/02/2026 13:01:52.305 | General Service|:: CompanyIndex:1 SpName: spADM_GetDataSet 
 'select * from COM_TokenHistory WITH(NOLOCK) where JwtToken=''eyJhbGciOiJIUzI1NiIsInR5cCI6IkpXVCJ9.eyJ1bmlxdWVfbmFtZSI6ImFkbWluLDEsMSwxIiwibmJmIjoxNzgyOTc2NDE5LCJleHAiOjE3ODMwMDUyMTksImlhdCI6MTc4Mjk3NjQxOX0.BCzDZinKRm2uqURt9XZAKDZMQ1MbBm27dGC69ty9Dfo'''
 ,1
 ,1
[System: 192.168.1.76] DEBUG | 07/02/2026 13:01:52.586 | General Service|:: CompanyIndex:1 SpName: spADM_GetDataSet 
 'declare @UserID int,@RoleID int,@UserName NVARCHAR(100),@where nvarchar(max),@query nvarchar(max)
set @UserID=1
set @RoleID=1-- Employee:-1
SELECT @UserName=UserName From ADM_Users WITH(NOLOCK) WHERE UserID=@UserID
exec [fnGet_GetAssignedDims] @UserID,@RoleID,@where output
 create table #TblUsrWF(WID int,LevelID int,Type int,CtWef float,LvWef int)
EXEC spRPT_GetReportData @Type=8,@Param1=@UserID,@strXML=null,@RoleID=@RoleID set @query=''  SELECT DT.CostCenterID,DT.DocumentName,DT.DocumentType,DT.IsInventory,count(*) CNT
FROM (
 SELECT INV.CostCenterID
FROM INV_DocDetails INV with(nolock)''
if(@where<>'''')
	set @query=@query+'' join com_docccdata d with(nolock) on INV.INVDocDetailsid=d.INVDocDetailsid''	

set @query=@query+'' ,#TblUsrWF WF
WHERE WF.WID=INV.WorkflowID and (WF.LevelID>INV.WorkFlowLevel or (WF.LevelID+1=INV.WorkFlowLevel and INV.StatusID=372)) and (INV.StatusID=371 or INV.StatusID=372 or INV.StatusID=441) AND (WF.Type=1 or (INV.WorkFlowLevel+1=WF.LevelID and INV.StatusID!=372) or (WF.LevelID+1=INV.WorkFlowLevel and INV.StatusID=372) or (WF.CtWef is not null and INV.WorkFlowLevel>=WF.LvWef
    and INV.CreatedDate+WF.CtWef<=convert(float,getdate())))  ''+@where+''
GROUP BY INV.CostCenterID,INV.VoucherNo
UNION ALL
SELECT ACC.CostCenterID
FROM ACC_DocDetails ACC with(nolock)''
if(@where<>'''')
	set @query=@query+'' join com_docccdata d with(nolock) on ACC.ACCDocDetailsid=d.ACCDocDetailsid''	

set @query=@query+'',#TblUsrWF WF
WHERE ACC.LinkedAccDocDetailsID is null and ACC.InvDocDetailsID is null and WF.WID=ACC.WorkflowID and (WF.LevelID>ACC.WorkFlowLevel or (WF.LevelID+1=ACC.WorkFlowLevel and ACC.StatusID=372)) and (ACC.StatusID=371 or ACC.StatusID=372 or ACC.StatusID=441) AND (WF.Type=1 or (ACC.WorkFlowLevel+1=WF.LevelID and ACC.StatusID!=372) or (WF.LevelID+1=ACC.WorkFlowLevel and ACC.StatusID=372) or (WF.CtWef is not null and ACC.WorkFlowLevel>=WF.LvWef
    and ACC.CreatedDate+WF.CtWef<=convert(float,getdate())))   ''+@where+''
GROUP BY ACC.CostCenterID,ACC.VoucherNo  ) AS T
JOIN ADM_DocumentTypes DT with(nolock) ON T.CostCenterID=DT.CostCenterID
GROUP BY DT.CostCenterID,DT.DocumentName,DT.DocumentType,DT.IsInventory  
UNION ALL
SELECT DT.FeatureID CostCenterID,DT.Name DocumentName,-DT.FeatureID DocumentType,0 IsInventory,count(*) CNT
FROM (
SELECT INV.CostCenterID FROM REN_Contract INV WITH(NOLOCK),#TblUsrWF WF
WHERE  WF.WID=INV.WorkflowID and WF.LevelID>INV.WorkFlowLevel and (INV.StatusID=440 or INV.StatusID=470 or INV.StatusID=466) AND (WF.Type=1 or (INV.WorkFlowLevel+1=WF.LevelID and INV.StatusID!=470)  or (WF.CtWef is not null and INV.WorkFlowLevel>=WF.LvWef
 and INV.CreatedDate+WF.CtWef<=convert(float,getdate()))) AND INV.RefContractID=0 ) AS T
JOIN ADM_Features DT with(nolock) ON T.CostCenterID=DT.FeatureID
GROUP BY DT.FeatureID,DT.Name 
ORDER BY DocumentName''
exec(@query)

DROP TABLE #TblUsrWF
'
 ,1
 ,1
[System: 192.168.1.76] DEBUG | 07/02/2026 13:01:52.586 | General Service|:: CompanyIndex:1 SpName: spADM_GetDataSet 
 'select * from COM_TokenHistory WITH(NOLOCK) where JwtToken=''eyJhbGciOiJIUzI1NiIsInR5cCI6IkpXVCJ9.eyJ1bmlxdWVfbmFtZSI6ImFkbWluLDEsMSwxIiwibmJmIjoxNzgyOTc3NDQ5LCJleHAiOjE3ODMwMDYyNDksImlhdCI6MTc4Mjk3NzQ0OX0.mWp9cMlgq1SGgCBokxDdv197IyH69_DbQZhVdiK8Dk8'''
 ,1
 ,1
[System: 192.168.1.54] DEBUG | 07/02/2026 13:01:53.851 | General Service|:: CompanyIndex:1 SpName: spADM_GetDataSet 
 'declare @UserID int,@RoleID int,@UserName NVARCHAR(100),@where nvarchar(max),@query nvarchar(max)
set @UserID=1
set @RoleID=1-- Employee:-1
SELECT @UserName=UserName From ADM_Users WITH(NOLOCK) WHERE UserID=@UserID
exec [fnGet_GetAssignedDims] @UserID,@RoleID,@where output
 create table #TblUsrWF(WID int,LevelID int,Type int,CtWef float,LvWef int)
EXEC spRPT_GetReportData @Type=8,@Param1=@UserID,@strXML=null,@RoleID=@RoleID set @query=''  SELECT DT.CostCenterID,DT.DocumentName,DT.DocumentType,DT.IsInventory,count(*) CNT
FROM (
 SELECT INV.CostCenterID
FROM INV_DocDetails INV with(nolock)''
if(@where<>'''')
	set @query=@query+'' join com_docccdata d with(nolock) on INV.INVDocDetailsid=d.INVDocDetailsid''	

set @query=@query+'' ,#TblUsrWF WF
WHERE WF.WID=INV.WorkflowID and (WF.LevelID>INV.WorkFlowLevel or (WF.LevelID+1=INV.WorkFlowLevel and INV.StatusID=372)) and (INV.StatusID=371 or INV.StatusID=372 or INV.StatusID=441) AND (WF.Type=1 or (INV.WorkFlowLevel+1=WF.LevelID and INV.StatusID!=372) or (WF.LevelID+1=INV.WorkFlowLevel and INV.StatusID=372) or (WF.CtWef is not null and INV.WorkFlowLevel>=WF.LvWef
and INV.CreatedDate+WF.CtWef<=convert(float,getdate())))  ''+@where+''
GROUP BY INV.CostCenterID,INV.VoucherNo
UNION ALL
SELECT ACC.CostCenterID
FROM ACC_DocDetails ACC with(nolock)''
if(@where<>'''')
	set @query=@query+'' join com_docccdata d with(nolock) on ACC.ACCDocDetailsid=d.ACCDocDetailsid''	

set @query=@query+'',#TblUsrWF WF
WHERE ACC.LinkedAccDocDetailsID is null and ACC.InvDocDetailsID is null and WF.WID=ACC.WorkflowID and (WF.LevelID>ACC.WorkFlowLevel or (WF.LevelID+1=ACC.WorkFlowLevel and ACC.StatusID=372)) and (ACC.StatusID=371 or ACC.StatusID=372 or ACC.StatusID=441) AND (WF.Type=1 or (ACC.WorkFlowLevel+1=WF.LevelID and ACC.StatusID!=372) or (WF.LevelID+1=ACC.WorkFlowLevel and ACC.StatusID=372) or (WF.CtWef is not null and ACC.WorkFlowLevel>=WF.LvWef
and ACC.CreatedDate+WF.CtWef<=convert(float,getdate())))   ''+@where+''
GROUP BY ACC.CostCenterID,ACC.VoucherNo  ) AS T
JOIN ADM_DocumentTypes DT with(nolock) ON T.CostCenterID=DT.CostCenterID
GROUP BY DT.CostCenterID,DT.DocumentName,DT.DocumentType,DT.IsInventory  
UNION ALL
SELECT DT.FeatureID CostCenterID,DT.Name DocumentName,-DT.FeatureID DocumentType,0 IsInventory,count(*) CNT
FROM (
SELECT INV.CostCenterID FROM REN_Contract INV WITH(NOLOCK),#TblUsrWF WF
WHERE  WF.WID=INV.WorkflowID and WF.LevelID>INV.WorkFlowLevel and (INV.StatusID=440 or INV.StatusID=470 or INV.StatusID=466) AND (WF.Type=1 or (INV.WorkFlowLevel+1=WF.LevelID and INV.StatusID!=470)  or (WF.CtWef is not null and INV.WorkFlowLevel>=WF.LvWef
 and INV.CreatedDate+WF.CtWef<=convert(float,getdate()))) AND INV.RefContractID=0 ) AS T
JOIN ADM_Features DT with(nolock) ON T.CostCenterID=DT.FeatureID
GROUP BY DT.FeatureID,DT.Name 
ORDER BY DocumentName''
exec(@query)

DROP TABLE #TblUsrWF
'
 ,1
 ,1
[System: 192.168.1.54] DEBUG | 07/02/2026 13:01:53.867 | General Service|:: CompanyIndex:1 SpName: spADM_GetDataSet 
 'select * from COM_TokenHistory WITH(NOLOCK) where JwtToken=''eyJhbGciOiJIUzI1NiIsInR5cCI6IkpXVCJ9.eyJ1bmlxdWVfbmFtZSI6ImFkbWluLDEsMSwxIiwibmJmIjoxNzgyOTc2NDkyLCJleHAiOjE3ODMwMDUyOTIsImlhdCI6MTc4Mjk3NjQ5Mn0.UGzeBsXuSi_ASW564ATkMzxiPEfS_S0IdYiI1WXp6f0'''
 ,1
 ,1
[System: 192.168.1.76] DEBUG | 07/02/2026 13:02:52.091 | General Service|:: CompanyIndex:1 SpName: spADM_GetDataSet 
 'declare @UserID int,@RoleID int,@UserName NVARCHAR(100),@where nvarchar(max),@query nvarchar(max)
set @UserID=1
set @RoleID=1-- Employee:-1
SELECT @UserName=UserName From ADM_Users WITH(NOLOCK) WHERE UserID=@UserID
exec [fnGet_GetAssignedDims] @UserID,@RoleID,@where output
 create table #TblUsrWF(WID int,LevelID int,Type int,CtWef float,LvWef int)
EXEC spRPT_GetReportData @Type=8,@Param1=@UserID,@strXML=null,@RoleID=@RoleID set @query=''  SELECT DT.CostCenterID,DT.DocumentName,DT.DocumentType,DT.IsInventory,count(*) CNT
FROM (
 SELECT INV.CostCenterID
FROM INV_DocDetails INV with(nolock)''
if(@where<>'''')
	set @query=@query+'' join com_docccdata d with(nolock) on INV.INVDocDetailsid=d.INVDocDetailsid''	

set @query=@query+'' ,#TblUsrWF WF
WHERE WF.WID=INV.WorkflowID and (WF.LevelID>INV.WorkFlowLevel or (WF.LevelID+1=INV.WorkFlowLevel and INV.StatusID=372)) and (INV.StatusID=371 or INV.StatusID=372 or INV.StatusID=441) AND (WF.Type=1 or (INV.WorkFlowLevel+1=WF.LevelID and INV.StatusID!=372) or (WF.LevelID+1=INV.WorkFlowLevel and INV.StatusID=372) or (WF.CtWef is not null and INV.WorkFlowLevel>=WF.LvWef
    and INV.CreatedDate+WF.CtWef<=convert(float,getdate())))  ''+@where+''
GROUP BY INV.CostCenterID,INV.VoucherNo
UNION ALL
SELECT ACC.CostCenterID
FROM ACC_DocDetails ACC with(nolock)''
if(@where<>'''')
	set @query=@query+'' join com_docccdata d with(nolock) on ACC.ACCDocDetailsid=d.ACCDocDetailsid''	

set @query=@query+'',#TblUsrWF WF
WHERE ACC.LinkedAccDocDetailsID is null and ACC.InvDocDetailsID is null and WF.WID=ACC.WorkflowID and (WF.LevelID>ACC.WorkFlowLevel or (WF.LevelID+1=ACC.WorkFlowLevel and ACC.StatusID=372)) and (ACC.StatusID=371 or ACC.StatusID=372 or ACC.StatusID=441) AND (WF.Type=1 or (ACC.WorkFlowLevel+1=WF.LevelID and ACC.StatusID!=372) or (WF.LevelID+1=ACC.WorkFlowLevel and ACC.StatusID=372) or (WF.CtWef is not null and ACC.WorkFlowLevel>=WF.LvWef
    and ACC.CreatedDate+WF.CtWef<=convert(float,getdate())))   ''+@where+''
GROUP BY ACC.CostCenterID,ACC.VoucherNo  ) AS T
JOIN ADM_DocumentTypes DT with(nolock) ON T.CostCenterID=DT.CostCenterID
GROUP BY DT.CostCenterID,DT.DocumentName,DT.DocumentType,DT.IsInventory  
UNION ALL
SELECT DT.FeatureID CostCenterID,DT.Name DocumentName,-DT.FeatureID DocumentType,0 IsInventory,count(*) CNT
FROM (
SELECT INV.CostCenterID FROM REN_Contract INV WITH(NOLOCK),#TblUsrWF WF
WHERE  WF.WID=INV.WorkflowID and WF.LevelID>INV.WorkFlowLevel and (INV.StatusID=440 or INV.StatusID=470 or INV.StatusID=466) AND (WF.Type=1 or (INV.WorkFlowLevel+1=WF.LevelID and INV.StatusID!=470)  or (WF.CtWef is not null and INV.WorkFlowLevel>=WF.LvWef
 and INV.CreatedDate+WF.CtWef<=convert(float,getdate()))) AND INV.RefContractID=0 ) AS T
JOIN ADM_Features DT with(nolock) ON T.CostCenterID=DT.FeatureID
GROUP BY DT.FeatureID,DT.Name 
ORDER BY DocumentName''
exec(@query)

DROP TABLE #TblUsrWF
'
 ,1
 ,1
[System: 192.168.1.76] DEBUG | 07/02/2026 13:02:52.091 | General Service|:: CompanyIndex:1 SpName: spADM_GetDataSet 
 'select * from COM_TokenHistory WITH(NOLOCK) where JwtToken=''eyJhbGciOiJIUzI1NiIsInR5cCI6IkpXVCJ9.eyJ1bmlxdWVfbmFtZSI6ImFkbWluLDEsMSwxIiwibmJmIjoxNzgyOTc3NDQ5LCJleHAiOjE3ODMwMDYyNDksImlhdCI6MTc4Mjk3NzQ0OX0.mWp9cMlgq1SGgCBokxDdv197IyH69_DbQZhVdiK8Dk8'''
 ,1
 ,1
[System: 192.168.1.54] DEBUG | 07/02/2026 13:02:53.293 | General Service|:: CompanyIndex:1 SpName: spADM_GetDataSet 
 'declare @UserID int,@RoleID int,@UserName NVARCHAR(100),@where nvarchar(max),@query nvarchar(max)
set @UserID=1
set @RoleID=1-- Employee:-1
SELECT @UserName=UserName From ADM_Users WITH(NOLOCK) WHERE UserID=@UserID
exec [fnGet_GetAssignedDims] @UserID,@RoleID,@where output
 create table #TblUsrWF(WID int,LevelID int,Type int,CtWef float,LvWef int)
EXEC spRPT_GetReportData @Type=8,@Param1=@UserID,@strXML=null,@RoleID=@RoleID set @query=''  SELECT DT.CostCenterID,DT.DocumentName,DT.DocumentType,DT.IsInventory,count(*) CNT
FROM (
 SELECT INV.CostCenterID
FROM INV_DocDetails INV with(nolock)''
if(@where<>'''')
	set @query=@query+'' join com_docccdata d with(nolock) on INV.INVDocDetailsid=d.INVDocDetailsid''	

set @query=@query+'' ,#TblUsrWF WF
WHERE WF.WID=INV.WorkflowID and (WF.LevelID>INV.WorkFlowLevel or (WF.LevelID+1=INV.WorkFlowLevel and INV.StatusID=372)) and (INV.StatusID=371 or INV.StatusID=372 or INV.StatusID=441) AND (WF.Type=1 or (INV.WorkFlowLevel+1=WF.LevelID and INV.StatusID!=372) or (WF.LevelID+1=INV.WorkFlowLevel and INV.StatusID=372) or (WF.CtWef is not null and INV.WorkFlowLevel>=WF.LvWef
and INV.CreatedDate+WF.CtWef<=convert(float,getdate())))  ''+@where+''
GROUP BY INV.CostCenterID,INV.VoucherNo
UNION ALL
SELECT ACC.CostCenterID
FROM ACC_DocDetails ACC with(nolock)''
if(@where<>'''')
	set @query=@query+'' join com_docccdata d with(nolock) on ACC.ACCDocDetailsid=d.ACCDocDetailsid''	

set @query=@query+'',#TblUsrWF WF
WHERE ACC.LinkedAccDocDetailsID is null and ACC.InvDocDetailsID is null and WF.WID=ACC.WorkflowID and (WF.LevelID>ACC.WorkFlowLevel or (WF.LevelID+1=ACC.WorkFlowLevel and ACC.StatusID=372)) and (ACC.StatusID=371 or ACC.StatusID=372 or ACC.StatusID=441) AND (WF.Type=1 or (ACC.WorkFlowLevel+1=WF.LevelID and ACC.StatusID!=372) or (WF.LevelID+1=ACC.WorkFlowLevel and ACC.StatusID=372) or (WF.CtWef is not null and ACC.WorkFlowLevel>=WF.LvWef
and ACC.CreatedDate+WF.CtWef<=convert(float,getdate())))   ''+@where+''
GROUP BY ACC.CostCenterID,ACC.VoucherNo  ) AS T
JOIN ADM_DocumentTypes DT with(nolock) ON T.CostCenterID=DT.CostCenterID
GROUP BY DT.CostCenterID,DT.DocumentName,DT.DocumentType,DT.IsInventory  
UNION ALL
SELECT DT.FeatureID CostCenterID,DT.Name DocumentName,-DT.FeatureID DocumentType,0 IsInventory,count(*) CNT
FROM (
SELECT INV.CostCenterID FROM REN_Contract INV WITH(NOLOCK),#TblUsrWF WF
WHERE  WF.WID=INV.WorkflowID and WF.LevelID>INV.WorkFlowLevel and (INV.StatusID=440 or INV.StatusID=470 or INV.StatusID=466) AND (WF.Type=1 or (INV.WorkFlowLevel+1=WF.LevelID and INV.StatusID!=470)  or (WF.CtWef is not null and INV.WorkFlowLevel>=WF.LvWef
 and INV.CreatedDate+WF.CtWef<=convert(float,getdate()))) AND INV.RefContractID=0 ) AS T
JOIN ADM_Features DT with(nolock) ON T.CostCenterID=DT.FeatureID
GROUP BY DT.FeatureID,DT.Name 
ORDER BY DocumentName''
exec(@query)

DROP TABLE #TblUsrWF
'
 ,1
 ,1
[System: 192.168.1.54] DEBUG | 07/02/2026 13:02:53.293 | General Service|:: CompanyIndex:1 SpName: spADM_GetDataSet 
 'select * from COM_TokenHistory WITH(NOLOCK) where JwtToken=''eyJhbGciOiJIUzI1NiIsInR5cCI6IkpXVCJ9.eyJ1bmlxdWVfbmFtZSI6ImFkbWluLDEsMSwxIiwibmJmIjoxNzgyOTc2NDE5LCJleHAiOjE3ODMwMDUyMTksImlhdCI6MTc4Mjk3NjQxOX0.BCzDZinKRm2uqURt9XZAKDZMQ1MbBm27dGC69ty9Dfo'''
 ,1
 ,1
[System: 192.168.1.54] DEBUG | 07/02/2026 13:02:53.840 | General Service|:: CompanyIndex:1 SpName: spADM_GetDataSet 
 'declare @UserID int,@RoleID int,@UserName NVARCHAR(100),@where nvarchar(max),@query nvarchar(max)
set @UserID=1
set @RoleID=1-- Employee:-1
SELECT @UserName=UserName From ADM_Users WITH(NOLOCK) WHERE UserID=@UserID
exec [fnGet_GetAssignedDims] @UserID,@RoleID,@where output
 create table #TblUsrWF(WID int,LevelID int,Type int,CtWef float,LvWef int)
EXEC spRPT_GetReportData @Type=8,@Param1=@UserID,@strXML=null,@RoleID=@RoleID set @query=''  SELECT DT.CostCenterID,DT.DocumentName,DT.DocumentType,DT.IsInventory,count(*) CNT
FROM (
 SELECT INV.CostCenterID
FROM INV_DocDetails INV with(nolock)''
if(@where<>'''')
	set @query=@query+'' join com_docccdata d with(nolock) on INV.INVDocDetailsid=d.INVDocDetailsid''	

set @query=@query+'' ,#TblUsrWF WF
WHERE WF.WID=INV.WorkflowID and (WF.LevelID>INV.WorkFlowLevel or (WF.LevelID+1=INV.WorkFlowLevel and INV.StatusID=372)) and (INV.StatusID=371 or INV.StatusID=372 or INV.StatusID=441) AND (WF.Type=1 or (INV.WorkFlowLevel+1=WF.LevelID and INV.StatusID!=372) or (WF.LevelID+1=INV.WorkFlowLevel and INV.StatusID=372) or (WF.CtWef is not null and INV.WorkFlowLevel>=WF.LvWef
and INV.CreatedDate+WF.CtWef<=convert(float,getdate())))  ''+@where+''
GROUP BY INV.CostCenterID,INV.VoucherNo
UNION ALL
SELECT ACC.CostCenterID
FROM ACC_DocDetails ACC with(nolock)''
if(@where<>'''')
	set @query=@query+'' join com_docccdata d with(nolock) on ACC.ACCDocDetailsid=d.ACCDocDetailsid''	

set @query=@query+'',#TblUsrWF WF
WHERE ACC.LinkedAccDocDetailsID is null and ACC.InvDocDetailsID is null and WF.WID=ACC.WorkflowID and (WF.LevelID>ACC.WorkFlowLevel or (WF.LevelID+1=ACC.WorkFlowLevel and ACC.StatusID=372)) and (ACC.StatusID=371 or ACC.StatusID=372 or ACC.StatusID=441) AND (WF.Type=1 or (ACC.WorkFlowLevel+1=WF.LevelID and ACC.StatusID!=372) or (WF.LevelID+1=ACC.WorkFlowLevel and ACC.StatusID=372) or (WF.CtWef is not null and ACC.WorkFlowLevel>=WF.LvWef
and ACC.CreatedDate+WF.CtWef<=convert(float,getdate())))   ''+@where+''
GROUP BY ACC.CostCenterID,ACC.VoucherNo  ) AS T
JOIN ADM_DocumentTypes DT with(nolock) ON T.CostCenterID=DT.CostCenterID
GROUP BY DT.CostCenterID,DT.DocumentName,DT.DocumentType,DT.IsInventory  
UNION ALL
SELECT DT.FeatureID CostCenterID,DT.Name DocumentName,-DT.FeatureID DocumentType,0 IsInventory,count(*) CNT
FROM (
SELECT INV.CostCenterID FROM REN_Contract INV WITH(NOLOCK),#TblUsrWF WF
WHERE  WF.WID=INV.WorkflowID and WF.LevelID>INV.WorkFlowLevel and (INV.StatusID=440 or INV.StatusID=470 or INV.StatusID=466) AND (WF.Type=1 or (INV.WorkFlowLevel+1=WF.LevelID and INV.StatusID!=470)  or (WF.CtWef is not null and INV.WorkFlowLevel>=WF.LvWef
 and INV.CreatedDate+WF.CtWef<=convert(float,getdate()))) AND INV.RefContractID=0 ) AS T
JOIN ADM_Features DT with(nolock) ON T.CostCenterID=DT.FeatureID
GROUP BY DT.FeatureID,DT.Name 
ORDER BY DocumentName''
exec(@query)

DROP TABLE #TblUsrWF
'
 ,1
 ,1
[System: 192.168.1.54] DEBUG | 07/02/2026 13:02:53.840 | General Service|:: CompanyIndex:1 SpName: spADM_GetDataSet 
 'select * from COM_TokenHistory WITH(NOLOCK) where JwtToken=''eyJhbGciOiJIUzI1NiIsInR5cCI6IkpXVCJ9.eyJ1bmlxdWVfbmFtZSI6ImFkbWluLDEsMSwxIiwibmJmIjoxNzgyOTc2NDkyLCJleHAiOjE3ODMwMDUyOTIsImlhdCI6MTc4Mjk3NjQ5Mn0.UGzeBsXuSi_ASW564ATkMzxiPEfS_S0IdYiI1WXp6f0'''
 ,1
 ,1
[System: 192.168.1.54] DEBUG | 07/02/2026 13:03:40.220 | General Service|:: CompanyIndex:1 SpName: spCOM_ConfigValues 
 1
 ,'NotifTime'
 ,''
[System: 192.168.1.54] DEBUG | 07/02/2026 13:03:40.220 | General Service|:: CompanyIndex:1 SpName: spADM_GetDataSet 
 'select * from COM_TokenHistory WITH(NOLOCK) where JwtToken=''eyJhbGciOiJIUzI1NiIsInR5cCI6IkpXVCJ9.eyJ1bmlxdWVfbmFtZSI6ImFkbWluLDEsMSwxIiwibmJmIjoxNzgyOTc2NDE5LCJleHAiOjE3ODMwMDUyMTksImlhdCI6MTc4Mjk3NjQxOX0.BCzDZinKRm2uqURt9XZAKDZMQ1MbBm27dGC69ty9Dfo'''
 ,1
 ,1
[System: 192.168.1.76] DEBUG | 07/02/2026 13:03:52.483 | General Service|:: CompanyIndex:1 SpName: spADM_GetDataSet 
 'declare @UserID int,@RoleID int,@UserName NVARCHAR(100),@where nvarchar(max),@query nvarchar(max)
set @UserID=1
set @RoleID=1-- Employee:-1
SELECT @UserName=UserName From ADM_Users WITH(NOLOCK) WHERE UserID=@UserID
exec [fnGet_GetAssignedDims] @UserID,@RoleID,@where output
 create table #TblUsrWF(WID int,LevelID int,Type int,CtWef float,LvWef int)
EXEC spRPT_GetReportData @Type=8,@Param1=@UserID,@strXML=null,@RoleID=@RoleID set @query=''  SELECT DT.CostCenterID,DT.DocumentName,DT.DocumentType,DT.IsInventory,count(*) CNT
FROM (
 SELECT INV.CostCenterID
FROM INV_DocDetails INV with(nolock)''
if(@where<>'''')
	set @query=@query+'' join com_docccdata d with(nolock) on INV.INVDocDetailsid=d.INVDocDetailsid''	

set @query=@query+'' ,#TblUsrWF WF
WHERE WF.WID=INV.WorkflowID and (WF.LevelID>INV.WorkFlowLevel or (WF.LevelID+1=INV.WorkFlowLevel and INV.StatusID=372)) and (INV.StatusID=371 or INV.StatusID=372 or INV.StatusID=441) AND (WF.Type=1 or (INV.WorkFlowLevel+1=WF.LevelID and INV.StatusID!=372) or (WF.LevelID+1=INV.WorkFlowLevel and INV.StatusID=372) or (WF.CtWef is not null and INV.WorkFlowLevel>=WF.LvWef
    and INV.CreatedDate+WF.CtWef<=convert(float,getdate())))  ''+@where+''
GROUP BY INV.CostCenterID,INV.VoucherNo
UNION ALL
SELECT ACC.CostCenterID
FROM ACC_DocDetails ACC with(nolock)''
if(@where<>'''')
	set @query=@query+'' join com_docccdata d with(nolock) on ACC.ACCDocDetailsid=d.ACCDocDetailsid''	

set @query=@query+'',#TblUsrWF WF
WHERE ACC.LinkedAccDocDetailsID is null and ACC.InvDocDetailsID is null and WF.WID=ACC.WorkflowID and (WF.LevelID>ACC.WorkFlowLevel or (WF.LevelID+1=ACC.WorkFlowLevel and ACC.StatusID=372)) and (ACC.StatusID=371 or ACC.StatusID=372 or ACC.StatusID=441) AND (WF.Type=1 or (ACC.WorkFlowLevel+1=WF.LevelID and ACC.StatusID!=372) or (WF.LevelID+1=ACC.WorkFlowLevel and ACC.StatusID=372) or (WF.CtWef is not null and ACC.WorkFlowLevel>=WF.LvWef
    and ACC.CreatedDate+WF.CtWef<=convert(float,getdate())))   ''+@where+''
GROUP BY ACC.CostCenterID,ACC.VoucherNo  ) AS T
JOIN ADM_DocumentTypes DT with(nolock) ON T.CostCenterID=DT.CostCenterID
GROUP BY DT.CostCenterID,DT.DocumentName,DT.DocumentType,DT.IsInventory  
UNION ALL
SELECT DT.FeatureID CostCenterID,DT.Name DocumentName,-DT.FeatureID DocumentType,0 IsInventory,count(*) CNT
FROM (
SELECT INV.CostCenterID FROM REN_Contract INV WITH(NOLOCK),#TblUsrWF WF
WHERE  WF.WID=INV.WorkflowID and WF.LevelID>INV.WorkFlowLevel and (INV.StatusID=440 or INV.StatusID=470 or INV.StatusID=466) AND (WF.Type=1 or (INV.WorkFlowLevel+1=WF.LevelID and INV.StatusID!=470)  or (WF.CtWef is not null and INV.WorkFlowLevel>=WF.LvWef
 and INV.CreatedDate+WF.CtWef<=convert(float,getdate()))) AND INV.RefContractID=0 ) AS T
JOIN ADM_Features DT with(nolock) ON T.CostCenterID=DT.FeatureID
GROUP BY DT.FeatureID,DT.Name 
ORDER BY DocumentName''
exec(@query)

DROP TABLE #TblUsrWF
'
 ,1
 ,1
[System: 192.168.1.76] DEBUG | 07/02/2026 13:03:52.499 | General Service|:: CompanyIndex:1 SpName: spADM_GetDataSet 
 'select * from COM_TokenHistory WITH(NOLOCK) where JwtToken=''eyJhbGciOiJIUzI1NiIsInR5cCI6IkpXVCJ9.eyJ1bmlxdWVfbmFtZSI6ImFkbWluLDEsMSwxIiwibmJmIjoxNzgyOTc3NDQ5LCJleHAiOjE3ODMwMDYyNDksImlhdCI6MTc4Mjk3NzQ0OX0.mWp9cMlgq1SGgCBokxDdv197IyH69_DbQZhVdiK8Dk8'''
 ,1
 ,1
[System: 192.168.1.54] DEBUG | 07/02/2026 13:03:53.842 | General Service|:: CompanyIndex:1 SpName: spADM_GetDataSet 
 'declare @UserID int,@RoleID int,@UserName NVARCHAR(100),@where nvarchar(max),@query nvarchar(max)
set @UserID=1
set @RoleID=1-- Employee:-1
SELECT @UserName=UserName From ADM_Users WITH(NOLOCK) WHERE UserID=@UserID
exec [fnGet_GetAssignedDims] @UserID,@RoleID,@where output
 create table #TblUsrWF(WID int,LevelID int,Type int,CtWef float,LvWef int)
EXEC spRPT_GetReportData @Type=8,@Param1=@UserID,@strXML=null,@RoleID=@RoleID set @query=''  SELECT DT.CostCenterID,DT.DocumentName,DT.DocumentType,DT.IsInventory,count(*) CNT
FROM (
 SELECT INV.CostCenterID
FROM INV_DocDetails INV with(nolock)''
if(@where<>'''')
	set @query=@query+'' join com_docccdata d with(nolock) on INV.INVDocDetailsid=d.INVDocDetailsid''	

set @query=@query+'' ,#TblUsrWF WF
WHERE WF.WID=INV.WorkflowID and (WF.LevelID>INV.WorkFlowLevel or (WF.LevelID+1=INV.WorkFlowLevel and INV.StatusID=372)) and (INV.StatusID=371 or INV.StatusID=372 or INV.StatusID=441) AND (WF.Type=1 or (INV.WorkFlowLevel+1=WF.LevelID and INV.StatusID!=372) or (WF.LevelID+1=INV.WorkFlowLevel and INV.StatusID=372) or (WF.CtWef is not null and INV.WorkFlowLevel>=WF.LvWef
and INV.CreatedDate+WF.CtWef<=convert(float,getdate())))  ''+@where+''
GROUP BY INV.CostCenterID,INV.VoucherNo
UNION ALL
SELECT ACC.CostCenterID
FROM ACC_DocDetails ACC with(nolock)''
if(@where<>'''')
	set @query=@query+'' join com_docccdata d with(nolock) on ACC.ACCDocDetailsid=d.ACCDocDetailsid''	

set @query=@query+'',#TblUsrWF WF
WHERE ACC.LinkedAccDocDetailsID is null and ACC.InvDocDetailsID is null and WF.WID=ACC.WorkflowID and (WF.LevelID>ACC.WorkFlowLevel or (WF.LevelID+1=ACC.WorkFlowLevel and ACC.StatusID=372)) and (ACC.StatusID=371 or ACC.StatusID=372 or ACC.StatusID=441) AND (WF.Type=1 or (ACC.WorkFlowLevel+1=WF.LevelID and ACC.StatusID!=372) or (WF.LevelID+1=ACC.WorkFlowLevel and ACC.StatusID=372) or (WF.CtWef is not null and ACC.WorkFlowLevel>=WF.LvWef
and ACC.CreatedDate+WF.CtWef<=convert(float,getdate())))   ''+@where+''
GROUP BY ACC.CostCenterID,ACC.VoucherNo  ) AS T
JOIN ADM_DocumentTypes DT with(nolock) ON T.CostCenterID=DT.CostCenterID
GROUP BY DT.CostCenterID,DT.DocumentName,DT.DocumentType,DT.IsInventory  
UNION ALL
SELECT DT.FeatureID CostCenterID,DT.Name DocumentName,-DT.FeatureID DocumentType,0 IsInventory,count(*) CNT
FROM (
SELECT INV.CostCenterID FROM REN_Contract INV WITH(NOLOCK),#TblUsrWF WF
WHERE  WF.WID=INV.WorkflowID and WF.LevelID>INV.WorkFlowLevel and (INV.StatusID=440 or INV.StatusID=470 or INV.StatusID=466) AND (WF.Type=1 or (INV.WorkFlowLevel+1=WF.LevelID and INV.StatusID!=470)  or (WF.CtWef is not null and INV.WorkFlowLevel>=WF.LvWef
 and INV.CreatedDate+WF.CtWef<=convert(float,getdate()))) AND INV.RefContractID=0 ) AS T
JOIN ADM_Features DT with(nolock) ON T.CostCenterID=DT.FeatureID
GROUP BY DT.FeatureID,DT.Name 
ORDER BY DocumentName''
exec(@query)

DROP TABLE #TblUsrWF
'
 ,1
 ,1
[System: 192.168.1.54] DEBUG | 07/02/2026 13:03:53.842 | General Service|:: CompanyIndex:1 SpName: spADM_GetDataSet 
 'select * from COM_TokenHistory WITH(NOLOCK) where JwtToken=''eyJhbGciOiJIUzI1NiIsInR5cCI6IkpXVCJ9.eyJ1bmlxdWVfbmFtZSI6ImFkbWluLDEsMSwxIiwibmJmIjoxNzgyOTc2NDkyLCJleHAiOjE3ODMwMDUyOTIsImlhdCI6MTc4Mjk3NjQ5Mn0.UGzeBsXuSi_ASW564ATkMzxiPEfS_S0IdYiI1WXp6f0'''
 ,1
 ,1
[System: 192.168.1.54] DEBUG | 07/02/2026 13:03:54.201 | General Service|:: CompanyIndex:1 SpName: spADM_GetDataSet 
 'declare @UserID int,@RoleID int,@UserName NVARCHAR(100),@where nvarchar(max),@query nvarchar(max)
set @UserID=1
set @RoleID=1-- Employee:-1
SELECT @UserName=UserName From ADM_Users WITH(NOLOCK) WHERE UserID=@UserID
exec [fnGet_GetAssignedDims] @UserID,@RoleID,@where output
 create table #TblUsrWF(WID int,LevelID int,Type int,CtWef float,LvWef int)
EXEC spRPT_GetReportData @Type=8,@Param1=@UserID,@strXML=null,@RoleID=@RoleID set @query=''  SELECT DT.CostCenterID,DT.DocumentName,DT.DocumentType,DT.IsInventory,count(*) CNT
FROM (
 SELECT INV.CostCenterID
FROM INV_DocDetails INV with(nolock)''
if(@where<>'''')
	set @query=@query+'' join com_docccdata d with(nolock) on INV.INVDocDetailsid=d.INVDocDetailsid''	

set @query=@query+'' ,#TblUsrWF WF
WHERE WF.WID=INV.WorkflowID and (WF.LevelID>INV.WorkFlowLevel or (WF.LevelID+1=INV.WorkFlowLevel and INV.StatusID=372)) and (INV.StatusID=371 or INV.StatusID=372 or INV.StatusID=441) AND (WF.Type=1 or (INV.WorkFlowLevel+1=WF.LevelID and INV.StatusID!=372) or (WF.LevelID+1=INV.WorkFlowLevel and INV.StatusID=372) or (WF.CtWef is not null and INV.WorkFlowLevel>=WF.LvWef
and INV.CreatedDate+WF.CtWef<=convert(float,getdate())))  ''+@where+''
GROUP BY INV.CostCenterID,INV.VoucherNo
UNION ALL
SELECT ACC.CostCenterID
FROM ACC_DocDetails ACC with(nolock)''
if(@where<>'''')
	set @query=@query+'' join com_docccdata d with(nolock) on ACC.ACCDocDetailsid=d.ACCDocDetailsid''	

set @query=@query+'',#TblUsrWF WF
WHERE ACC.LinkedAccDocDetailsID is null and ACC.InvDocDetailsID is null and WF.WID=ACC.WorkflowID and (WF.LevelID>ACC.WorkFlowLevel or (WF.LevelID+1=ACC.WorkFlowLevel and ACC.StatusID=372)) and (ACC.StatusID=371 or ACC.StatusID=372 or ACC.StatusID=441) AND (WF.Type=1 or (ACC.WorkFlowLevel+1=WF.LevelID and ACC.StatusID!=372) or (WF.LevelID+1=ACC.WorkFlowLevel and ACC.StatusID=372) or (WF.CtWef is not null and ACC.WorkFlowLevel>=WF.LvWef
and ACC.CreatedDate+WF.CtWef<=convert(float,getdate())))   ''+@where+''
GROUP BY ACC.CostCenterID,ACC.VoucherNo  ) AS T
JOIN ADM_DocumentTypes DT with(nolock) ON T.CostCenterID=DT.CostCenterID
GROUP BY DT.CostCenterID,DT.DocumentName,DT.DocumentType,DT.IsInventory  
UNION ALL
SELECT DT.FeatureID CostCenterID,DT.Name DocumentName,-DT.FeatureID DocumentType,0 IsInventory,count(*) CNT
FROM (
SELECT INV.CostCenterID FROM REN_Contract INV WITH(NOLOCK),#TblUsrWF WF
WHERE  WF.WID=INV.WorkflowID and WF.LevelID>INV.WorkFlowLevel and (INV.StatusID=440 or INV.StatusID=470 or INV.StatusID=466) AND (WF.Type=1 or (INV.WorkFlowLevel+1=WF.LevelID and INV.StatusID!=470)  or (WF.CtWef is not null and INV.WorkFlowLevel>=WF.LvWef
 and INV.CreatedDate+WF.CtWef<=convert(float,getdate()))) AND INV.RefContractID=0 ) AS T
JOIN ADM_Features DT with(nolock) ON T.CostCenterID=DT.FeatureID
GROUP BY DT.FeatureID,DT.Name 
ORDER BY DocumentName''
exec(@query)

DROP TABLE #TblUsrWF
'
 ,1
 ,1
[System: 192.168.1.54] DEBUG | 07/02/2026 13:03:54.201 | General Service|:: CompanyIndex:1 SpName: spADM_GetDataSet 
 'select * from COM_TokenHistory WITH(NOLOCK) where JwtToken=''eyJhbGciOiJIUzI1NiIsInR5cCI6IkpXVCJ9.eyJ1bmlxdWVfbmFtZSI6ImFkbWluLDEsMSwxIiwibmJmIjoxNzgyOTc2NDE5LCJleHAiOjE3ODMwMDUyMTksImlhdCI6MTc4Mjk3NjQxOX0.BCzDZinKRm2uqURt9XZAKDZMQ1MbBm27dGC69ty9Dfo'''
 ,1
 ,1
[System: 192.168.1.54] DEBUG | 07/02/2026 13:04:52.735 | General Service|:: CompanyIndex:1 SpName: spCOM_ConfigValues 
 1
 ,'NotifTime'
 ,''
[System: 192.168.1.54] DEBUG | 07/02/2026 13:04:52.735 | General Service|:: CompanyIndex:1 SpName: spADM_GetDataSet 
 'select * from COM_TokenHistory WITH(NOLOCK) where JwtToken=''eyJhbGciOiJIUzI1NiIsInR5cCI6IkpXVCJ9.eyJ1bmlxdWVfbmFtZSI6ImFkbWluLDEsMSwxIiwibmJmIjoxNzgyOTc2NDkyLCJleHAiOjE3ODMwMDUyOTIsImlhdCI6MTc4Mjk3NjQ5Mn0.UGzeBsXuSi_ASW564ATkMzxiPEfS_S0IdYiI1WXp6f0'''
 ,1
 ,1
[System: 192.168.1.54] DEBUG | 07/02/2026 13:04:53.844 | General Service|:: CompanyIndex:1 SpName: spADM_GetDataSet 
 'declare @UserID int,@RoleID int,@UserName NVARCHAR(100),@where nvarchar(max),@query nvarchar(max)
set @UserID=1
set @RoleID=1-- Employee:-1
SELECT @UserName=UserName From ADM_Users WITH(NOLOCK) WHERE UserID=@UserID
exec [fnGet_GetAssignedDims] @UserID,@RoleID,@where output
 create table #TblUsrWF(WID int,LevelID int,Type int,CtWef float,LvWef int)
EXEC spRPT_GetReportData @Type=8,@Param1=@UserID,@strXML=null,@RoleID=@RoleID set @query=''  SELECT DT.CostCenterID,DT.DocumentName,DT.DocumentType,DT.IsInventory,count(*) CNT
FROM (
 SELECT INV.CostCenterID
FROM INV_DocDetails INV with(nolock)''
if(@where<>'''')
	set @query=@query+'' join com_docccdata d with(nolock) on INV.INVDocDetailsid=d.INVDocDetailsid''	

set @query=@query+'' ,#TblUsrWF WF
WHERE WF.WID=INV.WorkflowID and (WF.LevelID>INV.WorkFlowLevel or (WF.LevelID+1=INV.WorkFlowLevel and INV.StatusID=372)) and (INV.StatusID=371 or INV.StatusID=372 or INV.StatusID=441) AND (WF.Type=1 or (INV.WorkFlowLevel+1=WF.LevelID and INV.StatusID!=372) or (WF.LevelID+1=INV.WorkFlowLevel and INV.StatusID=372) or (WF.CtWef is not null and INV.WorkFlowLevel>=WF.LvWef
and INV.CreatedDate+WF.CtWef<=convert(float,getdate())))  ''+@where+''
GROUP BY INV.CostCenterID,INV.VoucherNo
UNION ALL
SELECT ACC.CostCenterID
FROM ACC_DocDetails ACC with(nolock)''
if(@where<>'''')
	set @query=@query+'' join com_docccdata d with(nolock) on ACC.ACCDocDetailsid=d.ACCDocDetailsid''	

set @query=@query+'',#TblUsrWF WF
WHERE ACC.LinkedAccDocDetailsID is null and ACC.InvDocDetailsID is null and WF.WID=ACC.WorkflowID and (WF.LevelID>ACC.WorkFlowLevel or (WF.LevelID+1=ACC.WorkFlowLevel and ACC.StatusID=372)) and (ACC.StatusID=371 or ACC.StatusID=372 or ACC.StatusID=441) AND (WF.Type=1 or (ACC.WorkFlowLevel+1=WF.LevelID and ACC.StatusID!=372) or (WF.LevelID+1=ACC.WorkFlowLevel and ACC.StatusID=372) or (WF.CtWef is not null and ACC.WorkFlowLevel>=WF.LvWef
and ACC.CreatedDate+WF.CtWef<=convert(float,getdate())))   ''+@where+''
GROUP BY ACC.CostCenterID,ACC.VoucherNo  ) AS T
JOIN ADM_DocumentTypes DT with(nolock) ON T.CostCenterID=DT.CostCenterID
GROUP BY DT.CostCenterID,DT.DocumentName,DT.DocumentType,DT.IsInventory  
UNION ALL
SELECT DT.FeatureID CostCenterID,DT.Name DocumentName,-DT.FeatureID DocumentType,0 IsInventory,count(*) CNT
FROM (
SELECT INV.CostCenterID FROM REN_Contract INV WITH(NOLOCK),#TblUsrWF WF
WHERE  WF.WID=INV.WorkflowID and WF.LevelID>INV.WorkFlowLevel and (INV.StatusID=440 or INV.StatusID=470 or INV.StatusID=466) AND (WF.Type=1 or (INV.WorkFlowLevel+1=WF.LevelID and INV.StatusID!=470)  or (WF.CtWef is not null and INV.WorkFlowLevel>=WF.LvWef
 and INV.CreatedDate+WF.CtWef<=convert(float,getdate()))) AND INV.RefContractID=0 ) AS T
JOIN ADM_Features DT with(nolock) ON T.CostCenterID=DT.FeatureID
GROUP BY DT.FeatureID,DT.Name 
ORDER BY DocumentName''
exec(@query)

DROP TABLE #TblUsrWF
'
 ,1
 ,1
[System: 192.168.1.54] DEBUG | 07/02/2026 13:04:53.844 | General Service|:: CompanyIndex:1 SpName: spADM_GetDataSet 
 'select * from COM_TokenHistory WITH(NOLOCK) where JwtToken=''eyJhbGciOiJIUzI1NiIsInR5cCI6IkpXVCJ9.eyJ1bmlxdWVfbmFtZSI6ImFkbWluLDEsMSwxIiwibmJmIjoxNzgyOTc2NDkyLCJleHAiOjE3ODMwMDUyOTIsImlhdCI6MTc4Mjk3NjQ5Mn0.UGzeBsXuSi_ASW564ATkMzxiPEfS_S0IdYiI1WXp6f0'''
 ,1
 ,1
[System: 192.168.1.54] DEBUG | 07/02/2026 13:04:55.297 | General Service|:: CompanyIndex:1 SpName: spADM_GetDataSet 
 'declare @UserID int,@RoleID int,@UserName NVARCHAR(100),@where nvarchar(max),@query nvarchar(max)
set @UserID=1
set @RoleID=1-- Employee:-1
SELECT @UserName=UserName From ADM_Users WITH(NOLOCK) WHERE UserID=@UserID
exec [fnGet_GetAssignedDims] @UserID,@RoleID,@where output
 create table #TblUsrWF(WID int,LevelID int,Type int,CtWef float,LvWef int)
EXEC spRPT_GetReportData @Type=8,@Param1=@UserID,@strXML=null,@RoleID=@RoleID set @query=''  SELECT DT.CostCenterID,DT.DocumentName,DT.DocumentType,DT.IsInventory,count(*) CNT
FROM (
 SELECT INV.CostCenterID
FROM INV_DocDetails INV with(nolock)''
if(@where<>'''')
	set @query=@query+'' join com_docccdata d with(nolock) on INV.INVDocDetailsid=d.INVDocDetailsid''	

set @query=@query+'' ,#TblUsrWF WF
WHERE WF.WID=INV.WorkflowID and (WF.LevelID>INV.WorkFlowLevel or (WF.LevelID+1=INV.WorkFlowLevel and INV.StatusID=372)) and (INV.StatusID=371 or INV.StatusID=372 or INV.StatusID=441) AND (WF.Type=1 or (INV.WorkFlowLevel+1=WF.LevelID and INV.StatusID!=372) or (WF.LevelID+1=INV.WorkFlowLevel and INV.StatusID=372) or (WF.CtWef is not null and INV.WorkFlowLevel>=WF.LvWef
and INV.CreatedDate+WF.CtWef<=convert(float,getdate())))  ''+@where+''
GROUP BY INV.CostCenterID,INV.VoucherNo
UNION ALL
SELECT ACC.CostCenterID
FROM ACC_DocDetails ACC with(nolock)''
if(@where<>'''')
	set @query=@query+'' join com_docccdata d with(nolock) on ACC.ACCDocDetailsid=d.ACCDocDetailsid''	

set @query=@query+'',#TblUsrWF WF
WHERE ACC.LinkedAccDocDetailsID is null and ACC.InvDocDetailsID is null and WF.WID=ACC.WorkflowID and (WF.LevelID>ACC.WorkFlowLevel or (WF.LevelID+1=ACC.WorkFlowLevel and ACC.StatusID=372)) and (ACC.StatusID=371 or ACC.StatusID=372 or ACC.StatusID=441) AND (WF.Type=1 or (ACC.WorkFlowLevel+1=WF.LevelID and ACC.StatusID!=372) or (WF.LevelID+1=ACC.WorkFlowLevel and ACC.StatusID=372) or (WF.CtWef is not null and ACC.WorkFlowLevel>=WF.LvWef
and ACC.CreatedDate+WF.CtWef<=convert(float,getdate())))   ''+@where+''
GROUP BY ACC.CostCenterID,ACC.VoucherNo  ) AS T
JOIN ADM_DocumentTypes DT with(nolock) ON T.CostCenterID=DT.CostCenterID
GROUP BY DT.CostCenterID,DT.DocumentName,DT.DocumentType,DT.IsInventory  
UNION ALL
SELECT DT.FeatureID CostCenterID,DT.Name DocumentName,-DT.FeatureID DocumentType,0 IsInventory,count(*) CNT
FROM (
SELECT INV.CostCenterID FROM REN_Contract INV WITH(NOLOCK),#TblUsrWF WF
WHERE  WF.WID=INV.WorkflowID and WF.LevelID>INV.WorkFlowLevel and (INV.StatusID=440 or INV.StatusID=470 or INV.StatusID=466) AND (WF.Type=1 or (INV.WorkFlowLevel+1=WF.LevelID and INV.StatusID!=470)  or (WF.CtWef is not null and INV.WorkFlowLevel>=WF.LvWef
 and INV.CreatedDate+WF.CtWef<=convert(float,getdate()))) AND INV.RefContractID=0 ) AS T
JOIN ADM_Features DT with(nolock) ON T.CostCenterID=DT.FeatureID
GROUP BY DT.FeatureID,DT.Name 
ORDER BY DocumentName''
exec(@query)

DROP TABLE #TblUsrWF
'
 ,1
 ,1
[System: 192.168.1.54] DEBUG | 07/02/2026 13:04:55.297 | General Service|:: CompanyIndex:1 SpName: spADM_GetDataSet 
 'select * from COM_TokenHistory WITH(NOLOCK) where JwtToken=''eyJhbGciOiJIUzI1NiIsInR5cCI6IkpXVCJ9.eyJ1bmlxdWVfbmFtZSI6ImFkbWluLDEsMSwxIiwibmJmIjoxNzgyOTc2NDE5LCJleHAiOjE3ODMwMDUyMTksImlhdCI6MTc4Mjk3NjQxOX0.BCzDZinKRm2uqURt9XZAKDZMQ1MbBm27dGC69ty9Dfo'''
 ,1
 ,1
[System: 192.168.1.76] DEBUG | 07/02/2026 13:05:20.650 | General Service|:: CompanyIndex:1 SpName: spADM_GetDataSet 
 'declare @UserID int,@RoleID int,@UserName NVARCHAR(100),@where nvarchar(max),@query nvarchar(max)
set @UserID=1
set @RoleID=1-- Employee:-1
SELECT @UserName=UserName From ADM_Users WITH(NOLOCK) WHERE UserID=@UserID
exec [fnGet_GetAssignedDims] @UserID,@RoleID,@where output
 create table #TblUsrWF(WID int,LevelID int,Type int,CtWef float,LvWef int)
EXEC spRPT_GetReportData @Type=8,@Param1=@UserID,@strXML=null,@RoleID=@RoleID set @query=''  SELECT DT.CostCenterID,DT.DocumentName,DT.DocumentType,DT.IsInventory,count(*) CNT
FROM (
 SELECT INV.CostCenterID
FROM INV_DocDetails INV with(nolock)''
if(@where<>'''')
	set @query=@query+'' join com_docccdata d with(nolock) on INV.INVDocDetailsid=d.INVDocDetailsid''	

set @query=@query+'' ,#TblUsrWF WF
WHERE WF.WID=INV.WorkflowID and (WF.LevelID>INV.WorkFlowLevel or (WF.LevelID+1=INV.WorkFlowLevel and INV.StatusID=372)) and (INV.StatusID=371 or INV.StatusID=372 or INV.StatusID=441) AND (WF.Type=1 or (INV.WorkFlowLevel+1=WF.LevelID and INV.StatusID!=372) or (WF.LevelID+1=INV.WorkFlowLevel and INV.StatusID=372) or (WF.CtWef is not null and INV.WorkFlowLevel>=WF.LvWef
    and INV.CreatedDate+WF.CtWef<=convert(float,getdate())))  ''+@where+''
GROUP BY INV.CostCenterID,INV.VoucherNo
UNION ALL
SELECT ACC.CostCenterID
FROM ACC_DocDetails ACC with(nolock)''
if(@where<>'''')
	set @query=@query+'' join com_docccdata d with(nolock) on ACC.ACCDocDetailsid=d.ACCDocDetailsid''	

set @query=@query+'',#TblUsrWF WF
WHERE ACC.LinkedAccDocDetailsID is null and ACC.InvDocDetailsID is null and WF.WID=ACC.WorkflowID and (WF.LevelID>ACC.WorkFlowLevel or (WF.LevelID+1=ACC.WorkFlowLevel and ACC.StatusID=372)) and (ACC.StatusID=371 or ACC.StatusID=372 or ACC.StatusID=441) AND (WF.Type=1 or (ACC.WorkFlowLevel+1=WF.LevelID and ACC.StatusID!=372) or (WF.LevelID+1=ACC.WorkFlowLevel and ACC.StatusID=372) or (WF.CtWef is not null and ACC.WorkFlowLevel>=WF.LvWef
    and ACC.CreatedDate+WF.CtWef<=convert(float,getdate())))   ''+@where+''
GROUP BY ACC.CostCenterID,ACC.VoucherNo  ) AS T
JOIN ADM_DocumentTypes DT with(nolock) ON T.CostCenterID=DT.CostCenterID
GROUP BY DT.CostCenterID,DT.DocumentName,DT.DocumentType,DT.IsInventory  
UNION ALL
SELECT DT.FeatureID CostCenterID,DT.Name DocumentName,-DT.FeatureID DocumentType,0 IsInventory,count(*) CNT
FROM (
SELECT INV.CostCenterID FROM REN_Contract INV WITH(NOLOCK),#TblUsrWF WF
WHERE  WF.WID=INV.WorkflowID and WF.LevelID>INV.WorkFlowLevel and (INV.StatusID=440 or INV.StatusID=470 or INV.StatusID=466) AND (WF.Type=1 or (INV.WorkFlowLevel+1=WF.LevelID and INV.StatusID!=470)  or (WF.CtWef is not null and INV.WorkFlowLevel>=WF.LvWef
 and INV.CreatedDate+WF.CtWef<=convert(float,getdate()))) AND INV.RefContractID=0 ) AS T
JOIN ADM_Features DT with(nolock) ON T.CostCenterID=DT.FeatureID
GROUP BY DT.FeatureID,DT.Name 
ORDER BY DocumentName''
exec(@query)

DROP TABLE #TblUsrWF
'
 ,1
 ,1
[System: 192.168.1.76] DEBUG | 07/02/2026 13:05:20.650 | General Service|:: CompanyIndex:1 SpName: spADM_GetDataSet 
 'select * from COM_TokenHistory WITH(NOLOCK) where JwtToken=''eyJhbGciOiJIUzI1NiIsInR5cCI6IkpXVCJ9.eyJ1bmlxdWVfbmFtZSI6ImFkbWluLDEsMSwxIiwibmJmIjoxNzgyOTc3NDQ5LCJleHAiOjE3ODMwMDYyNDksImlhdCI6MTc4Mjk3NzQ0OX0.mWp9cMlgq1SGgCBokxDdv197IyH69_DbQZhVdiK8Dk8'''
 ,1
 ,1
[System: 192.168.1.76] DEBUG | 07/02/2026 13:05:49.753 | General Service|:: CompanyIndex:1 SpName: spRPT_GetUnApprovedDocsCount 
 ''
 ,'1'
 ,'1'
 ,1
[System: 192.168.1.76] DEBUG | 07/02/2026 13:05:49.753 | General Service|:: CompanyIndex:1 SpName: spADM_GetDataSet 
 'select * from COM_TokenHistory WITH(NOLOCK) where JwtToken=''eyJhbGciOiJIUzI1NiIsInR5cCI6IkpXVCJ9.eyJ1bmlxdWVfbmFtZSI6ImFkbWluLDEsMSwxIiwibmJmIjoxNzgyOTc3NDQ5LCJleHAiOjE3ODMwMDYyNDksImlhdCI6MTc4Mjk3NzQ0OX0.mWp9cMlgq1SGgCBokxDdv197IyH69_DbQZhVdiK8Dk8'''
 ,1
 ,1
[System: 192.168.1.76] DEBUG | 07/02/2026 13:05:49.784 | General Service|:: CompanyIndex:1 SpName: spCOM_ConfigValues 
 1
 ,'NotifTime'
 ,''
[System: 192.168.1.76] DEBUG | 07/02/2026 13:05:49.784 | General Service|:: CompanyIndex:1 SpName: spADM_GetDataSet 
 'select * from COM_TokenHistory WITH(NOLOCK) where JwtToken=''eyJhbGciOiJIUzI1NiIsInR5cCI6IkpXVCJ9.eyJ1bmlxdWVfbmFtZSI6ImFkbWluLDEsMSwxIiwibmJmIjoxNzgyOTc3NDQ5LCJleHAiOjE3ODMwMDYyNDksImlhdCI6MTc4Mjk3NzQ0OX0.mWp9cMlgq1SGgCBokxDdv197IyH69_DbQZhVdiK8Dk8'''
 ,1
 ,1
[System: 192.168.1.76] DEBUG | 07/02/2026 13:05:51.690 | General Service|:: CompanyIndex:1 SpName: spADM_GetDataSet 
 'declare @UserID int,@RoleID int,@UserName NVARCHAR(100),@where nvarchar(max),@query nvarchar(max)
set @UserID=1
set @RoleID=1-- Employee:-1
SELECT @UserName=UserName From ADM_Users WITH(NOLOCK) WHERE UserID=@UserID
exec [fnGet_GetAssignedDims] @UserID,@RoleID,@where output
 create table #TblUsrWF(WID int,LevelID int,Type int,CtWef float,LvWef int)
EXEC spRPT_GetReportData @Type=8,@Param1=@UserID,@strXML=null,@RoleID=@RoleID set @query=''  SELECT DT.CostCenterID,DT.DocumentName,DT.DocumentType,DT.IsInventory,count(*) CNT
FROM (
 SELECT INV.CostCenterID
FROM INV_DocDetails INV with(nolock)''
if(@where<>'''')
	set @query=@query+'' join com_docccdata d with(nolock) on INV.INVDocDetailsid=d.INVDocDetailsid''	

set @query=@query+'' ,#TblUsrWF WF
WHERE WF.WID=INV.WorkflowID and (WF.LevelID>INV.WorkFlowLevel or (WF.LevelID+1=INV.WorkFlowLevel and INV.StatusID=372)) and (INV.StatusID=371 or INV.StatusID=372 or INV.StatusID=441) AND (WF.Type=1 or (INV.WorkFlowLevel+1=WF.LevelID and INV.StatusID!=372) or (WF.LevelID+1=INV.WorkFlowLevel and INV.StatusID=372) or (WF.CtWef is not null and INV.WorkFlowLevel>=WF.LvWef
    and INV.CreatedDate+WF.CtWef<=convert(float,getdate())))  ''+@where+''
GROUP BY INV.CostCenterID,INV.VoucherNo
UNION ALL
SELECT ACC.CostCenterID
FROM ACC_DocDetails ACC with(nolock)''
if(@where<>'''')
	set @query=@query+'' join com_docccdata d with(nolock) on ACC.ACCDocDetailsid=d.ACCDocDetailsid''	

set @query=@query+'',#TblUsrWF WF
WHERE ACC.LinkedAccDocDetailsID is null and ACC.InvDocDetailsID is null and WF.WID=ACC.WorkflowID and (WF.LevelID>ACC.WorkFlowLevel or (WF.LevelID+1=ACC.WorkFlowLevel and ACC.StatusID=372)) and (ACC.StatusID=371 or ACC.StatusID=372 or ACC.StatusID=441) AND (WF.Type=1 or (ACC.WorkFlowLevel+1=WF.LevelID and ACC.StatusID!=372) or (WF.LevelID+1=ACC.WorkFlowLevel and ACC.StatusID=372) or (WF.CtWef is not null and ACC.WorkFlowLevel>=WF.LvWef
    and ACC.CreatedDate+WF.CtWef<=convert(float,getdate())))   ''+@where+''
GROUP BY ACC.CostCenterID,ACC.VoucherNo  ) AS T
JOIN ADM_DocumentTypes DT with(nolock) ON T.CostCenterID=DT.CostCenterID
GROUP BY DT.CostCenterID,DT.DocumentName,DT.DocumentType,DT.IsInventory  
UNION ALL
SELECT DT.FeatureID CostCenterID,DT.Name DocumentName,-DT.FeatureID DocumentType,0 IsInventory,count(*) CNT
FROM (
SELECT INV.CostCenterID FROM REN_Contract INV WITH(NOLOCK),#TblUsrWF WF
WHERE  WF.WID=INV.WorkflowID and WF.LevelID>INV.WorkFlowLevel and (INV.StatusID=440 or INV.StatusID=470 or INV.StatusID=466) AND (WF.Type=1 or (INV.WorkFlowLevel+1=WF.LevelID and INV.StatusID!=470)  or (WF.CtWef is not null and INV.WorkFlowLevel>=WF.LvWef
 and INV.CreatedDate+WF.CtWef<=convert(float,getdate()))) AND INV.RefContractID=0 ) AS T
JOIN ADM_Features DT with(nolock) ON T.CostCenterID=DT.FeatureID
GROUP BY DT.FeatureID,DT.Name 
ORDER BY DocumentName''
exec(@query)

DROP TABLE #TblUsrWF
'
 ,1
 ,1
[System: 192.168.1.76] DEBUG | 07/02/2026 13:05:51.690 | General Service|:: CompanyIndex:1 SpName: spADM_GetDataSet 
 'select * from COM_TokenHistory WITH(NOLOCK) where JwtToken=''eyJhbGciOiJIUzI1NiIsInR5cCI6IkpXVCJ9.eyJ1bmlxdWVfbmFtZSI6ImFkbWluLDEsMSwxIiwibmJmIjoxNzgyOTc3NDQ5LCJleHAiOjE3ODMwMDYyNDksImlhdCI6MTc4Mjk3NzQ0OX0.mWp9cMlgq1SGgCBokxDdv197IyH69_DbQZhVdiK8Dk8'''
 ,1
 ,1
[System: 192.168.1.54] DEBUG | 07/02/2026 13:05:53.924 | General Service|:: CompanyIndex:1 SpName: spADM_GetDataSet 
 'declare @UserID int,@RoleID int,@UserName NVARCHAR(100),@where nvarchar(max),@query nvarchar(max)
set @UserID=1
set @RoleID=1-- Employee:-1
SELECT @UserName=UserName From ADM_Users WITH(NOLOCK) WHERE UserID=@UserID
exec [fnGet_GetAssignedDims] @UserID,@RoleID,@where output
 create table #TblUsrWF(WID int,LevelID int,Type int,CtWef float,LvWef int)
EXEC spRPT_GetReportData @Type=8,@Param1=@UserID,@strXML=null,@RoleID=@RoleID set @query=''  SELECT DT.CostCenterID,DT.DocumentName,DT.DocumentType,DT.IsInventory,count(*) CNT
FROM (
 SELECT INV.CostCenterID
FROM INV_DocDetails INV with(nolock)''
if(@where<>'''')
	set @query=@query+'' join com_docccdata d with(nolock) on INV.INVDocDetailsid=d.INVDocDetailsid''	

set @query=@query+'' ,#TblUsrWF WF
WHERE WF.WID=INV.WorkflowID and (WF.LevelID>INV.WorkFlowLevel or (WF.LevelID+1=INV.WorkFlowLevel and INV.StatusID=372)) and (INV.StatusID=371 or INV.StatusID=372 or INV.StatusID=441) AND (WF.Type=1 or (INV.WorkFlowLevel+1=WF.LevelID and INV.StatusID!=372) or (WF.LevelID+1=INV.WorkFlowLevel and INV.StatusID=372) or (WF.CtWef is not null and INV.WorkFlowLevel>=WF.LvWef
and INV.CreatedDate+WF.CtWef<=convert(float,getdate())))  ''+@where+''
GROUP BY INV.CostCenterID,INV.VoucherNo
UNION ALL
SELECT ACC.CostCenterID
FROM ACC_DocDetails ACC with(nolock)''
if(@where<>'''')
	set @query=@query+'' join com_docccdata d with(nolock) on ACC.ACCDocDetailsid=d.ACCDocDetailsid''	

set @query=@query+'',#TblUsrWF WF
WHERE ACC.LinkedAccDocDetailsID is null and ACC.InvDocDetailsID is null and WF.WID=ACC.WorkflowID and (WF.LevelID>ACC.WorkFlowLevel or (WF.LevelID+1=ACC.WorkFlowLevel and ACC.StatusID=372)) and (ACC.StatusID=371 or ACC.StatusID=372 or ACC.StatusID=441) AND (WF.Type=1 or (ACC.WorkFlowLevel+1=WF.LevelID and ACC.StatusID!=372) or (WF.LevelID+1=ACC.WorkFlowLevel and ACC.StatusID=372) or (WF.CtWef is not null and ACC.WorkFlowLevel>=WF.LvWef
and ACC.CreatedDate+WF.CtWef<=convert(float,getdate())))   ''+@where+''
GROUP BY ACC.CostCenterID,ACC.VoucherNo  ) AS T
JOIN ADM_DocumentTypes DT with(nolock) ON T.CostCenterID=DT.CostCenterID
GROUP BY DT.CostCenterID,DT.DocumentName,DT.DocumentType,DT.IsInventory  
UNION ALL
SELECT DT.FeatureID CostCenterID,DT.Name DocumentName,-DT.FeatureID DocumentType,0 IsInventory,count(*) CNT
FROM (
SELECT INV.CostCenterID FROM REN_Contract INV WITH(NOLOCK),#TblUsrWF WF
WHERE  WF.WID=INV.WorkflowID and WF.LevelID>INV.WorkFlowLevel and (INV.StatusID=440 or INV.StatusID=470 or INV.StatusID=466) AND (WF.Type=1 or (INV.WorkFlowLevel+1=WF.LevelID and INV.StatusID!=470)  or (WF.CtWef is not null and INV.WorkFlowLevel>=WF.LvWef
 and INV.CreatedDate+WF.CtWef<=convert(float,getdate()))) AND INV.RefContractID=0 ) AS T
JOIN ADM_Features DT with(nolock) ON T.CostCenterID=DT.FeatureID
GROUP BY DT.FeatureID,DT.Name 
ORDER BY DocumentName''
exec(@query)

DROP TABLE #TblUsrWF
'
 ,1
 ,1
[System: 192.168.1.54] DEBUG | 07/02/2026 13:05:53.939 | General Service|:: CompanyIndex:1 SpName: spADM_GetDataSet 
 'select * from COM_TokenHistory WITH(NOLOCK) where JwtToken=''eyJhbGciOiJIUzI1NiIsInR5cCI6IkpXVCJ9.eyJ1bmlxdWVfbmFtZSI6ImFkbWluLDEsMSwxIiwibmJmIjoxNzgyOTc2NDkyLCJleHAiOjE3ODMwMDUyOTIsImlhdCI6MTc4Mjk3NjQ5Mn0.UGzeBsXuSi_ASW564ATkMzxiPEfS_S0IdYiI1WXp6f0'''
 ,1
 ,1
[System: 192.168.1.54] DEBUG | 07/02/2026 13:05:56.283 | General Service|:: CompanyIndex:1 SpName: spADM_GetDataSet 
 'declare @UserID int,@RoleID int,@UserName NVARCHAR(100),@where nvarchar(max),@query nvarchar(max)
set @UserID=1
set @RoleID=1-- Employee:-1
SELECT @UserName=UserName From ADM_Users WITH(NOLOCK) WHERE UserID=@UserID
exec [fnGet_GetAssignedDims] @UserID,@RoleID,@where output
 create table #TblUsrWF(WID int,LevelID int,Type int,CtWef float,LvWef int)
EXEC spRPT_GetReportData @Type=8,@Param1=@UserID,@strXML=null,@RoleID=@RoleID set @query=''  SELECT DT.CostCenterID,DT.DocumentName,DT.DocumentType,DT.IsInventory,count(*) CNT
FROM (
 SELECT INV.CostCenterID
FROM INV_DocDetails INV with(nolock)''
if(@where<>'''')
	set @query=@query+'' join com_docccdata d with(nolock) on INV.INVDocDetailsid=d.INVDocDetailsid''	

set @query=@query+'' ,#TblUsrWF WF
WHERE WF.WID=INV.WorkflowID and (WF.LevelID>INV.WorkFlowLevel or (WF.LevelID+1=INV.WorkFlowLevel and INV.StatusID=372)) and (INV.StatusID=371 or INV.StatusID=372 or INV.StatusID=441) AND (WF.Type=1 or (INV.WorkFlowLevel+1=WF.LevelID and INV.StatusID!=372) or (WF.LevelID+1=INV.WorkFlowLevel and INV.StatusID=372) or (WF.CtWef is not null and INV.WorkFlowLevel>=WF.LvWef
and INV.CreatedDate+WF.CtWef<=convert(float,getdate())))  ''+@where+''
GROUP BY INV.CostCenterID,INV.VoucherNo
UNION ALL
SELECT ACC.CostCenterID
FROM ACC_DocDetails ACC with(nolock)''
if(@where<>'''')
	set @query=@query+'' join com_docccdata d with(nolock) on ACC.ACCDocDetailsid=d.ACCDocDetailsid''	

set @query=@query+'',#TblUsrWF WF
WHERE ACC.LinkedAccDocDetailsID is null and ACC.InvDocDetailsID is null and WF.WID=ACC.WorkflowID and (WF.LevelID>ACC.WorkFlowLevel or (WF.LevelID+1=ACC.WorkFlowLevel and ACC.StatusID=372)) and (ACC.StatusID=371 or ACC.StatusID=372 or ACC.StatusID=441) AND (WF.Type=1 or (ACC.WorkFlowLevel+1=WF.LevelID and ACC.StatusID!=372) or (WF.LevelID+1=ACC.WorkFlowLevel and ACC.StatusID=372) or (WF.CtWef is not null and ACC.WorkFlowLevel>=WF.LvWef
and ACC.CreatedDate+WF.CtWef<=convert(float,getdate())))   ''+@where+''
GROUP BY ACC.CostCenterID,ACC.VoucherNo  ) AS T
JOIN ADM_DocumentTypes DT with(nolock) ON T.CostCenterID=DT.CostCenterID
GROUP BY DT.CostCenterID,DT.DocumentName,DT.DocumentType,DT.IsInventory  
UNION ALL
SELECT DT.FeatureID CostCenterID,DT.Name DocumentName,-DT.FeatureID DocumentType,0 IsInventory,count(*) CNT
FROM (
SELECT INV.CostCenterID FROM REN_Contract INV WITH(NOLOCK),#TblUsrWF WF
WHERE  WF.WID=INV.WorkflowID and WF.LevelID>INV.WorkFlowLevel and (INV.StatusID=440 or INV.StatusID=470 or INV.StatusID=466) AND (WF.Type=1 or (INV.WorkFlowLevel+1=WF.LevelID and INV.StatusID!=470)  or (WF.CtWef is not null and INV.WorkFlowLevel>=WF.LvWef
 and INV.CreatedDate+WF.CtWef<=convert(float,getdate()))) AND INV.RefContractID=0 ) AS T
JOIN ADM_Features DT with(nolock) ON T.CostCenterID=DT.FeatureID
GROUP BY DT.FeatureID,DT.Name 
ORDER BY DocumentName''
exec(@query)

DROP TABLE #TblUsrWF
'
 ,1
 ,1
[System: 192.168.1.54] DEBUG | 07/02/2026 13:05:56.298 | General Service|:: CompanyIndex:1 SpName: spADM_GetDataSet 
 'select * from COM_TokenHistory WITH(NOLOCK) where JwtToken=''eyJhbGciOiJIUzI1NiIsInR5cCI6IkpXVCJ9.eyJ1bmlxdWVfbmFtZSI6ImFkbWluLDEsMSwxIiwibmJmIjoxNzgyOTc2NDE5LCJleHAiOjE3ODMwMDUyMTksImlhdCI6MTc4Mjk3NjQxOX0.BCzDZinKRm2uqURt9XZAKDZMQ1MbBm27dGC69ty9Dfo'''
 ,1
 ,1
[System: 192.168.1.76] DEBUG | 07/02/2026 13:06:51.773 | General Service|:: CompanyIndex:1 SpName: spADM_GetDataSet 
 'declare @UserID int,@RoleID int,@UserName NVARCHAR(100),@where nvarchar(max),@query nvarchar(max)
set @UserID=1
set @RoleID=1-- Employee:-1
SELECT @UserName=UserName From ADM_Users WITH(NOLOCK) WHERE UserID=@UserID
exec [fnGet_GetAssignedDims] @UserID,@RoleID,@where output
 create table #TblUsrWF(WID int,LevelID int,Type int,CtWef float,LvWef int)
EXEC spRPT_GetReportData @Type=8,@Param1=@UserID,@strXML=null,@RoleID=@RoleID set @query=''  SELECT DT.CostCenterID,DT.DocumentName,DT.DocumentType,DT.IsInventory,count(*) CNT
FROM (
 SELECT INV.CostCenterID
FROM INV_DocDetails INV with(nolock)''
if(@where<>'''')
	set @query=@query+'' join com_docccdata d with(nolock) on INV.INVDocDetailsid=d.INVDocDetailsid''	

set @query=@query+'' ,#TblUsrWF WF
WHERE WF.WID=INV.WorkflowID and (WF.LevelID>INV.WorkFlowLevel or (WF.LevelID+1=INV.WorkFlowLevel and INV.StatusID=372)) and (INV.StatusID=371 or INV.StatusID=372 or INV.StatusID=441) AND (WF.Type=1 or (INV.WorkFlowLevel+1=WF.LevelID and INV.StatusID!=372) or (WF.LevelID+1=INV.WorkFlowLevel and INV.StatusID=372) or (WF.CtWef is not null and INV.WorkFlowLevel>=WF.LvWef
    and INV.CreatedDate+WF.CtWef<=convert(float,getdate())))  ''+@where+''
GROUP BY INV.CostCenterID,INV.VoucherNo
UNION ALL
SELECT ACC.CostCenterID
FROM ACC_DocDetails ACC with(nolock)''
if(@where<>'''')
	set @query=@query+'' join com_docccdata d with(nolock) on ACC.ACCDocDetailsid=d.ACCDocDetailsid''	

set @query=@query+'',#TblUsrWF WF
WHERE ACC.LinkedAccDocDetailsID is null and ACC.InvDocDetailsID is null and WF.WID=ACC.WorkflowID and (WF.LevelID>ACC.WorkFlowLevel or (WF.LevelID+1=ACC.WorkFlowLevel and ACC.StatusID=372)) and (ACC.StatusID=371 or ACC.StatusID=372 or ACC.StatusID=441) AND (WF.Type=1 or (ACC.WorkFlowLevel+1=WF.LevelID and ACC.StatusID!=372) or (WF.LevelID+1=ACC.WorkFlowLevel and ACC.StatusID=372) or (WF.CtWef is not null and ACC.WorkFlowLevel>=WF.LvWef
    and ACC.CreatedDate+WF.CtWef<=convert(float,getdate())))   ''+@where+''
GROUP BY ACC.CostCenterID,ACC.VoucherNo  ) AS T
JOIN ADM_DocumentTypes DT with(nolock) ON T.CostCenterID=DT.CostCenterID
GROUP BY DT.CostCenterID,DT.DocumentName,DT.DocumentType,DT.IsInventory  
UNION ALL
SELECT DT.FeatureID CostCenterID,DT.Name DocumentName,-DT.FeatureID DocumentType,0 IsInventory,count(*) CNT
FROM (
SELECT INV.CostCenterID FROM REN_Contract INV WITH(NOLOCK),#TblUsrWF WF
WHERE  WF.WID=INV.WorkflowID and WF.LevelID>INV.WorkFlowLevel and (INV.StatusID=440 or INV.StatusID=470 or INV.StatusID=466) AND (WF.Type=1 or (INV.WorkFlowLevel+1=WF.LevelID and INV.StatusID!=470)  or (WF.CtWef is not null and INV.WorkFlowLevel>=WF.LvWef
 and INV.CreatedDate+WF.CtWef<=convert(float,getdate()))) AND INV.RefContractID=0 ) AS T
JOIN ADM_Features DT with(nolock) ON T.CostCenterID=DT.FeatureID
GROUP BY DT.FeatureID,DT.Name 
ORDER BY DocumentName''
exec(@query)

DROP TABLE #TblUsrWF
'
 ,1
 ,1
[System: 192.168.1.76] DEBUG | 07/02/2026 13:06:51.773 | General Service|:: CompanyIndex:1 SpName: spADM_GetDataSet 
 'select * from COM_TokenHistory WITH(NOLOCK) where JwtToken=''eyJhbGciOiJIUzI1NiIsInR5cCI6IkpXVCJ9.eyJ1bmlxdWVfbmFtZSI6ImFkbWluLDEsMSwxIiwibmJmIjoxNzgyOTc3NDQ5LCJleHAiOjE3ODMwMDYyNDksImlhdCI6MTc4Mjk3NzQ0OX0.mWp9cMlgq1SGgCBokxDdv197IyH69_DbQZhVdiK8Dk8'''
 ,1
 ,1
[System: 192.168.1.54] DEBUG | 07/02/2026 13:06:53.835 | General Service|:: CompanyIndex:1 SpName: spADM_GetDataSet 
 'declare @UserID int,@RoleID int,@UserName NVARCHAR(100),@where nvarchar(max),@query nvarchar(max)
set @UserID=1
set @RoleID=1-- Employee:-1
SELECT @UserName=UserName From ADM_Users WITH(NOLOCK) WHERE UserID=@UserID
exec [fnGet_GetAssignedDims] @UserID,@RoleID,@where output
 create table #TblUsrWF(WID int,LevelID int,Type int,CtWef float,LvWef int)
EXEC spRPT_GetReportData @Type=8,@Param1=@UserID,@strXML=null,@RoleID=@RoleID set @query=''  SELECT DT.CostCenterID,DT.DocumentName,DT.DocumentType,DT.IsInventory,count(*) CNT
FROM (
 SELECT INV.CostCenterID
FROM INV_DocDetails INV with(nolock)''
if(@where<>'''')
	set @query=@query+'' join com_docccdata d with(nolock) on INV.INVDocDetailsid=d.INVDocDetailsid''	

set @query=@query+'' ,#TblUsrWF WF
WHERE WF.WID=INV.WorkflowID and (WF.LevelID>INV.WorkFlowLevel or (WF.LevelID+1=INV.WorkFlowLevel and INV.StatusID=372)) and (INV.StatusID=371 or INV.StatusID=372 or INV.StatusID=441) AND (WF.Type=1 or (INV.WorkFlowLevel+1=WF.LevelID and INV.StatusID!=372) or (WF.LevelID+1=INV.WorkFlowLevel and INV.StatusID=372) or (WF.CtWef is not null and INV.WorkFlowLevel>=WF.LvWef
and INV.CreatedDate+WF.CtWef<=convert(float,getdate())))  ''+@where+''
GROUP BY INV.CostCenterID,INV.VoucherNo
UNION ALL
SELECT ACC.CostCenterID
FROM ACC_DocDetails ACC with(nolock)''
if(@where<>'''')
	set @query=@query+'' join com_docccdata d with(nolock) on ACC.ACCDocDetailsid=d.ACCDocDetailsid''	

set @query=@query+'',#TblUsrWF WF
WHERE ACC.LinkedAccDocDetailsID is null and ACC.InvDocDetailsID is null and WF.WID=ACC.WorkflowID and (WF.LevelID>ACC.WorkFlowLevel or (WF.LevelID+1=ACC.WorkFlowLevel and ACC.StatusID=372)) and (ACC.StatusID=371 or ACC.StatusID=372 or ACC.StatusID=441) AND (WF.Type=1 or (ACC.WorkFlowLevel+1=WF.LevelID and ACC.StatusID!=372) or (WF.LevelID+1=ACC.WorkFlowLevel and ACC.StatusID=372) or (WF.CtWef is not null and ACC.WorkFlowLevel>=WF.LvWef
and ACC.CreatedDate+WF.CtWef<=convert(float,getdate())))   ''+@where+''
GROUP BY ACC.CostCenterID,ACC.VoucherNo  ) AS T
JOIN ADM_DocumentTypes DT with(nolock) ON T.CostCenterID=DT.CostCenterID
GROUP BY DT.CostCenterID,DT.DocumentName,DT.DocumentType,DT.IsInventory  
UNION ALL
SELECT DT.FeatureID CostCenterID,DT.Name DocumentName,-DT.FeatureID DocumentType,0 IsInventory,count(*) CNT
FROM (
SELECT INV.CostCenterID FROM REN_Contract INV WITH(NOLOCK),#TblUsrWF WF
WHERE  WF.WID=INV.WorkflowID and WF.LevelID>INV.WorkFlowLevel and (INV.StatusID=440 or INV.StatusID=470 or INV.StatusID=466) AND (WF.Type=1 or (INV.WorkFlowLevel+1=WF.LevelID and INV.StatusID!=470)  or (WF.CtWef is not null and INV.WorkFlowLevel>=WF.LvWef
 and INV.CreatedDate+WF.CtWef<=convert(float,getdate()))) AND INV.RefContractID=0 ) AS T
JOIN ADM_Features DT with(nolock) ON T.CostCenterID=DT.FeatureID
GROUP BY DT.FeatureID,DT.Name 
ORDER BY DocumentName''
exec(@query)

DROP TABLE #TblUsrWF
'
 ,1
 ,1
[System: 192.168.1.54] DEBUG | 07/02/2026 13:06:53.835 | General Service|:: CompanyIndex:1 SpName: spADM_GetDataSet 
 'select * from COM_TokenHistory WITH(NOLOCK) where JwtToken=''eyJhbGciOiJIUzI1NiIsInR5cCI6IkpXVCJ9.eyJ1bmlxdWVfbmFtZSI6ImFkbWluLDEsMSwxIiwibmJmIjoxNzgyOTc2NDkyLCJleHAiOjE3ODMwMDUyOTIsImlhdCI6MTc4Mjk3NjQ5Mn0.UGzeBsXuSi_ASW564ATkMzxiPEfS_S0IdYiI1WXp6f0'''
 ,1
 ,1
[System: 192.168.1.54] DEBUG | 07/02/2026 13:06:57.319 | General Service|:: CompanyIndex:1 SpName: spADM_GetDataSet 
 'declare @UserID int,@RoleID int,@UserName NVARCHAR(100),@where nvarchar(max),@query nvarchar(max)
set @UserID=1
set @RoleID=1-- Employee:-1
SELECT @UserName=UserName From ADM_Users WITH(NOLOCK) WHERE UserID=@UserID
exec [fnGet_GetAssignedDims] @UserID,@RoleID,@where output
 create table #TblUsrWF(WID int,LevelID int,Type int,CtWef float,LvWef int)
EXEC spRPT_GetReportData @Type=8,@Param1=@UserID,@strXML=null,@RoleID=@RoleID set @query=''  SELECT DT.CostCenterID,DT.DocumentName,DT.DocumentType,DT.IsInventory,count(*) CNT
FROM (
 SELECT INV.CostCenterID
FROM INV_DocDetails INV with(nolock)''
if(@where<>'''')
	set @query=@query+'' join com_docccdata d with(nolock) on INV.INVDocDetailsid=d.INVDocDetailsid''	

set @query=@query+'' ,#TblUsrWF WF
WHERE WF.WID=INV.WorkflowID and (WF.LevelID>INV.WorkFlowLevel or (WF.LevelID+1=INV.WorkFlowLevel and INV.StatusID=372)) and (INV.StatusID=371 or INV.StatusID=372 or INV.StatusID=441) AND (WF.Type=1 or (INV.WorkFlowLevel+1=WF.LevelID and INV.StatusID!=372) or (WF.LevelID+1=INV.WorkFlowLevel and INV.StatusID=372) or (WF.CtWef is not null and INV.WorkFlowLevel>=WF.LvWef
and INV.CreatedDate+WF.CtWef<=convert(float,getdate())))  ''+@where+''
GROUP BY INV.CostCenterID,INV.VoucherNo
UNION ALL
SELECT ACC.CostCenterID
FROM ACC_DocDetails ACC with(nolock)''
if(@where<>'''')
	set @query=@query+'' join com_docccdata d with(nolock) on ACC.ACCDocDetailsid=d.ACCDocDetailsid''	

set @query=@query+'',#TblUsrWF WF
WHERE ACC.LinkedAccDocDetailsID is null and ACC.InvDocDetailsID is null and WF.WID=ACC.WorkflowID and (WF.LevelID>ACC.WorkFlowLevel or (WF.LevelID+1=ACC.WorkFlowLevel and ACC.StatusID=372)) and (ACC.StatusID=371 or ACC.StatusID=372 or ACC.StatusID=441) AND (WF.Type=1 or (ACC.WorkFlowLevel+1=WF.LevelID and ACC.StatusID!=372) or (WF.LevelID+1=ACC.WorkFlowLevel and ACC.StatusID=372) or (WF.CtWef is not null and ACC.WorkFlowLevel>=WF.LvWef
and ACC.CreatedDate+WF.CtWef<=convert(float,getdate())))   ''+@where+''
GROUP BY ACC.CostCenterID,ACC.VoucherNo  ) AS T
JOIN ADM_DocumentTypes DT with(nolock) ON T.CostCenterID=DT.CostCenterID
GROUP BY DT.CostCenterID,DT.DocumentName,DT.DocumentType,DT.IsInventory  
UNION ALL
SELECT DT.FeatureID CostCenterID,DT.Name DocumentName,-DT.FeatureID DocumentType,0 IsInventory,count(*) CNT
FROM (
SELECT INV.CostCenterID FROM REN_Contract INV WITH(NOLOCK),#TblUsrWF WF
WHERE  WF.WID=INV.WorkflowID and WF.LevelID>INV.WorkFlowLevel and (INV.StatusID=440 or INV.StatusID=470 or INV.StatusID=466) AND (WF.Type=1 or (INV.WorkFlowLevel+1=WF.LevelID and INV.StatusID!=470)  or (WF.CtWef is not null and INV.WorkFlowLevel>=WF.LvWef
 and INV.CreatedDate+WF.CtWef<=convert(float,getdate()))) AND INV.RefContractID=0 ) AS T
JOIN ADM_Features DT with(nolock) ON T.CostCenterID=DT.FeatureID
GROUP BY DT.FeatureID,DT.Name 
ORDER BY DocumentName''
exec(@query)

DROP TABLE #TblUsrWF
'
 ,1
 ,1
[System: 192.168.1.54] DEBUG | 07/02/2026 13:06:57.553 | General Service|:: CompanyIndex:1 SpName: spADM_GetDataSet 
 'select * from COM_TokenHistory WITH(NOLOCK) where JwtToken=''eyJhbGciOiJIUzI1NiIsInR5cCI6IkpXVCJ9.eyJ1bmlxdWVfbmFtZSI6ImFkbWluLDEsMSwxIiwibmJmIjoxNzgyOTc2NDE5LCJleHAiOjE3ODMwMDUyMTksImlhdCI6MTc4Mjk3NjQxOX0.BCzDZinKRm2uqURt9XZAKDZMQ1MbBm27dGC69ty9Dfo'''
 ,1
 ,1
[System: 192.168.1.76] DEBUG | 07/02/2026 13:07:51.703 | General Service|:: CompanyIndex:1 SpName: spADM_GetDataSet 
 'declare @UserID int,@RoleID int,@UserName NVARCHAR(100),@where nvarchar(max),@query nvarchar(max)
set @UserID=1
set @RoleID=1-- Employee:-1
SELECT @UserName=UserName From ADM_Users WITH(NOLOCK) WHERE UserID=@UserID
exec [fnGet_GetAssignedDims] @UserID,@RoleID,@where output
 create table #TblUsrWF(WID int,LevelID int,Type int,CtWef float,LvWef int)
EXEC spRPT_GetReportData @Type=8,@Param1=@UserID,@strXML=null,@RoleID=@RoleID set @query=''  SELECT DT.CostCenterID,DT.DocumentName,DT.DocumentType,DT.IsInventory,count(*) CNT
FROM (
 SELECT INV.CostCenterID
FROM INV_DocDetails INV with(nolock)''
if(@where<>'''')
	set @query=@query+'' join com_docccdata d with(nolock) on INV.INVDocDetailsid=d.INVDocDetailsid''	

set @query=@query+'' ,#TblUsrWF WF
WHERE WF.WID=INV.WorkflowID and (WF.LevelID>INV.WorkFlowLevel or (WF.LevelID+1=INV.WorkFlowLevel and INV.StatusID=372)) and (INV.StatusID=371 or INV.StatusID=372 or INV.StatusID=441) AND (WF.Type=1 or (INV.WorkFlowLevel+1=WF.LevelID and INV.StatusID!=372) or (WF.LevelID+1=INV.WorkFlowLevel and INV.StatusID=372) or (WF.CtWef is not null and INV.WorkFlowLevel>=WF.LvWef
    and INV.CreatedDate+WF.CtWef<=convert(float,getdate())))  ''+@where+''
GROUP BY INV.CostCenterID,INV.VoucherNo
UNION ALL
SELECT ACC.CostCenterID
FROM ACC_DocDetails ACC with(nolock)''
if(@where<>'''')
	set @query=@query+'' join com_docccdata d with(nolock) on ACC.ACCDocDetailsid=d.ACCDocDetailsid''	

set @query=@query+'',#TblUsrWF WF
WHERE ACC.LinkedAccDocDetailsID is null and ACC.InvDocDetailsID is null and WF.WID=ACC.WorkflowID and (WF.LevelID>ACC.WorkFlowLevel or (WF.LevelID+1=ACC.WorkFlowLevel and ACC.StatusID=372)) and (ACC.StatusID=371 or ACC.StatusID=372 or ACC.StatusID=441) AND (WF.Type=1 or (ACC.WorkFlowLevel+1=WF.LevelID and ACC.StatusID!=372) or (WF.LevelID+1=ACC.WorkFlowLevel and ACC.StatusID=372) or (WF.CtWef is not null and ACC.WorkFlowLevel>=WF.LvWef
    and ACC.CreatedDate+WF.CtWef<=convert(float,getdate())))   ''+@where+''
GROUP BY ACC.CostCenterID,ACC.VoucherNo  ) AS T
JOIN ADM_DocumentTypes DT with(nolock) ON T.CostCenterID=DT.CostCenterID
GROUP BY DT.CostCenterID,DT.DocumentName,DT.DocumentType,DT.IsInventory  
UNION ALL
SELECT DT.FeatureID CostCenterID,DT.Name DocumentName,-DT.FeatureID DocumentType,0 IsInventory,count(*) CNT
FROM (
SELECT INV.CostCenterID FROM REN_Contract INV WITH(NOLOCK),#TblUsrWF WF
WHERE  WF.WID=INV.WorkflowID and WF.LevelID>INV.WorkFlowLevel and (INV.StatusID=440 or INV.StatusID=470 or INV.StatusID=466) AND (WF.Type=1 or (INV.WorkFlowLevel+1=WF.LevelID and INV.StatusID!=470)  or (WF.CtWef is not null and INV.WorkFlowLevel>=WF.LvWef
 and INV.CreatedDate+WF.CtWef<=convert(float,getdate()))) AND INV.RefContractID=0 ) AS T
JOIN ADM_Features DT with(nolock) ON T.CostCenterID=DT.FeatureID
GROUP BY DT.FeatureID,DT.Name 
ORDER BY DocumentName''
exec(@query)

DROP TABLE #TblUsrWF
'
 ,1
 ,1
[System: 192.168.1.76] DEBUG | 07/02/2026 13:07:51.703 | General Service|:: CompanyIndex:1 SpName: spADM_GetDataSet 
 'select * from COM_TokenHistory WITH(NOLOCK) where JwtToken=''eyJhbGciOiJIUzI1NiIsInR5cCI6IkpXVCJ9.eyJ1bmlxdWVfbmFtZSI6ImFkbWluLDEsMSwxIiwibmJmIjoxNzgyOTc3NDQ5LCJleHAiOjE3ODMwMDYyNDksImlhdCI6MTc4Mjk3NzQ0OX0.mWp9cMlgq1SGgCBokxDdv197IyH69_DbQZhVdiK8Dk8'''
 ,1
 ,1
[System: 192.168.1.54] DEBUG | 07/02/2026 13:07:54.125 | General Service|:: CompanyIndex:1 SpName: spADM_GetDataSet 
 'declare @UserID int,@RoleID int,@UserName NVARCHAR(100),@where nvarchar(max),@query nvarchar(max)
set @UserID=1
set @RoleID=1-- Employee:-1
SELECT @UserName=UserName From ADM_Users WITH(NOLOCK) WHERE UserID=@UserID
exec [fnGet_GetAssignedDims] @UserID,@RoleID,@where output
 create table #TblUsrWF(WID int,LevelID int,Type int,CtWef float,LvWef int)
EXEC spRPT_GetReportData @Type=8,@Param1=@UserID,@strXML=null,@RoleID=@RoleID set @query=''  SELECT DT.CostCenterID,DT.DocumentName,DT.DocumentType,DT.IsInventory,count(*) CNT
FROM (
 SELECT INV.CostCenterID
FROM INV_DocDetails INV with(nolock)''
if(@where<>'''')
	set @query=@query+'' join com_docccdata d with(nolock) on INV.INVDocDetailsid=d.INVDocDetailsid''	

set @query=@query+'' ,#TblUsrWF WF
WHERE WF.WID=INV.WorkflowID and (WF.LevelID>INV.WorkFlowLevel or (WF.LevelID+1=INV.WorkFlowLevel and INV.StatusID=372)) and (INV.StatusID=371 or INV.StatusID=372 or INV.StatusID=441) AND (WF.Type=1 or (INV.WorkFlowLevel+1=WF.LevelID and INV.StatusID!=372) or (WF.LevelID+1=INV.WorkFlowLevel and INV.StatusID=372) or (WF.CtWef is not null and INV.WorkFlowLevel>=WF.LvWef
and INV.CreatedDate+WF.CtWef<=convert(float,getdate())))  ''+@where+''
GROUP BY INV.CostCenterID,INV.VoucherNo
UNION ALL
SELECT ACC.CostCenterID
FROM ACC_DocDetails ACC with(nolock)''
if(@where<>'''')
	set @query=@query+'' join com_docccdata d with(nolock) on ACC.ACCDocDetailsid=d.ACCDocDetailsid''	

set @query=@query+'',#TblUsrWF WF
WHERE ACC.LinkedAccDocDetailsID is null and ACC.InvDocDetailsID is null and WF.WID=ACC.WorkflowID and (WF.LevelID>ACC.WorkFlowLevel or (WF.LevelID+1=ACC.WorkFlowLevel and ACC.StatusID=372)) and (ACC.StatusID=371 or ACC.StatusID=372 or ACC.StatusID=441) AND (WF.Type=1 or (ACC.WorkFlowLevel+1=WF.LevelID and ACC.StatusID!=372) or (WF.LevelID+1=ACC.WorkFlowLevel and ACC.StatusID=372) or (WF.CtWef is not null and ACC.WorkFlowLevel>=WF.LvWef
and ACC.CreatedDate+WF.CtWef<=convert(float,getdate())))   ''+@where+''
GROUP BY ACC.CostCenterID,ACC.VoucherNo  ) AS T
JOIN ADM_DocumentTypes DT with(nolock) ON T.CostCenterID=DT.CostCenterID
GROUP BY DT.CostCenterID,DT.DocumentName,DT.DocumentType,DT.IsInventory  
UNION ALL
SELECT DT.FeatureID CostCenterID,DT.Name DocumentName,-DT.FeatureID DocumentType,0 IsInventory,count(*) CNT
FROM (
SELECT INV.CostCenterID FROM REN_Contract INV WITH(NOLOCK),#TblUsrWF WF
WHERE  WF.WID=INV.WorkflowID and WF.LevelID>INV.WorkFlowLevel and (INV.StatusID=440 or INV.StatusID=470 or INV.StatusID=466) AND (WF.Type=1 or (INV.WorkFlowLevel+1=WF.LevelID and INV.StatusID!=470)  or (WF.CtWef is not null and INV.WorkFlowLevel>=WF.LvWef
 and INV.CreatedDate+WF.CtWef<=convert(float,getdate()))) AND INV.RefContractID=0 ) AS T
JOIN ADM_Features DT with(nolock) ON T.CostCenterID=DT.FeatureID
GROUP BY DT.FeatureID,DT.Name 
ORDER BY DocumentName''
exec(@query)

DROP TABLE #TblUsrWF
'
 ,1
 ,1
[System: 192.168.1.54] DEBUG | 07/02/2026 13:07:54.140 | General Service|:: CompanyIndex:1 SpName: spADM_GetDataSet 
 'select * from COM_TokenHistory WITH(NOLOCK) where JwtToken=''eyJhbGciOiJIUzI1NiIsInR5cCI6IkpXVCJ9.eyJ1bmlxdWVfbmFtZSI6ImFkbWluLDEsMSwxIiwibmJmIjoxNzgyOTc2NDkyLCJleHAiOjE3ODMwMDUyOTIsImlhdCI6MTc4Mjk3NjQ5Mn0.UGzeBsXuSi_ASW564ATkMzxiPEfS_S0IdYiI1WXp6f0'''
 ,1
 ,1
[System: 192.168.1.54] DEBUG | 07/02/2026 13:07:58.296 | General Service|:: CompanyIndex:1 SpName: spADM_GetDataSet 
 'declare @UserID int,@RoleID int,@UserName NVARCHAR(100),@where nvarchar(max),@query nvarchar(max)
set @UserID=1
set @RoleID=1-- Employee:-1
SELECT @UserName=UserName From ADM_Users WITH(NOLOCK) WHERE UserID=@UserID
exec [fnGet_GetAssignedDims] @UserID,@RoleID,@where output
 create table #TblUsrWF(WID int,LevelID int,Type int,CtWef float,LvWef int)
EXEC spRPT_GetReportData @Type=8,@Param1=@UserID,@strXML=null,@RoleID=@RoleID set @query=''  SELECT DT.CostCenterID,DT.DocumentName,DT.DocumentType,DT.IsInventory,count(*) CNT
FROM (
 SELECT INV.CostCenterID
FROM INV_DocDetails INV with(nolock)''
if(@where<>'''')
	set @query=@query+'' join com_docccdata d with(nolock) on INV.INVDocDetailsid=d.INVDocDetailsid''	

set @query=@query+'' ,#TblUsrWF WF
WHERE WF.WID=INV.WorkflowID and (WF.LevelID>INV.WorkFlowLevel or (WF.LevelID+1=INV.WorkFlowLevel and INV.StatusID=372)) and (INV.StatusID=371 or INV.StatusID=372 or INV.StatusID=441) AND (WF.Type=1 or (INV.WorkFlowLevel+1=WF.LevelID and INV.StatusID!=372) or (WF.LevelID+1=INV.WorkFlowLevel and INV.StatusID=372) or (WF.CtWef is not null and INV.WorkFlowLevel>=WF.LvWef
and INV.CreatedDate+WF.CtWef<=convert(float,getdate())))  ''+@where+''
GROUP BY INV.CostCenterID,INV.VoucherNo
UNION ALL
SELECT ACC.CostCenterID
FROM ACC_DocDetails ACC with(nolock)''
if(@where<>'''')
	set @query=@query+'' join com_docccdata d with(nolock) on ACC.ACCDocDetailsid=d.ACCDocDetailsid''	

set @query=@query+'',#TblUsrWF WF
WHERE ACC.LinkedAccDocDetailsID is null and ACC.InvDocDetailsID is null and WF.WID=ACC.WorkflowID and (WF.LevelID>ACC.WorkFlowLevel or (WF.LevelID+1=ACC.WorkFlowLevel and ACC.StatusID=372)) and (ACC.StatusID=371 or ACC.StatusID=372 or ACC.StatusID=441) AND (WF.Type=1 or (ACC.WorkFlowLevel+1=WF.LevelID and ACC.StatusID!=372) or (WF.LevelID+1=ACC.WorkFlowLevel and ACC.StatusID=372) or (WF.CtWef is not null and ACC.WorkFlowLevel>=WF.LvWef
and ACC.CreatedDate+WF.CtWef<=convert(float,getdate())))   ''+@where+''
GROUP BY ACC.CostCenterID,ACC.VoucherNo  ) AS T
JOIN ADM_DocumentTypes DT with(nolock) ON T.CostCenterID=DT.CostCenterID
GROUP BY DT.CostCenterID,DT.DocumentName,DT.DocumentType,DT.IsInventory  
UNION ALL
SELECT DT.FeatureID CostCenterID,DT.Name DocumentName,-DT.FeatureID DocumentType,0 IsInventory,count(*) CNT
FROM (
SELECT INV.CostCenterID FROM REN_Contract INV WITH(NOLOCK),#TblUsrWF WF
WHERE  WF.WID=INV.WorkflowID and WF.LevelID>INV.WorkFlowLevel and (INV.StatusID=440 or INV.StatusID=470 or INV.StatusID=466) AND (WF.Type=1 or (INV.WorkFlowLevel+1=WF.LevelID and INV.StatusID!=470)  or (WF.CtWef is not null and INV.WorkFlowLevel>=WF.LvWef
 and INV.CreatedDate+WF.CtWef<=convert(float,getdate()))) AND INV.RefContractID=0 ) AS T
JOIN ADM_Features DT with(nolock) ON T.CostCenterID=DT.FeatureID
GROUP BY DT.FeatureID,DT.Name 
ORDER BY DocumentName''
exec(@query)

DROP TABLE #TblUsrWF
'
 ,1
 ,1
[System: 192.168.1.54] DEBUG | 07/02/2026 13:07:58.311 | General Service|:: CompanyIndex:1 SpName: spADM_GetDataSet 
 'select * from COM_TokenHistory WITH(NOLOCK) where JwtToken=''eyJhbGciOiJIUzI1NiIsInR5cCI6IkpXVCJ9.eyJ1bmlxdWVfbmFtZSI6ImFkbWluLDEsMSwxIiwibmJmIjoxNzgyOTc2NDE5LCJleHAiOjE3ODMwMDUyMTksImlhdCI6MTc4Mjk3NjQxOX0.BCzDZinKRm2uqURt9XZAKDZMQ1MbBm27dGC69ty9Dfo'''
 ,1
 ,1
[System: 192.168.1.54] DEBUG | 07/02/2026 13:08:42.307 | General Service|:: CompanyIndex:1 SpName: spCOM_ConfigValues 
 1
 ,'NotifTime'
 ,''
[System: 192.168.1.54] DEBUG | 07/02/2026 13:08:42.307 | General Service|:: CompanyIndex:1 SpName: spADM_GetDataSet 
 'select * from COM_TokenHistory WITH(NOLOCK) where JwtToken=''eyJhbGciOiJIUzI1NiIsInR5cCI6IkpXVCJ9.eyJ1bmlxdWVfbmFtZSI6ImFkbWluLDEsMSwxIiwibmJmIjoxNzgyOTc2NDE5LCJleHAiOjE3ODMwMDUyMTksImlhdCI6MTc4Mjk3NjQxOX0.BCzDZinKRm2uqURt9XZAKDZMQ1MbBm27dGC69ty9Dfo'''
 ,1
 ,1
[System: 192.168.1.76] DEBUG | 07/02/2026 13:08:51.712 | General Service|:: CompanyIndex:1 SpName: spADM_GetDataSet 
 'declare @UserID int,@RoleID int,@UserName NVARCHAR(100),@where nvarchar(max),@query nvarchar(max)
set @UserID=1
set @RoleID=1-- Employee:-1
SELECT @UserName=UserName From ADM_Users WITH(NOLOCK) WHERE UserID=@UserID
exec [fnGet_GetAssignedDims] @UserID,@RoleID,@where output
 create table #TblUsrWF(WID int,LevelID int,Type int,CtWef float,LvWef int)
EXEC spRPT_GetReportData @Type=8,@Param1=@UserID,@strXML=null,@RoleID=@RoleID set @query=''  SELECT DT.CostCenterID,DT.DocumentName,DT.DocumentType,DT.IsInventory,count(*) CNT
FROM (
 SELECT INV.CostCenterID
FROM INV_DocDetails INV with(nolock)''
if(@where<>'''')
	set @query=@query+'' join com_docccdata d with(nolock) on INV.INVDocDetailsid=d.INVDocDetailsid''	

set @query=@query+'' ,#TblUsrWF WF
WHERE WF.WID=INV.WorkflowID and (WF.LevelID>INV.WorkFlowLevel or (WF.LevelID+1=INV.WorkFlowLevel and INV.StatusID=372)) and (INV.StatusID=371 or INV.StatusID=372 or INV.StatusID=441) AND (WF.Type=1 or (INV.WorkFlowLevel+1=WF.LevelID and INV.StatusID!=372) or (WF.LevelID+1=INV.WorkFlowLevel and INV.StatusID=372) or (WF.CtWef is not null and INV.WorkFlowLevel>=WF.LvWef
    and INV.CreatedDate+WF.CtWef<=convert(float,getdate())))  ''+@where+''
GROUP BY INV.CostCenterID,INV.VoucherNo
UNION ALL
SELECT ACC.CostCenterID
FROM ACC_DocDetails ACC with(nolock)''
if(@where<>'''')
	set @query=@query+'' join com_docccdata d with(nolock) on ACC.ACCDocDetailsid=d.ACCDocDetailsid''	

set @query=@query+'',#TblUsrWF WF
WHERE ACC.LinkedAccDocDetailsID is null and ACC.InvDocDetailsID is null and WF.WID=ACC.WorkflowID and (WF.LevelID>ACC.WorkFlowLevel or (WF.LevelID+1=ACC.WorkFlowLevel and ACC.StatusID=372)) and (ACC.StatusID=371 or ACC.StatusID=372 or ACC.StatusID=441) AND (WF.Type=1 or (ACC.WorkFlowLevel+1=WF.LevelID and ACC.StatusID!=372) or (WF.LevelID+1=ACC.WorkFlowLevel and ACC.StatusID=372) or (WF.CtWef is not null and ACC.WorkFlowLevel>=WF.LvWef
    and ACC.CreatedDate+WF.CtWef<=convert(float,getdate())))   ''+@where+''
GROUP BY ACC.CostCenterID,ACC.VoucherNo  ) AS T
JOIN ADM_DocumentTypes DT with(nolock) ON T.CostCenterID=DT.CostCenterID
GROUP BY DT.CostCenterID,DT.DocumentName,DT.DocumentType,DT.IsInventory  
UNION ALL
SELECT DT.FeatureID CostCenterID,DT.Name DocumentName,-DT.FeatureID DocumentType,0 IsInventory,count(*) CNT
FROM (
SELECT INV.CostCenterID FROM REN_Contract INV WITH(NOLOCK),#TblUsrWF WF
WHERE  WF.WID=INV.WorkflowID and WF.LevelID>INV.WorkFlowLevel and (INV.StatusID=440 or INV.StatusID=470 or INV.StatusID=466) AND (WF.Type=1 or (INV.WorkFlowLevel+1=WF.LevelID and INV.StatusID!=470)  or (WF.CtWef is not null and INV.WorkFlowLevel>=WF.LvWef
 and INV.CreatedDate+WF.CtWef<=convert(float,getdate()))) AND INV.RefContractID=0 ) AS T
JOIN ADM_Features DT with(nolock) ON T.CostCenterID=DT.FeatureID
GROUP BY DT.FeatureID,DT.Name 
ORDER BY DocumentName''
exec(@query)

DROP TABLE #TblUsrWF
'
 ,1
 ,1
[System: 192.168.1.76] DEBUG | 07/02/2026 13:08:51.712 | General Service|:: CompanyIndex:1 SpName: spADM_GetDataSet 
 'select * from COM_TokenHistory WITH(NOLOCK) where JwtToken=''eyJhbGciOiJIUzI1NiIsInR5cCI6IkpXVCJ9.eyJ1bmlxdWVfbmFtZSI6ImFkbWluLDEsMSwxIiwibmJmIjoxNzgyOTc3NDQ5LCJleHAiOjE3ODMwMDYyNDksImlhdCI6MTc4Mjk3NzQ0OX0.mWp9cMlgq1SGgCBokxDdv197IyH69_DbQZhVdiK8Dk8'''
 ,1
 ,1
[System: 192.168.1.54] DEBUG | 07/02/2026 13:08:53.837 | General Service|:: CompanyIndex:1 SpName: spADM_GetDataSet 
 'declare @UserID int,@RoleID int,@UserName NVARCHAR(100),@where nvarchar(max),@query nvarchar(max)
set @UserID=1
set @RoleID=1-- Employee:-1
SELECT @UserName=UserName From ADM_Users WITH(NOLOCK) WHERE UserID=@UserID
exec [fnGet_GetAssignedDims] @UserID,@RoleID,@where output
 create table #TblUsrWF(WID int,LevelID int,Type int,CtWef float,LvWef int)
EXEC spRPT_GetReportData @Type=8,@Param1=@UserID,@strXML=null,@RoleID=@RoleID set @query=''  SELECT DT.CostCenterID,DT.DocumentName,DT.DocumentType,DT.IsInventory,count(*) CNT
FROM (
 SELECT INV.CostCenterID
FROM INV_DocDetails INV with(nolock)''
if(@where<>'''')
	set @query=@query+'' join com_docccdata d with(nolock) on INV.INVDocDetailsid=d.INVDocDetailsid''	

set @query=@query+'' ,#TblUsrWF WF
WHERE WF.WID=INV.WorkflowID and (WF.LevelID>INV.WorkFlowLevel or (WF.LevelID+1=INV.WorkFlowLevel and INV.StatusID=372)) and (INV.StatusID=371 or INV.StatusID=372 or INV.StatusID=441) AND (WF.Type=1 or (INV.WorkFlowLevel+1=WF.LevelID and INV.StatusID!=372) or (WF.LevelID+1=INV.WorkFlowLevel and INV.StatusID=372) or (WF.CtWef is not null and INV.WorkFlowLevel>=WF.LvWef
and INV.CreatedDate+WF.CtWef<=convert(float,getdate())))  ''+@where+''
GROUP BY INV.CostCenterID,INV.VoucherNo
UNION ALL
SELECT ACC.CostCenterID
FROM ACC_DocDetails ACC with(nolock)''
if(@where<>'''')
	set @query=@query+'' join com_docccdata d with(nolock) on ACC.ACCDocDetailsid=d.ACCDocDetailsid''	

set @query=@query+'',#TblUsrWF WF
WHERE ACC.LinkedAccDocDetailsID is null and ACC.InvDocDetailsID is null and WF.WID=ACC.WorkflowID and (WF.LevelID>ACC.WorkFlowLevel or (WF.LevelID+1=ACC.WorkFlowLevel and ACC.StatusID=372)) and (ACC.StatusID=371 or ACC.StatusID=372 or ACC.StatusID=441) AND (WF.Type=1 or (ACC.WorkFlowLevel+1=WF.LevelID and ACC.StatusID!=372) or (WF.LevelID+1=ACC.WorkFlowLevel and ACC.StatusID=372) or (WF.CtWef is not null and ACC.WorkFlowLevel>=WF.LvWef
and ACC.CreatedDate+WF.CtWef<=convert(float,getdate())))   ''+@where+''
GROUP BY ACC.CostCenterID,ACC.VoucherNo  ) AS T
JOIN ADM_DocumentTypes DT with(nolock) ON T.CostCenterID=DT.CostCenterID
GROUP BY DT.CostCenterID,DT.DocumentName,DT.DocumentType,DT.IsInventory  
UNION ALL
SELECT DT.FeatureID CostCenterID,DT.Name DocumentName,-DT.FeatureID DocumentType,0 IsInventory,count(*) CNT
FROM (
SELECT INV.CostCenterID FROM REN_Contract INV WITH(NOLOCK),#TblUsrWF WF
WHERE  WF.WID=INV.WorkflowID and WF.LevelID>INV.WorkFlowLevel and (INV.StatusID=440 or INV.StatusID=470 or INV.StatusID=466) AND (WF.Type=1 or (INV.WorkFlowLevel+1=WF.LevelID and INV.StatusID!=470)  or (WF.CtWef is not null and INV.WorkFlowLevel>=WF.LvWef
 and INV.CreatedDate+WF.CtWef<=convert(float,getdate()))) AND INV.RefContractID=0 ) AS T
JOIN ADM_Features DT with(nolock) ON T.CostCenterID=DT.FeatureID
GROUP BY DT.FeatureID,DT.Name 
ORDER BY DocumentName''
exec(@query)

DROP TABLE #TblUsrWF
'
 ,1
 ,1
[System: 192.168.1.54] DEBUG | 07/02/2026 13:08:53.837 | General Service|:: CompanyIndex:1 SpName: spADM_GetDataSet 
 'select * from COM_TokenHistory WITH(NOLOCK) where JwtToken=''eyJhbGciOiJIUzI1NiIsInR5cCI6IkpXVCJ9.eyJ1bmlxdWVfbmFtZSI6ImFkbWluLDEsMSwxIiwibmJmIjoxNzgyOTc2NDkyLCJleHAiOjE3ODMwMDUyOTIsImlhdCI6MTc4Mjk3NjQ5Mn0.UGzeBsXuSi_ASW564ATkMzxiPEfS_S0IdYiI1WXp6f0'''
 ,1
 ,1
[System: 192.168.1.54] DEBUG | 07/02/2026 13:09:00.151 | General Service|:: CompanyIndex:1 SpName: spADM_GetDataSet 
 'declare @UserID int,@RoleID int,@UserName NVARCHAR(100),@where nvarchar(max),@query nvarchar(max)
set @UserID=1
set @RoleID=1-- Employee:-1
SELECT @UserName=UserName From ADM_Users WITH(NOLOCK) WHERE UserID=@UserID
exec [fnGet_GetAssignedDims] @UserID,@RoleID,@where output
 create table #TblUsrWF(WID int,LevelID int,Type int,CtWef float,LvWef int)
EXEC spRPT_GetReportData @Type=8,@Param1=@UserID,@strXML=null,@RoleID=@RoleID set @query=''  SELECT DT.CostCenterID,DT.DocumentName,DT.DocumentType,DT.IsInventory,count(*) CNT
FROM (
 SELECT INV.CostCenterID
FROM INV_DocDetails INV with(nolock)''
if(@where<>'''')
	set @query=@query+'' join com_docccdata d with(nolock) on INV.INVDocDetailsid=d.INVDocDetailsid''	

set @query=@query+'' ,#TblUsrWF WF
WHERE WF.WID=INV.WorkflowID and (WF.LevelID>INV.WorkFlowLevel or (WF.LevelID+1=INV.WorkFlowLevel and INV.StatusID=372)) and (INV.StatusID=371 or INV.StatusID=372 or INV.StatusID=441) AND (WF.Type=1 or (INV.WorkFlowLevel+1=WF.LevelID and INV.StatusID!=372) or (WF.LevelID+1=INV.WorkFlowLevel and INV.StatusID=372) or (WF.CtWef is not null and INV.WorkFlowLevel>=WF.LvWef
and INV.CreatedDate+WF.CtWef<=convert(float,getdate())))  ''+@where+''
GROUP BY INV.CostCenterID,INV.VoucherNo
UNION ALL
SELECT ACC.CostCenterID
FROM ACC_DocDetails ACC with(nolock)''
if(@where<>'''')
	set @query=@query+'' join com_docccdata d with(nolock) on ACC.ACCDocDetailsid=d.ACCDocDetailsid''	

set @query=@query+'',#TblUsrWF WF
WHERE ACC.LinkedAccDocDetailsID is null and ACC.InvDocDetailsID is null and WF.WID=ACC.WorkflowID and (WF.LevelID>ACC.WorkFlowLevel or (WF.LevelID+1=ACC.WorkFlowLevel and ACC.StatusID=372)) and (ACC.StatusID=371 or ACC.StatusID=372 or ACC.StatusID=441) AND (WF.Type=1 or (ACC.WorkFlowLevel+1=WF.LevelID and ACC.StatusID!=372) or (WF.LevelID+1=ACC.WorkFlowLevel and ACC.StatusID=372) or (WF.CtWef is not null and ACC.WorkFlowLevel>=WF.LvWef
and ACC.CreatedDate+WF.CtWef<=convert(float,getdate())))   ''+@where+''
GROUP BY ACC.CostCenterID,ACC.VoucherNo  ) AS T
JOIN ADM_DocumentTypes DT with(nolock) ON T.CostCenterID=DT.CostCenterID
GROUP BY DT.CostCenterID,DT.DocumentName,DT.DocumentType,DT.IsInventory  
UNION ALL
SELECT DT.FeatureID CostCenterID,DT.Name DocumentName,-DT.FeatureID DocumentType,0 IsInventory,count(*) CNT
FROM (
SELECT INV.CostCenterID FROM REN_Contract INV WITH(NOLOCK),#TblUsrWF WF
WHERE  WF.WID=INV.WorkflowID and WF.LevelID>INV.WorkFlowLevel and (INV.StatusID=440 or INV.StatusID=470 or INV.StatusID=466) AND (WF.Type=1 or (INV.WorkFlowLevel+1=WF.LevelID and INV.StatusID!=470)  or (WF.CtWef is not null and INV.WorkFlowLevel>=WF.LvWef
 and INV.CreatedDate+WF.CtWef<=convert(float,getdate()))) AND INV.RefContractID=0 ) AS T
JOIN ADM_Features DT with(nolock) ON T.CostCenterID=DT.FeatureID
GROUP BY DT.FeatureID,DT.Name 
ORDER BY DocumentName''
exec(@query)

DROP TABLE #TblUsrWF
'
 ,1
 ,1
[System: 192.168.1.54] DEBUG | 07/02/2026 13:09:00.151 | General Service|:: CompanyIndex:1 SpName: spADM_GetDataSet 
 'select * from COM_TokenHistory WITH(NOLOCK) where JwtToken=''eyJhbGciOiJIUzI1NiIsInR5cCI6IkpXVCJ9.eyJ1bmlxdWVfbmFtZSI6ImFkbWluLDEsMSwxIiwibmJmIjoxNzgyOTc2NDE5LCJleHAiOjE3ODMwMDUyMTksImlhdCI6MTc4Mjk3NjQxOX0.BCzDZinKRm2uqURt9XZAKDZMQ1MbBm27dGC69ty9Dfo'''
 ,1
 ,1
[System: 192.168.1.76] DEBUG | 07/02/2026 13:09:51.705 | General Service|:: CompanyIndex:1 SpName: spADM_GetDataSet 
 'declare @UserID int,@RoleID int,@UserName NVARCHAR(100),@where nvarchar(max),@query nvarchar(max)
set @UserID=1
set @RoleID=1-- Employee:-1
SELECT @UserName=UserName From ADM_Users WITH(NOLOCK) WHERE UserID=@UserID
exec [fnGet_GetAssignedDims] @UserID,@RoleID,@where output
 create table #TblUsrWF(WID int,LevelID int,Type int,CtWef float,LvWef int)
EXEC spRPT_GetReportData @Type=8,@Param1=@UserID,@strXML=null,@RoleID=@RoleID set @query=''  SELECT DT.CostCenterID,DT.DocumentName,DT.DocumentType,DT.IsInventory,count(*) CNT
FROM (
 SELECT INV.CostCenterID
FROM INV_DocDetails INV with(nolock)''
if(@where<>'''')
	set @query=@query+'' join com_docccdata d with(nolock) on INV.INVDocDetailsid=d.INVDocDetailsid''	

set @query=@query+'' ,#TblUsrWF WF
WHERE WF.WID=INV.WorkflowID and (WF.LevelID>INV.WorkFlowLevel or (WF.LevelID+1=INV.WorkFlowLevel and INV.StatusID=372)) and (INV.StatusID=371 or INV.StatusID=372 or INV.StatusID=441) AND (WF.Type=1 or (INV.WorkFlowLevel+1=WF.LevelID and INV.StatusID!=372) or (WF.LevelID+1=INV.WorkFlowLevel and INV.StatusID=372) or (WF.CtWef is not null and INV.WorkFlowLevel>=WF.LvWef
    and INV.CreatedDate+WF.CtWef<=convert(float,getdate())))  ''+@where+''
GROUP BY INV.CostCenterID,INV.VoucherNo
UNION ALL
SELECT ACC.CostCenterID
FROM ACC_DocDetails ACC with(nolock)''
if(@where<>'''')
	set @query=@query+'' join com_docccdata d with(nolock) on ACC.ACCDocDetailsid=d.ACCDocDetailsid''	

set @query=@query+'',#TblUsrWF WF
WHERE ACC.LinkedAccDocDetailsID is null and ACC.InvDocDetailsID is null and WF.WID=ACC.WorkflowID and (WF.LevelID>ACC.WorkFlowLevel or (WF.LevelID+1=ACC.WorkFlowLevel and ACC.StatusID=372)) and (ACC.StatusID=371 or ACC.StatusID=372 or ACC.StatusID=441) AND (WF.Type=1 or (ACC.WorkFlowLevel+1=WF.LevelID and ACC.StatusID!=372) or (WF.LevelID+1=ACC.WorkFlowLevel and ACC.StatusID=372) or (WF.CtWef is not null and ACC.WorkFlowLevel>=WF.LvWef
    and ACC.CreatedDate+WF.CtWef<=convert(float,getdate())))   ''+@where+''
GROUP BY ACC.CostCenterID,ACC.VoucherNo  ) AS T
JOIN ADM_DocumentTypes DT with(nolock) ON T.CostCenterID=DT.CostCenterID
GROUP BY DT.CostCenterID,DT.DocumentName,DT.DocumentType,DT.IsInventory  
UNION ALL
SELECT DT.FeatureID CostCenterID,DT.Name DocumentName,-DT.FeatureID DocumentType,0 IsInventory,count(*) CNT
FROM (
SELECT INV.CostCenterID FROM REN_Contract INV WITH(NOLOCK),#TblUsrWF WF
WHERE  WF.WID=INV.WorkflowID and WF.LevelID>INV.WorkFlowLevel and (INV.StatusID=440 or INV.StatusID=470 or INV.StatusID=466) AND (WF.Type=1 or (INV.WorkFlowLevel+1=WF.LevelID and INV.StatusID!=470)  or (WF.CtWef is not null and INV.WorkFlowLevel>=WF.LvWef
 and INV.CreatedDate+WF.CtWef<=convert(float,getdate()))) AND INV.RefContractID=0 ) AS T
JOIN ADM_Features DT with(nolock) ON T.CostCenterID=DT.FeatureID
GROUP BY DT.FeatureID,DT.Name 
ORDER BY DocumentName''
exec(@query)

DROP TABLE #TblUsrWF
'
 ,1
 ,1
[System: 192.168.1.76] DEBUG | 07/02/2026 13:09:51.799 | General Service|:: CompanyIndex:1 SpName: spADM_GetDataSet 
 'select * from COM_TokenHistory WITH(NOLOCK) where JwtToken=''eyJhbGciOiJIUzI1NiIsInR5cCI6IkpXVCJ9.eyJ1bmlxdWVfbmFtZSI6ImFkbWluLDEsMSwxIiwibmJmIjoxNzgyOTc3NDQ5LCJleHAiOjE3ODMwMDYyNDksImlhdCI6MTc4Mjk3NzQ0OX0.mWp9cMlgq1SGgCBokxDdv197IyH69_DbQZhVdiK8Dk8'''
 ,1
 ,1
[System: 192.168.1.54] DEBUG | 07/02/2026 13:09:52.751 | General Service|:: CompanyIndex:1 SpName: spCOM_ConfigValues 
 1
 ,'NotifTime'
 ,''
[System: 192.168.1.54] DEBUG | 07/02/2026 13:09:52.751 | General Service|:: CompanyIndex:1 SpName: spADM_GetDataSet 
 'select * from COM_TokenHistory WITH(NOLOCK) where JwtToken=''eyJhbGciOiJIUzI1NiIsInR5cCI6IkpXVCJ9.eyJ1bmlxdWVfbmFtZSI6ImFkbWluLDEsMSwxIiwibmJmIjoxNzgyOTc2NDkyLCJleHAiOjE3ODMwMDUyOTIsImlhdCI6MTc4Mjk3NjQ5Mn0.UGzeBsXuSi_ASW564ATkMzxiPEfS_S0IdYiI1WXp6f0'''
 ,1
 ,1
[System: 192.168.1.54] DEBUG | 07/02/2026 13:09:53.845 | General Service|:: CompanyIndex:1 SpName: spADM_GetDataSet 
 'declare @UserID int,@RoleID int,@UserName NVARCHAR(100),@where nvarchar(max),@query nvarchar(max)
set @UserID=1
set @RoleID=1-- Employee:-1
SELECT @UserName=UserName From ADM_Users WITH(NOLOCK) WHERE UserID=@UserID
exec [fnGet_GetAssignedDims] @UserID,@RoleID,@where output
 create table #TblUsrWF(WID int,LevelID int,Type int,CtWef float,LvWef int)
EXEC spRPT_GetReportData @Type=8,@Param1=@UserID,@strXML=null,@RoleID=@RoleID set @query=''  SELECT DT.CostCenterID,DT.DocumentName,DT.DocumentType,DT.IsInventory,count(*) CNT
FROM (
 SELECT INV.CostCenterID
FROM INV_DocDetails INV with(nolock)''
if(@where<>'''')
	set @query=@query+'' join com_docccdata d with(nolock) on INV.INVDocDetailsid=d.INVDocDetailsid''	

set @query=@query+'' ,#TblUsrWF WF
WHERE WF.WID=INV.WorkflowID and (WF.LevelID>INV.WorkFlowLevel or (WF.LevelID+1=INV.WorkFlowLevel and INV.StatusID=372)) and (INV.StatusID=371 or INV.StatusID=372 or INV.StatusID=441) AND (WF.Type=1 or (INV.WorkFlowLevel+1=WF.LevelID and INV.StatusID!=372) or (WF.LevelID+1=INV.WorkFlowLevel and INV.StatusID=372) or (WF.CtWef is not null and INV.WorkFlowLevel>=WF.LvWef
and INV.CreatedDate+WF.CtWef<=convert(float,getdate())))  ''+@where+''
GROUP BY INV.CostCenterID,INV.VoucherNo
UNION ALL
SELECT ACC.CostCenterID
FROM ACC_DocDetails ACC with(nolock)''
if(@where<>'''')
	set @query=@query+'' join com_docccdata d with(nolock) on ACC.ACCDocDetailsid=d.ACCDocDetailsid''	

set @query=@query+'',#TblUsrWF WF
WHERE ACC.LinkedAccDocDetailsID is null and ACC.InvDocDetailsID is null and WF.WID=ACC.WorkflowID and (WF.LevelID>ACC.WorkFlowLevel or (WF.LevelID+1=ACC.WorkFlowLevel and ACC.StatusID=372)) and (ACC.StatusID=371 or ACC.StatusID=372 or ACC.StatusID=441) AND (WF.Type=1 or (ACC.WorkFlowLevel+1=WF.LevelID and ACC.StatusID!=372) or (WF.LevelID+1=ACC.WorkFlowLevel and ACC.StatusID=372) or (WF.CtWef is not null and ACC.WorkFlowLevel>=WF.LvWef
and ACC.CreatedDate+WF.CtWef<=convert(float,getdate())))   ''+@where+''
GROUP BY ACC.CostCenterID,ACC.VoucherNo  ) AS T
JOIN ADM_DocumentTypes DT with(nolock) ON T.CostCenterID=DT.CostCenterID
GROUP BY DT.CostCenterID,DT.DocumentName,DT.DocumentType,DT.IsInventory  
UNION ALL
SELECT DT.FeatureID CostCenterID,DT.Name DocumentName,-DT.FeatureID DocumentType,0 IsInventory,count(*) CNT
FROM (
SELECT INV.CostCenterID FROM REN_Contract INV WITH(NOLOCK),#TblUsrWF WF
WHERE  WF.WID=INV.WorkflowID and WF.LevelID>INV.WorkFlowLevel and (INV.StatusID=440 or INV.StatusID=470 or INV.StatusID=466) AND (WF.Type=1 or (INV.WorkFlowLevel+1=WF.LevelID and INV.StatusID!=470)  or (WF.CtWef is not null and INV.WorkFlowLevel>=WF.LvWef
 and INV.CreatedDate+WF.CtWef<=convert(float,getdate()))) AND INV.RefContractID=0 ) AS T
JOIN ADM_Features DT with(nolock) ON T.CostCenterID=DT.FeatureID
GROUP BY DT.FeatureID,DT.Name 
ORDER BY DocumentName''
exec(@query)

DROP TABLE #TblUsrWF
'
 ,1
 ,1
[System: 192.168.1.54] DEBUG | 07/02/2026 13:09:53.845 | General Service|:: CompanyIndex:1 SpName: spADM_GetDataSet 
 'select * from COM_TokenHistory WITH(NOLOCK) where JwtToken=''eyJhbGciOiJIUzI1NiIsInR5cCI6IkpXVCJ9.eyJ1bmlxdWVfbmFtZSI6ImFkbWluLDEsMSwxIiwibmJmIjoxNzgyOTc2NDkyLCJleHAiOjE3ODMwMDUyOTIsImlhdCI6MTc4Mjk3NjQ5Mn0.UGzeBsXuSi_ASW564ATkMzxiPEfS_S0IdYiI1WXp6f0'''
 ,1
 ,1
[System: 192.168.1.54] DEBUG | 07/02/2026 13:10:00.297 | General Service|:: CompanyIndex:1 SpName: spADM_GetDataSet 
 'declare @UserID int,@RoleID int,@UserName NVARCHAR(100),@where nvarchar(max),@query nvarchar(max)
set @UserID=1
set @RoleID=1-- Employee:-1
SELECT @UserName=UserName From ADM_Users WITH(NOLOCK) WHERE UserID=@UserID
exec [fnGet_GetAssignedDims] @UserID,@RoleID,@where output
 create table #TblUsrWF(WID int,LevelID int,Type int,CtWef float,LvWef int)
EXEC spRPT_GetReportData @Type=8,@Param1=@UserID,@strXML=null,@RoleID=@RoleID set @query=''  SELECT DT.CostCenterID,DT.DocumentName,DT.DocumentType,DT.IsInventory,count(*) CNT
FROM (
 SELECT INV.CostCenterID
FROM INV_DocDetails INV with(nolock)''
if(@where<>'''')
	set @query=@query+'' join com_docccdata d with(nolock) on INV.INVDocDetailsid=d.INVDocDetailsid''	

set @query=@query+'' ,#TblUsrWF WF
WHERE WF.WID=INV.WorkflowID and (WF.LevelID>INV.WorkFlowLevel or (WF.LevelID+1=INV.WorkFlowLevel and INV.StatusID=372)) and (INV.StatusID=371 or INV.StatusID=372 or INV.StatusID=441) AND (WF.Type=1 or (INV.WorkFlowLevel+1=WF.LevelID and INV.StatusID!=372) or (WF.LevelID+1=INV.WorkFlowLevel and INV.StatusID=372) or (WF.CtWef is not null and INV.WorkFlowLevel>=WF.LvWef
and INV.CreatedDate+WF.CtWef<=convert(float,getdate())))  ''+@where+''
GROUP BY INV.CostCenterID,INV.VoucherNo
UNION ALL
SELECT ACC.CostCenterID
FROM ACC_DocDetails ACC with(nolock)''
if(@where<>'''')
	set @query=@query+'' join com_docccdata d with(nolock) on ACC.ACCDocDetailsid=d.ACCDocDetailsid''	

set @query=@query+'',#TblUsrWF WF
WHERE ACC.LinkedAccDocDetailsID is null and ACC.InvDocDetailsID is null and WF.WID=ACC.WorkflowID and (WF.LevelID>ACC.WorkFlowLevel or (WF.LevelID+1=ACC.WorkFlowLevel and ACC.StatusID=372)) and (ACC.StatusID=371 or ACC.StatusID=372 or ACC.StatusID=441) AND (WF.Type=1 or (ACC.WorkFlowLevel+1=WF.LevelID and ACC.StatusID!=372) or (WF.LevelID+1=ACC.WorkFlowLevel and ACC.StatusID=372) or (WF.CtWef is not null and ACC.WorkFlowLevel>=WF.LvWef
and ACC.CreatedDate+WF.CtWef<=convert(float,getdate())))   ''+@where+''
GROUP BY ACC.CostCenterID,ACC.VoucherNo  ) AS T
JOIN ADM_DocumentTypes DT with(nolock) ON T.CostCenterID=DT.CostCenterID
GROUP BY DT.CostCenterID,DT.DocumentName,DT.DocumentType,DT.IsInventory  
UNION ALL
SELECT DT.FeatureID CostCenterID,DT.Name DocumentName,-DT.FeatureID DocumentType,0 IsInventory,count(*) CNT
FROM (
SELECT INV.CostCenterID FROM REN_Contract INV WITH(NOLOCK),#TblUsrWF WF
WHERE  WF.WID=INV.WorkflowID and WF.LevelID>INV.WorkFlowLevel and (INV.StatusID=440 or INV.StatusID=470 or INV.StatusID=466) AND (WF.Type=1 or (INV.WorkFlowLevel+1=WF.LevelID and INV.StatusID!=470)  or (WF.CtWef is not null and INV.WorkFlowLevel>=WF.LvWef
 and INV.CreatedDate+WF.CtWef<=convert(float,getdate()))) AND INV.RefContractID=0 ) AS T
JOIN ADM_Features DT with(nolock) ON T.CostCenterID=DT.FeatureID
GROUP BY DT.FeatureID,DT.Name 
ORDER BY DocumentName''
exec(@query)

DROP TABLE #TblUsrWF
'
 ,1
 ,1
[System: 192.168.1.54] DEBUG | 07/02/2026 13:10:00.312 | General Service|:: CompanyIndex:1 SpName: spADM_GetDataSet 
 'select * from COM_TokenHistory WITH(NOLOCK) where JwtToken=''eyJhbGciOiJIUzI1NiIsInR5cCI6IkpXVCJ9.eyJ1bmlxdWVfbmFtZSI6ImFkbWluLDEsMSwxIiwibmJmIjoxNzgyOTc2NDE5LCJleHAiOjE3ODMwMDUyMTksImlhdCI6MTc4Mjk3NjQxOX0.BCzDZinKRm2uqURt9XZAKDZMQ1MbBm27dGC69ty9Dfo'''
 ,1
 ,1
[System: 192.168.1.76] DEBUG | 07/02/2026 13:10:49.758 | General Service|:: CompanyIndex:1 SpName: spRPT_GetUnApprovedDocsCount 
 ''
 ,'1'
 ,'1'
 ,1
[System: 192.168.1.76] DEBUG | 07/02/2026 13:10:49.758 | General Service|:: CompanyIndex:1 SpName: spADM_GetDataSet 
 'select * from COM_TokenHistory WITH(NOLOCK) where JwtToken=''eyJhbGciOiJIUzI1NiIsInR5cCI6IkpXVCJ9.eyJ1bmlxdWVfbmFtZSI6ImFkbWluLDEsMSwxIiwibmJmIjoxNzgyOTc3NDQ5LCJleHAiOjE3ODMwMDYyNDksImlhdCI6MTc4Mjk3NzQ0OX0.mWp9cMlgq1SGgCBokxDdv197IyH69_DbQZhVdiK8Dk8'''
 ,1
 ,1
[System: 192.168.1.76] DEBUG | 07/02/2026 13:10:49.789 | General Service|:: CompanyIndex:1 SpName: spCOM_ConfigValues 
 1
 ,'NotifTime'
 ,''
[System: 192.168.1.76] DEBUG | 07/02/2026 13:10:49.789 | General Service|:: CompanyIndex:1 SpName: spADM_GetDataSet 
 'select * from COM_TokenHistory WITH(NOLOCK) where JwtToken=''eyJhbGciOiJIUzI1NiIsInR5cCI6IkpXVCJ9.eyJ1bmlxdWVfbmFtZSI6ImFkbWluLDEsMSwxIiwibmJmIjoxNzgyOTc3NDQ5LCJleHAiOjE3ODMwMDYyNDksImlhdCI6MTc4Mjk3NzQ0OX0.mWp9cMlgq1SGgCBokxDdv197IyH69_DbQZhVdiK8Dk8'''
 ,1
 ,1
[System: 192.168.1.76] DEBUG | 07/02/2026 13:10:51.866 | General Service|:: CompanyIndex:1 SpName: spADM_GetDataSet 
 'declare @UserID int,@RoleID int,@UserName NVARCHAR(100),@where nvarchar(max),@query nvarchar(max)
set @UserID=1
set @RoleID=1-- Employee:-1
SELECT @UserName=UserName From ADM_Users WITH(NOLOCK) WHERE UserID=@UserID
exec [fnGet_GetAssignedDims] @UserID,@RoleID,@where output
 create table #TblUsrWF(WID int,LevelID int,Type int,CtWef float,LvWef int)
EXEC spRPT_GetReportData @Type=8,@Param1=@UserID,@strXML=null,@RoleID=@RoleID set @query=''  SELECT DT.CostCenterID,DT.DocumentName,DT.DocumentType,DT.IsInventory,count(*) CNT
FROM (
 SELECT INV.CostCenterID
FROM INV_DocDetails INV with(nolock)''
if(@where<>'''')
	set @query=@query+'' join com_docccdata d with(nolock) on INV.INVDocDetailsid=d.INVDocDetailsid''	

set @query=@query+'' ,#TblUsrWF WF
WHERE WF.WID=INV.WorkflowID and (WF.LevelID>INV.WorkFlowLevel or (WF.LevelID+1=INV.WorkFlowLevel and INV.StatusID=372)) and (INV.StatusID=371 or INV.StatusID=372 or INV.StatusID=441) AND (WF.Type=1 or (INV.WorkFlowLevel+1=WF.LevelID and INV.StatusID!=372) or (WF.LevelID+1=INV.WorkFlowLevel and INV.StatusID=372) or (WF.CtWef is not null and INV.WorkFlowLevel>=WF.LvWef
    and INV.CreatedDate+WF.CtWef<=convert(float,getdate())))  ''+@where+''
GROUP BY INV.CostCenterID,INV.VoucherNo
UNION ALL
SELECT ACC.CostCenterID
FROM ACC_DocDetails ACC with(nolock)''
if(@where<>'''')
	set @query=@query+'' join com_docccdata d with(nolock) on ACC.ACCDocDetailsid=d.ACCDocDetailsid''	

set @query=@query+'',#TblUsrWF WF
WHERE ACC.LinkedAccDocDetailsID is null and ACC.InvDocDetailsID is null and WF.WID=ACC.WorkflowID and (WF.LevelID>ACC.WorkFlowLevel or (WF.LevelID+1=ACC.WorkFlowLevel and ACC.StatusID=372)) and (ACC.StatusID=371 or ACC.StatusID=372 or ACC.StatusID=441) AND (WF.Type=1 or (ACC.WorkFlowLevel+1=WF.LevelID and ACC.StatusID!=372) or (WF.LevelID+1=ACC.WorkFlowLevel and ACC.StatusID=372) or (WF.CtWef is not null and ACC.WorkFlowLevel>=WF.LvWef
    and ACC.CreatedDate+WF.CtWef<=convert(float,getdate())))   ''+@where+''
GROUP BY ACC.CostCenterID,ACC.VoucherNo  ) AS T
JOIN ADM_DocumentTypes DT with(nolock) ON T.CostCenterID=DT.CostCenterID
GROUP BY DT.CostCenterID,DT.DocumentName,DT.DocumentType,DT.IsInventory  
UNION ALL
SELECT DT.FeatureID CostCenterID,DT.Name DocumentName,-DT.FeatureID DocumentType,0 IsInventory,count(*) CNT
FROM (
SELECT INV.CostCenterID FROM REN_Contract INV WITH(NOLOCK),#TblUsrWF WF
WHERE  WF.WID=INV.WorkflowID and WF.LevelID>INV.WorkFlowLevel and (INV.StatusID=440 or INV.StatusID=470 or INV.StatusID=466) AND (WF.Type=1 or (INV.WorkFlowLevel+1=WF.LevelID and INV.StatusID!=470)  or (WF.CtWef is not null and INV.WorkFlowLevel>=WF.LvWef
 and INV.CreatedDate+WF.CtWef<=convert(float,getdate()))) AND INV.RefContractID=0 ) AS T
JOIN ADM_Features DT with(nolock) ON T.CostCenterID=DT.FeatureID
GROUP BY DT.FeatureID,DT.Name 
ORDER BY DocumentName''
exec(@query)

DROP TABLE #TblUsrWF
'
 ,1
 ,1
[System: 192.168.1.76] DEBUG | 07/02/2026 13:10:51.866 | General Service|:: CompanyIndex:1 SpName: spADM_GetDataSet 
 'select * from COM_TokenHistory WITH(NOLOCK) where JwtToken=''eyJhbGciOiJIUzI1NiIsInR5cCI6IkpXVCJ9.eyJ1bmlxdWVfbmFtZSI6ImFkbWluLDEsMSwxIiwibmJmIjoxNzgyOTc3NDQ5LCJleHAiOjE3ODMwMDYyNDksImlhdCI6MTc4Mjk3NzQ0OX0.mWp9cMlgq1SGgCBokxDdv197IyH69_DbQZhVdiK8Dk8'''
 ,1
 ,1
[System: 192.168.1.54] DEBUG | 07/02/2026 13:10:55.038 | General Service|:: CompanyIndex:1 SpName: spADM_GetDataSet 
 'declare @UserID int,@RoleID int,@UserName NVARCHAR(100),@where nvarchar(max),@query nvarchar(max)
set @UserID=1
set @RoleID=1-- Employee:-1
SELECT @UserName=UserName From ADM_Users WITH(NOLOCK) WHERE UserID=@UserID
exec [fnGet_GetAssignedDims] @UserID,@RoleID,@where output
 create table #TblUsrWF(WID int,LevelID int,Type int,CtWef float,LvWef int)
EXEC spRPT_GetReportData @Type=8,@Param1=@UserID,@strXML=null,@RoleID=@RoleID set @query=''  SELECT DT.CostCenterID,DT.DocumentName,DT.DocumentType,DT.IsInventory,count(*) CNT
FROM (
 SELECT INV.CostCenterID
FROM INV_DocDetails INV with(nolock)''
if(@where<>'''')
	set @query=@query+'' join com_docccdata d with(nolock) on INV.INVDocDetailsid=d.INVDocDetailsid''	

set @query=@query+'' ,#TblUsrWF WF
WHERE WF.WID=INV.WorkflowID and (WF.LevelID>INV.WorkFlowLevel or (WF.LevelID+1=INV.WorkFlowLevel and INV.StatusID=372)) and (INV.StatusID=371 or INV.StatusID=372 or INV.StatusID=441) AND (WF.Type=1 or (INV.WorkFlowLevel+1=WF.LevelID and INV.StatusID!=372) or (WF.LevelID+1=INV.WorkFlowLevel and INV.StatusID=372) or (WF.CtWef is not null and INV.WorkFlowLevel>=WF.LvWef
and INV.CreatedDate+WF.CtWef<=convert(float,getdate())))  ''+@where+''
GROUP BY INV.CostCenterID,INV.VoucherNo
UNION ALL
SELECT ACC.CostCenterID
FROM ACC_DocDetails ACC with(nolock)''
if(@where<>'''')
	set @query=@query+'' join com_docccdata d with(nolock) on ACC.ACCDocDetailsid=d.ACCDocDetailsid''	

set @query=@query+'',#TblUsrWF WF
WHERE ACC.LinkedAccDocDetailsID is null and ACC.InvDocDetailsID is null and WF.WID=ACC.WorkflowID and (WF.LevelID>ACC.WorkFlowLevel or (WF.LevelID+1=ACC.WorkFlowLevel and ACC.StatusID=372)) and (ACC.StatusID=371 or ACC.StatusID=372 or ACC.StatusID=441) AND (WF.Type=1 or (ACC.WorkFlowLevel+1=WF.LevelID and ACC.StatusID!=372) or (WF.LevelID+1=ACC.WorkFlowLevel and ACC.StatusID=372) or (WF.CtWef is not null and ACC.WorkFlowLevel>=WF.LvWef
and ACC.CreatedDate+WF.CtWef<=convert(float,getdate())))   ''+@where+''
GROUP BY ACC.CostCenterID,ACC.VoucherNo  ) AS T
JOIN ADM_DocumentTypes DT with(nolock) ON T.CostCenterID=DT.CostCenterID
GROUP BY DT.CostCenterID,DT.DocumentName,DT.DocumentType,DT.IsInventory  
UNION ALL
SELECT DT.FeatureID CostCenterID,DT.Name DocumentName,-DT.FeatureID DocumentType,0 IsInventory,count(*) CNT
FROM (
SELECT INV.CostCenterID FROM REN_Contract INV WITH(NOLOCK),#TblUsrWF WF
WHERE  WF.WID=INV.WorkflowID and WF.LevelID>INV.WorkFlowLevel and (INV.StatusID=440 or INV.StatusID=470 or INV.StatusID=466) AND (WF.Type=1 or (INV.WorkFlowLevel+1=WF.LevelID and INV.StatusID!=470)  or (WF.CtWef is not null and INV.WorkFlowLevel>=WF.LvWef
 and INV.CreatedDate+WF.CtWef<=convert(float,getdate()))) AND INV.RefContractID=0 ) AS T
JOIN ADM_Features DT with(nolock) ON T.CostCenterID=DT.FeatureID
GROUP BY DT.FeatureID,DT.Name 
ORDER BY DocumentName''
exec(@query)

DROP TABLE #TblUsrWF
'
 ,1
 ,1
[System: 192.168.1.54] DEBUG | 07/02/2026 13:10:55.038 | General Service|:: CompanyIndex:1 SpName: spADM_GetDataSet 
 'select * from COM_TokenHistory WITH(NOLOCK) where JwtToken=''eyJhbGciOiJIUzI1NiIsInR5cCI6IkpXVCJ9.eyJ1bmlxdWVfbmFtZSI6ImFkbWluLDEsMSwxIiwibmJmIjoxNzgyOTc2NDkyLCJleHAiOjE3ODMwMDUyOTIsImlhdCI6MTc4Mjk3NjQ5Mn0.UGzeBsXuSi_ASW564ATkMzxiPEfS_S0IdYiI1WXp6f0'''
 ,1
 ,1
[System: 192.168.1.54] DEBUG | 07/02/2026 13:11:01.288 | General Service|:: CompanyIndex:1 SpName: spADM_GetDataSet 
 'declare @UserID int,@RoleID int,@UserName NVARCHAR(100),@where nvarchar(max),@query nvarchar(max)
set @UserID=1
set @RoleID=1-- Employee:-1
SELECT @UserName=UserName From ADM_Users WITH(NOLOCK) WHERE UserID=@UserID
exec [fnGet_GetAssignedDims] @UserID,@RoleID,@where output
 create table #TblUsrWF(WID int,LevelID int,Type int,CtWef float,LvWef int)
EXEC spRPT_GetReportData @Type=8,@Param1=@UserID,@strXML=null,@RoleID=@RoleID set @query=''  SELECT DT.CostCenterID,DT.DocumentName,DT.DocumentType,DT.IsInventory,count(*) CNT
FROM (
 SELECT INV.CostCenterID
FROM INV_DocDetails INV with(nolock)''
if(@where<>'''')
	set @query=@query+'' join com_docccdata d with(nolock) on INV.INVDocDetailsid=d.INVDocDetailsid''	

set @query=@query+'' ,#TblUsrWF WF
WHERE WF.WID=INV.WorkflowID and (WF.LevelID>INV.WorkFlowLevel or (WF.LevelID+1=INV.WorkFlowLevel and INV.StatusID=372)) and (INV.StatusID=371 or INV.StatusID=372 or INV.StatusID=441) AND (WF.Type=1 or (INV.WorkFlowLevel+1=WF.LevelID and INV.StatusID!=372) or (WF.LevelID+1=INV.WorkFlowLevel and INV.StatusID=372) or (WF.CtWef is not null and INV.WorkFlowLevel>=WF.LvWef
and INV.CreatedDate+WF.CtWef<=convert(float,getdate())))  ''+@where+''
GROUP BY INV.CostCenterID,INV.VoucherNo
UNION ALL
SELECT ACC.CostCenterID
FROM ACC_DocDetails ACC with(nolock)''
if(@where<>'''')
	set @query=@query+'' join com_docccdata d with(nolock) on ACC.ACCDocDetailsid=d.ACCDocDetailsid''	

set @query=@query+'',#TblUsrWF WF
WHERE ACC.LinkedAccDocDetailsID is null and ACC.InvDocDetailsID is null and WF.WID=ACC.WorkflowID and (WF.LevelID>ACC.WorkFlowLevel or (WF.LevelID+1=ACC.WorkFlowLevel and ACC.StatusID=372)) and (ACC.StatusID=371 or ACC.StatusID=372 or ACC.StatusID=441) AND (WF.Type=1 or (ACC.WorkFlowLevel+1=WF.LevelID and ACC.StatusID!=372) or (WF.LevelID+1=ACC.WorkFlowLevel and ACC.StatusID=372) or (WF.CtWef is not null and ACC.WorkFlowLevel>=WF.LvWef
and ACC.CreatedDate+WF.CtWef<=convert(float,getdate())))   ''+@where+''
GROUP BY ACC.CostCenterID,ACC.VoucherNo  ) AS T
JOIN ADM_DocumentTypes DT with(nolock) ON T.CostCenterID=DT.CostCenterID
GROUP BY DT.CostCenterID,DT.DocumentName,DT.DocumentType,DT.IsInventory  
UNION ALL
SELECT DT.FeatureID CostCenterID,DT.Name DocumentName,-DT.FeatureID DocumentType,0 IsInventory,count(*) CNT
FROM (
SELECT INV.CostCenterID FROM REN_Contract INV WITH(NOLOCK),#TblUsrWF WF
WHERE  WF.WID=INV.WorkflowID and WF.LevelID>INV.WorkFlowLevel and (INV.StatusID=440 or INV.StatusID=470 or INV.StatusID=466) AND (WF.Type=1 or (INV.WorkFlowLevel+1=WF.LevelID and INV.StatusID!=470)  or (WF.CtWef is not null and INV.WorkFlowLevel>=WF.LvWef
 and INV.CreatedDate+WF.CtWef<=convert(float,getdate()))) AND INV.RefContractID=0 ) AS T
JOIN ADM_Features DT with(nolock) ON T.CostCenterID=DT.FeatureID
GROUP BY DT.FeatureID,DT.Name 
ORDER BY DocumentName''
exec(@query)

DROP TABLE #TblUsrWF
'
 ,1
 ,1
[System: 192.168.1.54] DEBUG | 07/02/2026 13:11:01.304 | General Service|:: CompanyIndex:1 SpName: spADM_GetDataSet 
 'select * from COM_TokenHistory WITH(NOLOCK) where JwtToken=''eyJhbGciOiJIUzI1NiIsInR5cCI6IkpXVCJ9.eyJ1bmlxdWVfbmFtZSI6ImFkbWluLDEsMSwxIiwibmJmIjoxNzgyOTc2NDE5LCJleHAiOjE3ODMwMDUyMTksImlhdCI6MTc4Mjk3NjQxOX0.BCzDZinKRm2uqURt9XZAKDZMQ1MbBm27dGC69ty9Dfo'''
 ,1
 ,1
[System: 192.168.1.76] DEBUG | 07/02/2026 13:11:51.843 | General Service|:: CompanyIndex:1 SpName: spADM_GetDataSet 
 'declare @UserID int,@RoleID int,@UserName NVARCHAR(100),@where nvarchar(max),@query nvarchar(max)
set @UserID=1
set @RoleID=1-- Employee:-1
SELECT @UserName=UserName From ADM_Users WITH(NOLOCK) WHERE UserID=@UserID
exec [fnGet_GetAssignedDims] @UserID,@RoleID,@where output
 create table #TblUsrWF(WID int,LevelID int,Type int,CtWef float,LvWef int)
EXEC spRPT_GetReportData @Type=8,@Param1=@UserID,@strXML=null,@RoleID=@RoleID set @query=''  SELECT DT.CostCenterID,DT.DocumentName,DT.DocumentType,DT.IsInventory,count(*) CNT
FROM (
 SELECT INV.CostCenterID
FROM INV_DocDetails INV with(nolock)''
if(@where<>'''')
	set @query=@query+'' join com_docccdata d with(nolock) on INV.INVDocDetailsid=d.INVDocDetailsid''	

set @query=@query+'' ,#TblUsrWF WF
WHERE WF.WID=INV.WorkflowID and (WF.LevelID>INV.WorkFlowLevel or (WF.LevelID+1=INV.WorkFlowLevel and INV.StatusID=372)) and (INV.StatusID=371 or INV.StatusID=372 or INV.StatusID=441) AND (WF.Type=1 or (INV.WorkFlowLevel+1=WF.LevelID and INV.StatusID!=372) or (WF.LevelID+1=INV.WorkFlowLevel and INV.StatusID=372) or (WF.CtWef is not null and INV.WorkFlowLevel>=WF.LvWef
    and INV.CreatedDate+WF.CtWef<=convert(float,getdate())))  ''+@where+''
GROUP BY INV.CostCenterID,INV.VoucherNo
UNION ALL
SELECT ACC.CostCenterID
FROM ACC_DocDetails ACC with(nolock)''
if(@where<>'''')
	set @query=@query+'' join com_docccdata d with(nolock) on ACC.ACCDocDetailsid=d.ACCDocDetailsid''	

set @query=@query+'',#TblUsrWF WF
WHERE ACC.LinkedAccDocDetailsID is null and ACC.InvDocDetailsID is null and WF.WID=ACC.WorkflowID and (WF.LevelID>ACC.WorkFlowLevel or (WF.LevelID+1=ACC.WorkFlowLevel and ACC.StatusID=372)) and (ACC.StatusID=371 or ACC.StatusID=372 or ACC.StatusID=441) AND (WF.Type=1 or (ACC.WorkFlowLevel+1=WF.LevelID and ACC.StatusID!=372) or (WF.LevelID+1=ACC.WorkFlowLevel and ACC.StatusID=372) or (WF.CtWef is not null and ACC.WorkFlowLevel>=WF.LvWef
    and ACC.CreatedDate+WF.CtWef<=convert(float,getdate())))   ''+@where+''
GROUP BY ACC.CostCenterID,ACC.VoucherNo  ) AS T
JOIN ADM_DocumentTypes DT with(nolock) ON T.CostCenterID=DT.CostCenterID
GROUP BY DT.CostCenterID,DT.DocumentName,DT.DocumentType,DT.IsInventory  
UNION ALL
SELECT DT.FeatureID CostCenterID,DT.Name DocumentName,-DT.FeatureID DocumentType,0 IsInventory,count(*) CNT
FROM (
SELECT INV.CostCenterID FROM REN_Contract INV WITH(NOLOCK),#TblUsrWF WF
WHERE  WF.WID=INV.WorkflowID and WF.LevelID>INV.WorkFlowLevel and (INV.StatusID=440 or INV.StatusID=470 or INV.StatusID=466) AND (WF.Type=1 or (INV.WorkFlowLevel+1=WF.LevelID and INV.StatusID!=470)  or (WF.CtWef is not null and INV.WorkFlowLevel>=WF.LvWef
 and INV.CreatedDate+WF.CtWef<=convert(float,getdate()))) AND INV.RefContractID=0 ) AS T
JOIN ADM_Features DT with(nolock) ON T.CostCenterID=DT.FeatureID
GROUP BY DT.FeatureID,DT.Name 
ORDER BY DocumentName''
exec(@query)

DROP TABLE #TblUsrWF
'
 ,1
 ,1
[System: 192.168.1.76] DEBUG | 07/02/2026 13:11:51.843 | General Service|:: CompanyIndex:1 SpName: spADM_GetDataSet 
 'select * from COM_TokenHistory WITH(NOLOCK) where JwtToken=''eyJhbGciOiJIUzI1NiIsInR5cCI6IkpXVCJ9.eyJ1bmlxdWVfbmFtZSI6ImFkbWluLDEsMSwxIiwibmJmIjoxNzgyOTc3NDQ5LCJleHAiOjE3ODMwMDYyNDksImlhdCI6MTc4Mjk3NzQ0OX0.mWp9cMlgq1SGgCBokxDdv197IyH69_DbQZhVdiK8Dk8'''
 ,1
 ,1
[System: 192.168.1.54] DEBUG | 07/02/2026 13:11:53.843 | General Service|:: CompanyIndex:1 SpName: spADM_GetDataSet 
 'declare @UserID int,@RoleID int,@UserName NVARCHAR(100),@where nvarchar(max),@query nvarchar(max)
set @UserID=1
set @RoleID=1-- Employee:-1
SELECT @UserName=UserName From ADM_Users WITH(NOLOCK) WHERE UserID=@UserID
exec [fnGet_GetAssignedDims] @UserID,@RoleID,@where output
 create table #TblUsrWF(WID int,LevelID int,Type int,CtWef float,LvWef int)
EXEC spRPT_GetReportData @Type=8,@Param1=@UserID,@strXML=null,@RoleID=@RoleID set @query=''  SELECT DT.CostCenterID,DT.DocumentName,DT.DocumentType,DT.IsInventory,count(*) CNT
FROM (
 SELECT INV.CostCenterID
FROM INV_DocDetails INV with(nolock)''
if(@where<>'''')
	set @query=@query+'' join com_docccdata d with(nolock) on INV.INVDocDetailsid=d.INVDocDetailsid''	

set @query=@query+'' ,#TblUsrWF WF
WHERE WF.WID=INV.WorkflowID and (WF.LevelID>INV.WorkFlowLevel or (WF.LevelID+1=INV.WorkFlowLevel and INV.StatusID=372)) and (INV.StatusID=371 or INV.StatusID=372 or INV.StatusID=441) AND (WF.Type=1 or (INV.WorkFlowLevel+1=WF.LevelID and INV.StatusID!=372) or (WF.LevelID+1=INV.WorkFlowLevel and INV.StatusID=372) or (WF.CtWef is not null and INV.WorkFlowLevel>=WF.LvWef
and INV.CreatedDate+WF.CtWef<=convert(float,getdate())))  ''+@where+''
GROUP BY INV.CostCenterID,INV.VoucherNo
UNION ALL
SELECT ACC.CostCenterID
FROM ACC_DocDetails ACC with(nolock)''
if(@where<>'''')
	set @query=@query+'' join com_docccdata d with(nolock) on ACC.ACCDocDetailsid=d.ACCDocDetailsid''	

set @query=@query+'',#TblUsrWF WF
WHERE ACC.LinkedAccDocDetailsID is null and ACC.InvDocDetailsID is null and WF.WID=ACC.WorkflowID and (WF.LevelID>ACC.WorkFlowLevel or (WF.LevelID+1=ACC.WorkFlowLevel and ACC.StatusID=372)) and (ACC.StatusID=371 or ACC.StatusID=372 or ACC.StatusID=441) AND (WF.Type=1 or (ACC.WorkFlowLevel+1=WF.LevelID and ACC.StatusID!=372) or (WF.LevelID+1=ACC.WorkFlowLevel and ACC.StatusID=372) or (WF.CtWef is not null and ACC.WorkFlowLevel>=WF.LvWef
and ACC.CreatedDate+WF.CtWef<=convert(float,getdate())))   ''+@where+''
GROUP BY ACC.CostCenterID,ACC.VoucherNo  ) AS T
JOIN ADM_DocumentTypes DT with(nolock) ON T.CostCenterID=DT.CostCenterID
GROUP BY DT.CostCenterID,DT.DocumentName,DT.DocumentType,DT.IsInventory  
UNION ALL
SELECT DT.FeatureID CostCenterID,DT.Name DocumentName,-DT.FeatureID DocumentType,0 IsInventory,count(*) CNT
FROM (
SELECT INV.CostCenterID FROM REN_Contract INV WITH(NOLOCK),#TblUsrWF WF
WHERE  WF.WID=INV.WorkflowID and WF.LevelID>INV.WorkFlowLevel and (INV.StatusID=440 or INV.StatusID=470 or INV.StatusID=466) AND (WF.Type=1 or (INV.WorkFlowLevel+1=WF.LevelID and INV.StatusID!=470)  or (WF.CtWef is not null and INV.WorkFlowLevel>=WF.LvWef
 and INV.CreatedDate+WF.CtWef<=convert(float,getdate()))) AND INV.RefContractID=0 ) AS T
JOIN ADM_Features DT with(nolock) ON T.CostCenterID=DT.FeatureID
GROUP BY DT.FeatureID,DT.Name 
ORDER BY DocumentName''
exec(@query)

DROP TABLE #TblUsrWF
'
 ,1
 ,1
[System: 192.168.1.54] DEBUG | 07/02/2026 13:11:53.843 | General Service|:: CompanyIndex:1 SpName: spADM_GetDataSet 
 'select * from COM_TokenHistory WITH(NOLOCK) where JwtToken=''eyJhbGciOiJIUzI1NiIsInR5cCI6IkpXVCJ9.eyJ1bmlxdWVfbmFtZSI6ImFkbWluLDEsMSwxIiwibmJmIjoxNzgyOTc2NDkyLCJleHAiOjE3ODMwMDUyOTIsImlhdCI6MTc4Mjk3NjQ5Mn0.UGzeBsXuSi_ASW564ATkMzxiPEfS_S0IdYiI1WXp6f0'''
 ,1
 ,1
[System: 192.168.1.54] DEBUG | 07/02/2026 13:12:02.358 | General Service|:: CompanyIndex:1 SpName: spADM_GetDataSet 
 'declare @UserID int,@RoleID int,@UserName NVARCHAR(100),@where nvarchar(max),@query nvarchar(max)
set @UserID=1
set @RoleID=1-- Employee:-1
SELECT @UserName=UserName From ADM_Users WITH(NOLOCK) WHERE UserID=@UserID
exec [fnGet_GetAssignedDims] @UserID,@RoleID,@where output
 create table #TblUsrWF(WID int,LevelID int,Type int,CtWef float,LvWef int)
EXEC spRPT_GetReportData @Type=8,@Param1=@UserID,@strXML=null,@RoleID=@RoleID set @query=''  SELECT DT.CostCenterID,DT.DocumentName,DT.DocumentType,DT.IsInventory,count(*) CNT
FROM (
 SELECT INV.CostCenterID
FROM INV_DocDetails INV with(nolock)''
if(@where<>'''')
	set @query=@query+'' join com_docccdata d with(nolock) on INV.INVDocDetailsid=d.INVDocDetailsid''	

set @query=@query+'' ,#TblUsrWF WF
WHERE WF.WID=INV.WorkflowID and (WF.LevelID>INV.WorkFlowLevel or (WF.LevelID+1=INV.WorkFlowLevel and INV.StatusID=372)) and (INV.StatusID=371 or INV.StatusID=372 or INV.StatusID=441) AND (WF.Type=1 or (INV.WorkFlowLevel+1=WF.LevelID and INV.StatusID!=372) or (WF.LevelID+1=INV.WorkFlowLevel and INV.StatusID=372) or (WF.CtWef is not null and INV.WorkFlowLevel>=WF.LvWef
and INV.CreatedDate+WF.CtWef<=convert(float,getdate())))  ''+@where+''
GROUP BY INV.CostCenterID,INV.VoucherNo
UNION ALL
SELECT ACC.CostCenterID
FROM ACC_DocDetails ACC with(nolock)''
if(@where<>'''')
	set @query=@query+'' join com_docccdata d with(nolock) on ACC.ACCDocDetailsid=d.ACCDocDetailsid''	

set @query=@query+'',#TblUsrWF WF
WHERE ACC.LinkedAccDocDetailsID is null and ACC.InvDocDetailsID is null and WF.WID=ACC.WorkflowID and (WF.LevelID>ACC.WorkFlowLevel or (WF.LevelID+1=ACC.WorkFlowLevel and ACC.StatusID=372)) and (ACC.StatusID=371 or ACC.StatusID=372 or ACC.StatusID=441) AND (WF.Type=1 or (ACC.WorkFlowLevel+1=WF.LevelID and ACC.StatusID!=372) or (WF.LevelID+1=ACC.WorkFlowLevel and ACC.StatusID=372) or (WF.CtWef is not null and ACC.WorkFlowLevel>=WF.LvWef
and ACC.CreatedDate+WF.CtWef<=convert(float,getdate())))   ''+@where+''
GROUP BY ACC.CostCenterID,ACC.VoucherNo  ) AS T
JOIN ADM_DocumentTypes DT with(nolock) ON T.CostCenterID=DT.CostCenterID
GROUP BY DT.CostCenterID,DT.DocumentName,DT.DocumentType,DT.IsInventory  
UNION ALL
SELECT DT.FeatureID CostCenterID,DT.Name DocumentName,-DT.FeatureID DocumentType,0 IsInventory,count(*) CNT
FROM (
SELECT INV.CostCenterID FROM REN_Contract INV WITH(NOLOCK),#TblUsrWF WF
WHERE  WF.WID=INV.WorkflowID and WF.LevelID>INV.WorkFlowLevel and (INV.StatusID=440 or INV.StatusID=470 or INV.StatusID=466) AND (WF.Type=1 or (INV.WorkFlowLevel+1=WF.LevelID and INV.StatusID!=470)  or (WF.CtWef is not null and INV.WorkFlowLevel>=WF.LvWef
 and INV.CreatedDate+WF.CtWef<=convert(float,getdate()))) AND INV.RefContractID=0 ) AS T
JOIN ADM_Features DT with(nolock) ON T.CostCenterID=DT.FeatureID
GROUP BY DT.FeatureID,DT.Name 
ORDER BY DocumentName''
exec(@query)

DROP TABLE #TblUsrWF
'
 ,1
 ,1
[System: 192.168.1.54] DEBUG | 07/02/2026 13:12:02.968 | General Service|:: CompanyIndex:1 SpName: spADM_GetDataSet 
 'select * from COM_TokenHistory WITH(NOLOCK) where JwtToken=''eyJhbGciOiJIUzI1NiIsInR5cCI6IkpXVCJ9.eyJ1bmlxdWVfbmFtZSI6ImFkbWluLDEsMSwxIiwibmJmIjoxNzgyOTc2NDE5LCJleHAiOjE3ODMwMDUyMTksImlhdCI6MTc4Mjk3NjQxOX0.BCzDZinKRm2uqURt9XZAKDZMQ1MbBm27dGC69ty9Dfo'''
 ,1
 ,1
[System: 192.168.1.76] DEBUG | 07/02/2026 13:12:51.697 | General Service|:: CompanyIndex:1 SpName: spADM_GetDataSet 
 'declare @UserID int,@RoleID int,@UserName NVARCHAR(100),@where nvarchar(max),@query nvarchar(max)
set @UserID=1
set @RoleID=1-- Employee:-1
SELECT @UserName=UserName From ADM_Users WITH(NOLOCK) WHERE UserID=@UserID
exec [fnGet_GetAssignedDims] @UserID,@RoleID,@where output
 create table #TblUsrWF(WID int,LevelID int,Type int,CtWef float,LvWef int)
EXEC spRPT_GetReportData @Type=8,@Param1=@UserID,@strXML=null,@RoleID=@RoleID set @query=''  SELECT DT.CostCenterID,DT.DocumentName,DT.DocumentType,DT.IsInventory,count(*) CNT
FROM (
 SELECT INV.CostCenterID
FROM INV_DocDetails INV with(nolock)''
if(@where<>'''')
	set @query=@query+'' join com_docccdata d with(nolock) on INV.INVDocDetailsid=d.INVDocDetailsid''	

set @query=@query+'' ,#TblUsrWF WF
WHERE WF.WID=INV.WorkflowID and (WF.LevelID>INV.WorkFlowLevel or (WF.LevelID+1=INV.WorkFlowLevel and INV.StatusID=372)) and (INV.StatusID=371 or INV.StatusID=372 or INV.StatusID=441) AND (WF.Type=1 or (INV.WorkFlowLevel+1=WF.LevelID and INV.StatusID!=372) or (WF.LevelID+1=INV.WorkFlowLevel and INV.StatusID=372) or (WF.CtWef is not null and INV.WorkFlowLevel>=WF.LvWef
    and INV.CreatedDate+WF.CtWef<=convert(float,getdate())))  ''+@where+''
GROUP BY INV.CostCenterID,INV.VoucherNo
UNION ALL
SELECT ACC.CostCenterID
FROM ACC_DocDetails ACC with(nolock)''
if(@where<>'''')
	set @query=@query+'' join com_docccdata d with(nolock) on ACC.ACCDocDetailsid=d.ACCDocDetailsid''	

set @query=@query+'',#TblUsrWF WF
WHERE ACC.LinkedAccDocDetailsID is null and ACC.InvDocDetailsID is null and WF.WID=ACC.WorkflowID and (WF.LevelID>ACC.WorkFlowLevel or (WF.LevelID+1=ACC.WorkFlowLevel and ACC.StatusID=372)) and (ACC.StatusID=371 or ACC.StatusID=372 or ACC.StatusID=441) AND (WF.Type=1 or (ACC.WorkFlowLevel+1=WF.LevelID and ACC.StatusID!=372) or (WF.LevelID+1=ACC.WorkFlowLevel and ACC.StatusID=372) or (WF.CtWef is not null and ACC.WorkFlowLevel>=WF.LvWef
    and ACC.CreatedDate+WF.CtWef<=convert(float,getdate())))   ''+@where+''
GROUP BY ACC.CostCenterID,ACC.VoucherNo  ) AS T
JOIN ADM_DocumentTypes DT with(nolock) ON T.CostCenterID=DT.CostCenterID
GROUP BY DT.CostCenterID,DT.DocumentName,DT.DocumentType,DT.IsInventory  
UNION ALL
SELECT DT.FeatureID CostCenterID,DT.Name DocumentName,-DT.FeatureID DocumentType,0 IsInventory,count(*) CNT
FROM (
SELECT INV.CostCenterID FROM REN_Contract INV WITH(NOLOCK),#TblUsrWF WF
WHERE  WF.WID=INV.WorkflowID and WF.LevelID>INV.WorkFlowLevel and (INV.StatusID=440 or INV.StatusID=470 or INV.StatusID=466) AND (WF.Type=1 or (INV.WorkFlowLevel+1=WF.LevelID and INV.StatusID!=470)  or (WF.CtWef is not null and INV.WorkFlowLevel>=WF.LvWef
 and INV.CreatedDate+WF.CtWef<=convert(float,getdate()))) AND INV.RefContractID=0 ) AS T
JOIN ADM_Features DT with(nolock) ON T.CostCenterID=DT.FeatureID
GROUP BY DT.FeatureID,DT.Name 
ORDER BY DocumentName''
exec(@query)

DROP TABLE #TblUsrWF
'
 ,1
 ,1
[System: 192.168.1.76] DEBUG | 07/02/2026 13:12:51.697 | General Service|:: CompanyIndex:1 SpName: spADM_GetDataSet 
 'select * from COM_TokenHistory WITH(NOLOCK) where JwtToken=''eyJhbGciOiJIUzI1NiIsInR5cCI6IkpXVCJ9.eyJ1bmlxdWVfbmFtZSI6ImFkbWluLDEsMSwxIiwibmJmIjoxNzgyOTc3NDQ5LCJleHAiOjE3ODMwMDYyNDksImlhdCI6MTc4Mjk3NzQ0OX0.mWp9cMlgq1SGgCBokxDdv197IyH69_DbQZhVdiK8Dk8'''
 ,1
 ,1
[System: 192.168.1.54] DEBUG | 07/02/2026 13:12:53.838 | General Service|:: CompanyIndex:1 SpName: spADM_GetDataSet 
 'declare @UserID int,@RoleID int,@UserName NVARCHAR(100),@where nvarchar(max),@query nvarchar(max)
set @UserID=1
set @RoleID=1-- Employee:-1
SELECT @UserName=UserName From ADM_Users WITH(NOLOCK) WHERE UserID=@UserID
exec [fnGet_GetAssignedDims] @UserID,@RoleID,@where output
 create table #TblUsrWF(WID int,LevelID int,Type int,CtWef float,LvWef int)
EXEC spRPT_GetReportData @Type=8,@Param1=@UserID,@strXML=null,@RoleID=@RoleID set @query=''  SELECT DT.CostCenterID,DT.DocumentName,DT.DocumentType,DT.IsInventory,count(*) CNT
FROM (
 SELECT INV.CostCenterID
FROM INV_DocDetails INV with(nolock)''
if(@where<>'''')
	set @query=@query+'' join com_docccdata d with(nolock) on INV.INVDocDetailsid=d.INVDocDetailsid''	

set @query=@query+'' ,#TblUsrWF WF
WHERE WF.WID=INV.WorkflowID and (WF.LevelID>INV.WorkFlowLevel or (WF.LevelID+1=INV.WorkFlowLevel and INV.StatusID=372)) and (INV.StatusID=371 or INV.StatusID=372 or INV.StatusID=441) AND (WF.Type=1 or (INV.WorkFlowLevel+1=WF.LevelID and INV.StatusID!=372) or (WF.LevelID+1=INV.WorkFlowLevel and INV.StatusID=372) or (WF.CtWef is not null and INV.WorkFlowLevel>=WF.LvWef
and INV.CreatedDate+WF.CtWef<=convert(float,getdate())))  ''+@where+''
GROUP BY INV.CostCenterID,INV.VoucherNo
UNION ALL
SELECT ACC.CostCenterID
FROM ACC_DocDetails ACC with(nolock)''
if(@where<>'''')
	set @query=@query+'' join com_docccdata d with(nolock) on ACC.ACCDocDetailsid=d.ACCDocDetailsid''	

set @query=@query+'',#TblUsrWF WF
WHERE ACC.LinkedAccDocDetailsID is null and ACC.InvDocDetailsID is null and WF.WID=ACC.WorkflowID and (WF.LevelID>ACC.WorkFlowLevel or (WF.LevelID+1=ACC.WorkFlowLevel and ACC.StatusID=372)) and (ACC.StatusID=371 or ACC.StatusID=372 or ACC.StatusID=441) AND (WF.Type=1 or (ACC.WorkFlowLevel+1=WF.LevelID and ACC.StatusID!=372) or (WF.LevelID+1=ACC.WorkFlowLevel and ACC.StatusID=372) or (WF.CtWef is not null and ACC.WorkFlowLevel>=WF.LvWef
and ACC.CreatedDate+WF.CtWef<=convert(float,getdate())))   ''+@where+''
GROUP BY ACC.CostCenterID,ACC.VoucherNo  ) AS T
JOIN ADM_DocumentTypes DT with(nolock) ON T.CostCenterID=DT.CostCenterID
GROUP BY DT.CostCenterID,DT.DocumentName,DT.DocumentType,DT.IsInventory  
UNION ALL
SELECT DT.FeatureID CostCenterID,DT.Name DocumentName,-DT.FeatureID DocumentType,0 IsInventory,count(*) CNT
FROM (
SELECT INV.CostCenterID FROM REN_Contract INV WITH(NOLOCK),#TblUsrWF WF
WHERE  WF.WID=INV.WorkflowID and WF.LevelID>INV.WorkFlowLevel and (INV.StatusID=440 or INV.StatusID=470 or INV.StatusID=466) AND (WF.Type=1 or (INV.WorkFlowLevel+1=WF.LevelID and INV.StatusID!=470)  or (WF.CtWef is not null and INV.WorkFlowLevel>=WF.LvWef
 and INV.CreatedDate+WF.CtWef<=convert(float,getdate()))) AND INV.RefContractID=0 ) AS T
JOIN ADM_Features DT with(nolock) ON T.CostCenterID=DT.FeatureID
GROUP BY DT.FeatureID,DT.Name 
ORDER BY DocumentName''
exec(@query)

DROP TABLE #TblUsrWF
'
 ,1
 ,1
[System: 192.168.1.54] DEBUG | 07/02/2026 13:12:53.838 | General Service|:: CompanyIndex:1 SpName: spADM_GetDataSet 
 'select * from COM_TokenHistory WITH(NOLOCK) where JwtToken=''eyJhbGciOiJIUzI1NiIsInR5cCI6IkpXVCJ9.eyJ1bmlxdWVfbmFtZSI6ImFkbWluLDEsMSwxIiwibmJmIjoxNzgyOTc2NDkyLCJleHAiOjE3ODMwMDUyOTIsImlhdCI6MTc4Mjk3NjQ5Mn0.UGzeBsXuSi_ASW564ATkMzxiPEfS_S0IdYiI1WXp6f0'''
 ,1
 ,1
[System: 192.168.1.54] DEBUG | 07/02/2026 13:13:03.305 | General Service|:: CompanyIndex:1 SpName: spADM_GetDataSet 
 'declare @UserID int,@RoleID int,@UserName NVARCHAR(100),@where nvarchar(max),@query nvarchar(max)
set @UserID=1
set @RoleID=1-- Employee:-1
SELECT @UserName=UserName From ADM_Users WITH(NOLOCK) WHERE UserID=@UserID
exec [fnGet_GetAssignedDims] @UserID,@RoleID,@where output
 create table #TblUsrWF(WID int,LevelID int,Type int,CtWef float,LvWef int)
EXEC spRPT_GetReportData @Type=8,@Param1=@UserID,@strXML=null,@RoleID=@RoleID set @query=''  SELECT DT.CostCenterID,DT.DocumentName,DT.DocumentType,DT.IsInventory,count(*) CNT
FROM (
 SELECT INV.CostCenterID
FROM INV_DocDetails INV with(nolock)''
if(@where<>'''')
	set @query=@query+'' join com_docccdata d with(nolock) on INV.INVDocDetailsid=d.INVDocDetailsid''	

set @query=@query+'' ,#TblUsrWF WF
WHERE WF.WID=INV.WorkflowID and (WF.LevelID>INV.WorkFlowLevel or (WF.LevelID+1=INV.WorkFlowLevel and INV.StatusID=372)) and (INV.StatusID=371 or INV.StatusID=372 or INV.StatusID=441) AND (WF.Type=1 or (INV.WorkFlowLevel+1=WF.LevelID and INV.StatusID!=372) or (WF.LevelID+1=INV.WorkFlowLevel and INV.StatusID=372) or (WF.CtWef is not null and INV.WorkFlowLevel>=WF.LvWef
and INV.CreatedDate+WF.CtWef<=convert(float,getdate())))  ''+@where+''
GROUP BY INV.CostCenterID,INV.VoucherNo
UNION ALL
SELECT ACC.CostCenterID
FROM ACC_DocDetails ACC with(nolock)''
if(@where<>'''')
	set @query=@query+'' join com_docccdata d with(nolock) on ACC.ACCDocDetailsid=d.ACCDocDetailsid''	

set @query=@query+'',#TblUsrWF WF
WHERE ACC.LinkedAccDocDetailsID is null and ACC.InvDocDetailsID is null and WF.WID=ACC.WorkflowID and (WF.LevelID>ACC.WorkFlowLevel or (WF.LevelID+1=ACC.WorkFlowLevel and ACC.StatusID=372)) and (ACC.StatusID=371 or ACC.StatusID=372 or ACC.StatusID=441) AND (WF.Type=1 or (ACC.WorkFlowLevel+1=WF.LevelID and ACC.StatusID!=372) or (WF.LevelID+1=ACC.WorkFlowLevel and ACC.StatusID=372) or (WF.CtWef is not null and ACC.WorkFlowLevel>=WF.LvWef
and ACC.CreatedDate+WF.CtWef<=convert(float,getdate())))   ''+@where+''
GROUP BY ACC.CostCenterID,ACC.VoucherNo  ) AS T
JOIN ADM_DocumentTypes DT with(nolock) ON T.CostCenterID=DT.CostCenterID
GROUP BY DT.CostCenterID,DT.DocumentName,DT.DocumentType,DT.IsInventory  
UNION ALL
SELECT DT.FeatureID CostCenterID,DT.Name DocumentName,-DT.FeatureID DocumentType,0 IsInventory,count(*) CNT
FROM (
SELECT INV.CostCenterID FROM REN_Contract INV WITH(NOLOCK),#TblUsrWF WF
WHERE  WF.WID=INV.WorkflowID and WF.LevelID>INV.WorkFlowLevel and (INV.StatusID=440 or INV.StatusID=470 or INV.StatusID=466) AND (WF.Type=1 or (INV.WorkFlowLevel+1=WF.LevelID and INV.StatusID!=470)  or (WF.CtWef is not null and INV.WorkFlowLevel>=WF.LvWef
 and INV.CreatedDate+WF.CtWef<=convert(float,getdate()))) AND INV.RefContractID=0 ) AS T
JOIN ADM_Features DT with(nolock) ON T.CostCenterID=DT.FeatureID
GROUP BY DT.FeatureID,DT.Name 
ORDER BY DocumentName''
exec(@query)

DROP TABLE #TblUsrWF
'
 ,1
 ,1
[System: 192.168.1.54] DEBUG | 07/02/2026 13:13:03.305 | General Service|:: CompanyIndex:1 SpName: spADM_GetDataSet 
 'select * from COM_TokenHistory WITH(NOLOCK) where JwtToken=''eyJhbGciOiJIUzI1NiIsInR5cCI6IkpXVCJ9.eyJ1bmlxdWVfbmFtZSI6ImFkbWluLDEsMSwxIiwibmJmIjoxNzgyOTc2NDE5LCJleHAiOjE3ODMwMDUyMTksImlhdCI6MTc4Mjk3NjQxOX0.BCzDZinKRm2uqURt9XZAKDZMQ1MbBm27dGC69ty9Dfo'''
 ,1
 ,1
[System: 192.168.1.54] DEBUG | 07/02/2026 13:13:40.221 | General Service|:: CompanyIndex:1 SpName: spCOM_ConfigValues 
 1
 ,'NotifTime'
 ,''
[System: 192.168.1.54] DEBUG | 07/02/2026 13:13:40.221 | General Service|:: CompanyIndex:0 SpName: spADM_Login 
 4
 ,''
 ,''
 ,''
 ,'declare @AllowSession bit,@GUID nvarchar(50)
set @AllowSession=0
set @GUID=''f16062bc-0ead-4582-8398-9983d007eb09''
if exists(select [GUID] from ADM_Login with(nolock) where [GUID]=@GUID)
begin
    update ADM_Login  set LastAccessTime=convert(float,getdate()) where [GUID]=@GUID
    set @AllowSession=1
end
select @AllowSession AllowSession
'
 ,''
 ,0
[System: 192.168.1.54] DEBUG | 07/02/2026 13:13:40.221 | General Service|:: CompanyIndex:1 SpName: spADM_GetDataSet 
 'select * from COM_TokenHistory WITH(NOLOCK) where JwtToken=''eyJhbGciOiJIUzI1NiIsInR5cCI6IkpXVCJ9.eyJ1bmlxdWVfbmFtZSI6ImFkbWluLDEsMSwxIiwibmJmIjoxNzgyOTc2NDE5LCJleHAiOjE3ODMwMDUyMTksImlhdCI6MTc4Mjk3NjQxOX0.BCzDZinKRm2uqURt9XZAKDZMQ1MbBm27dGC69ty9Dfo'''
 ,1
 ,1
[System: 192.168.1.54] DEBUG | 07/02/2026 13:13:40.221 | General Service|:: CompanyIndex:1 SpName: spADM_GetDataSet 
 'select * from COM_TokenHistory WITH(NOLOCK) where JwtToken=''eyJhbGciOiJIUzI1NiIsInR5cCI6IkpXVCJ9.eyJ1bmlxdWVfbmFtZSI6ImFkbWluLDEsMSwxIiwibmJmIjoxNzgyOTc2NDE5LCJleHAiOjE3ODMwMDUyMTksImlhdCI6MTc4Mjk3NjQxOX0.BCzDZinKRm2uqURt9XZAKDZMQ1MbBm27dGC69ty9Dfo'''
 ,1
 ,1
[System: 192.168.1.76] DEBUG | 07/02/2026 13:13:51.703 | General Service|:: CompanyIndex:1 SpName: spADM_GetDataSet 
 'declare @UserID int,@RoleID int,@UserName NVARCHAR(100),@where nvarchar(max),@query nvarchar(max)
set @UserID=1
set @RoleID=1-- Employee:-1
SELECT @UserName=UserName From ADM_Users WITH(NOLOCK) WHERE UserID=@UserID
exec [fnGet_GetAssignedDims] @UserID,@RoleID,@where output
 create table #TblUsrWF(WID int,LevelID int,Type int,CtWef float,LvWef int)
EXEC spRPT_GetReportData @Type=8,@Param1=@UserID,@strXML=null,@RoleID=@RoleID set @query=''  SELECT DT.CostCenterID,DT.DocumentName,DT.DocumentType,DT.IsInventory,count(*) CNT
FROM (
 SELECT INV.CostCenterID
FROM INV_DocDetails INV with(nolock)''
if(@where<>'''')
	set @query=@query+'' join com_docccdata d with(nolock) on INV.INVDocDetailsid=d.INVDocDetailsid''	

set @query=@query+'' ,#TblUsrWF WF
WHERE WF.WID=INV.WorkflowID and (WF.LevelID>INV.WorkFlowLevel or (WF.LevelID+1=INV.WorkFlowLevel and INV.StatusID=372)) and (INV.StatusID=371 or INV.StatusID=372 or INV.StatusID=441) AND (WF.Type=1 or (INV.WorkFlowLevel+1=WF.LevelID and INV.StatusID!=372) or (WF.LevelID+1=INV.WorkFlowLevel and INV.StatusID=372) or (WF.CtWef is not null and INV.WorkFlowLevel>=WF.LvWef
    and INV.CreatedDate+WF.CtWef<=convert(float,getdate())))  ''+@where+''
GROUP BY INV.CostCenterID,INV.VoucherNo
UNION ALL
SELECT ACC.CostCenterID
FROM ACC_DocDetails ACC with(nolock)''
if(@where<>'''')
	set @query=@query+'' join com_docccdata d with(nolock) on ACC.ACCDocDetailsid=d.ACCDocDetailsid''	

set @query=@query+'',#TblUsrWF WF
WHERE ACC.LinkedAccDocDetailsID is null and ACC.InvDocDetailsID is null and WF.WID=ACC.WorkflowID and (WF.LevelID>ACC.WorkFlowLevel or (WF.LevelID+1=ACC.WorkFlowLevel and ACC.StatusID=372)) and (ACC.StatusID=371 or ACC.StatusID=372 or ACC.StatusID=441) AND (WF.Type=1 or (ACC.WorkFlowLevel+1=WF.LevelID and ACC.StatusID!=372) or (WF.LevelID+1=ACC.WorkFlowLevel and ACC.StatusID=372) or (WF.CtWef is not null and ACC.WorkFlowLevel>=WF.LvWef
    and ACC.CreatedDate+WF.CtWef<=convert(float,getdate())))   ''+@where+''
GROUP BY ACC.CostCenterID,ACC.VoucherNo  ) AS T
JOIN ADM_DocumentTypes DT with(nolock) ON T.CostCenterID=DT.CostCenterID
GROUP BY DT.CostCenterID,DT.DocumentName,DT.DocumentType,DT.IsInventory  
UNION ALL
SELECT DT.FeatureID CostCenterID,DT.Name DocumentName,-DT.FeatureID DocumentType,0 IsInventory,count(*) CNT
FROM (
SELECT INV.CostCenterID FROM REN_Contract INV WITH(NOLOCK),#TblUsrWF WF
WHERE  WF.WID=INV.WorkflowID and WF.LevelID>INV.WorkFlowLevel and (INV.StatusID=440 or INV.StatusID=470 or INV.StatusID=466) AND (WF.Type=1 or (INV.WorkFlowLevel+1=WF.LevelID and INV.StatusID!=470)  or (WF.CtWef is not null and INV.WorkFlowLevel>=WF.LvWef
 and INV.CreatedDate+WF.CtWef<=convert(float,getdate()))) AND INV.RefContractID=0 ) AS T
JOIN ADM_Features DT with(nolock) ON T.CostCenterID=DT.FeatureID
GROUP BY DT.FeatureID,DT.Name 
ORDER BY DocumentName''
exec(@query)

DROP TABLE #TblUsrWF
'
 ,1
 ,1
[System: 192.168.1.76] DEBUG | 07/02/2026 13:13:51.719 | General Service|:: CompanyIndex:1 SpName: spADM_GetDataSet 
 'select * from COM_TokenHistory WITH(NOLOCK) where JwtToken=''eyJhbGciOiJIUzI1NiIsInR5cCI6IkpXVCJ9.eyJ1bmlxdWVfbmFtZSI6ImFkbWluLDEsMSwxIiwibmJmIjoxNzgyOTc3NDQ5LCJleHAiOjE3ODMwMDYyNDksImlhdCI6MTc4Mjk3NzQ0OX0.mWp9cMlgq1SGgCBokxDdv197IyH69_DbQZhVdiK8Dk8'''
 ,1
 ,1
[System: 192.168.1.54] DEBUG | 07/02/2026 13:13:53.968 | General Service|:: CompanyIndex:1 SpName: spADM_GetDataSet 
 'declare @UserID int,@RoleID int,@UserName NVARCHAR(100),@where nvarchar(max),@query nvarchar(max)
set @UserID=1
set @RoleID=1-- Employee:-1
SELECT @UserName=UserName From ADM_Users WITH(NOLOCK) WHERE UserID=@UserID
exec [fnGet_GetAssignedDims] @UserID,@RoleID,@where output
 create table #TblUsrWF(WID int,LevelID int,Type int,CtWef float,LvWef int)
EXEC spRPT_GetReportData @Type=8,@Param1=@UserID,@strXML=null,@RoleID=@RoleID set @query=''  SELECT DT.CostCenterID,DT.DocumentName,DT.DocumentType,DT.IsInventory,count(*) CNT
FROM (
 SELECT INV.CostCenterID
FROM INV_DocDetails INV with(nolock)''
if(@where<>'''')
	set @query=@query+'' join com_docccdata d with(nolock) on INV.INVDocDetailsid=d.INVDocDetailsid''	

set @query=@query+'' ,#TblUsrWF WF
WHERE WF.WID=INV.WorkflowID and (WF.LevelID>INV.WorkFlowLevel or (WF.LevelID+1=INV.WorkFlowLevel and INV.StatusID=372)) and (INV.StatusID=371 or INV.StatusID=372 or INV.StatusID=441) AND (WF.Type=1 or (INV.WorkFlowLevel+1=WF.LevelID and INV.StatusID!=372) or (WF.LevelID+1=INV.WorkFlowLevel and INV.StatusID=372) or (WF.CtWef is not null and INV.WorkFlowLevel>=WF.LvWef
and INV.CreatedDate+WF.CtWef<=convert(float,getdate())))  ''+@where+''
GROUP BY INV.CostCenterID,INV.VoucherNo
UNION ALL
SELECT ACC.CostCenterID
FROM ACC_DocDetails ACC with(nolock)''
if(@where<>'''')
	set @query=@query+'' join com_docccdata d with(nolock) on ACC.ACCDocDetailsid=d.ACCDocDetailsid''	

set @query=@query+'',#TblUsrWF WF
WHERE ACC.LinkedAccDocDetailsID is null and ACC.InvDocDetailsID is null and WF.WID=ACC.WorkflowID and (WF.LevelID>ACC.WorkFlowLevel or (WF.LevelID+1=ACC.WorkFlowLevel and ACC.StatusID=372)) and (ACC.StatusID=371 or ACC.StatusID=372 or ACC.StatusID=441) AND (WF.Type=1 or (ACC.WorkFlowLevel+1=WF.LevelID and ACC.StatusID!=372) or (WF.LevelID+1=ACC.WorkFlowLevel and ACC.StatusID=372) or (WF.CtWef is not null and ACC.WorkFlowLevel>=WF.LvWef
and ACC.CreatedDate+WF.CtWef<=convert(float,getdate())))   ''+@where+''
GROUP BY ACC.CostCenterID,ACC.VoucherNo  ) AS T
JOIN ADM_DocumentTypes DT with(nolock) ON T.CostCenterID=DT.CostCenterID
GROUP BY DT.CostCenterID,DT.DocumentName,DT.DocumentType,DT.IsInventory  
UNION ALL
SELECT DT.FeatureID CostCenterID,DT.Name DocumentName,-DT.FeatureID DocumentType,0 IsInventory,count(*) CNT
FROM (
SELECT INV.CostCenterID FROM REN_Contract INV WITH(NOLOCK),#TblUsrWF WF
WHERE  WF.WID=INV.WorkflowID and WF.LevelID>INV.WorkFlowLevel and (INV.StatusID=440 or INV.StatusID=470 or INV.StatusID=466) AND (WF.Type=1 or (INV.WorkFlowLevel+1=WF.LevelID and INV.StatusID!=470)  or (WF.CtWef is not null and INV.WorkFlowLevel>=WF.LvWef
 and INV.CreatedDate+WF.CtWef<=convert(float,getdate()))) AND INV.RefContractID=0 ) AS T
JOIN ADM_Features DT with(nolock) ON T.CostCenterID=DT.FeatureID
GROUP BY DT.FeatureID,DT.Name 
ORDER BY DocumentName''
exec(@query)

DROP TABLE #TblUsrWF
'
 ,1
 ,1
[System: 192.168.1.54] DEBUG | 07/02/2026 13:13:53.968 | General Service|:: CompanyIndex:1 SpName: spADM_GetDataSet 
 'select * from COM_TokenHistory WITH(NOLOCK) where JwtToken=''eyJhbGciOiJIUzI1NiIsInR5cCI6IkpXVCJ9.eyJ1bmlxdWVfbmFtZSI6ImFkbWluLDEsMSwxIiwibmJmIjoxNzgyOTc2NDkyLCJleHAiOjE3ODMwMDUyOTIsImlhdCI6MTc4Mjk3NjQ5Mn0.UGzeBsXuSi_ASW564ATkMzxiPEfS_S0IdYiI1WXp6f0'''
 ,1
 ,1
[System: 192.168.1.76] DEBUG | 07/02/2026 13:14:51.725 | General Service|:: CompanyIndex:1 SpName: spADM_GetDataSet 
 'declare @UserID int,@RoleID int,@UserName NVARCHAR(100),@where nvarchar(max),@query nvarchar(max)
set @UserID=1
set @RoleID=1-- Employee:-1
SELECT @UserName=UserName From ADM_Users WITH(NOLOCK) WHERE UserID=@UserID
exec [fnGet_GetAssignedDims] @UserID,@RoleID,@where output
 create table #TblUsrWF(WID int,LevelID int,Type int,CtWef float,LvWef int)
EXEC spRPT_GetReportData @Type=8,@Param1=@UserID,@strXML=null,@RoleID=@RoleID set @query=''  SELECT DT.CostCenterID,DT.DocumentName,DT.DocumentType,DT.IsInventory,count(*) CNT
FROM (
 SELECT INV.CostCenterID
FROM INV_DocDetails INV with(nolock)''
if(@where<>'''')
	set @query=@query+'' join com_docccdata d with(nolock) on INV.INVDocDetailsid=d.INVDocDetailsid''	

set @query=@query+'' ,#TblUsrWF WF
WHERE WF.WID=INV.WorkflowID and (WF.LevelID>INV.WorkFlowLevel or (WF.LevelID+1=INV.WorkFlowLevel and INV.StatusID=372)) and (INV.StatusID=371 or INV.StatusID=372 or INV.StatusID=441) AND (WF.Type=1 or (INV.WorkFlowLevel+1=WF.LevelID and INV.StatusID!=372) or (WF.LevelID+1=INV.WorkFlowLevel and INV.StatusID=372) or (WF.CtWef is not null and INV.WorkFlowLevel>=WF.LvWef
    and INV.CreatedDate+WF.CtWef<=convert(float,getdate())))  ''+@where+''
GROUP BY INV.CostCenterID,INV.VoucherNo
UNION ALL
SELECT ACC.CostCenterID
FROM ACC_DocDetails ACC with(nolock)''
if(@where<>'''')
	set @query=@query+'' join com_docccdata d with(nolock) on ACC.ACCDocDetailsid=d.ACCDocDetailsid''	

set @query=@query+'',#TblUsrWF WF
WHERE ACC.LinkedAccDocDetailsID is null and ACC.InvDocDetailsID is null and WF.WID=ACC.WorkflowID and (WF.LevelID>ACC.WorkFlowLevel or (WF.LevelID+1=ACC.WorkFlowLevel and ACC.StatusID=372)) and (ACC.StatusID=371 or ACC.StatusID=372 or ACC.StatusID=441) AND (WF.Type=1 or (ACC.WorkFlowLevel+1=WF.LevelID and ACC.StatusID!=372) or (WF.LevelID+1=ACC.WorkFlowLevel and ACC.StatusID=372) or (WF.CtWef is not null and ACC.WorkFlowLevel>=WF.LvWef
    and ACC.CreatedDate+WF.CtWef<=convert(float,getdate())))   ''+@where+''
GROUP BY ACC.CostCenterID,ACC.VoucherNo  ) AS T
JOIN ADM_DocumentTypes DT with(nolock) ON T.CostCenterID=DT.CostCenterID
GROUP BY DT.CostCenterID,DT.DocumentName,DT.DocumentType,DT.IsInventory  
UNION ALL
SELECT DT.FeatureID CostCenterID,DT.Name DocumentName,-DT.FeatureID DocumentType,0 IsInventory,count(*) CNT
FROM (
SELECT INV.CostCenterID FROM REN_Contract INV WITH(NOLOCK),#TblUsrWF WF
WHERE  WF.WID=INV.WorkflowID and WF.LevelID>INV.WorkFlowLevel and (INV.StatusID=440 or INV.StatusID=470 or INV.StatusID=466) AND (WF.Type=1 or (INV.WorkFlowLevel+1=WF.LevelID and INV.StatusID!=470)  or (WF.CtWef is not null and INV.WorkFlowLevel>=WF.LvWef
 and INV.CreatedDate+WF.CtWef<=convert(float,getdate()))) AND INV.RefContractID=0 ) AS T
JOIN ADM_Features DT with(nolock) ON T.CostCenterID=DT.FeatureID
GROUP BY DT.FeatureID,DT.Name 
ORDER BY DocumentName''
exec(@query)

DROP TABLE #TblUsrWF
'
 ,1
 ,1
[System: 192.168.1.76] DEBUG | 07/02/2026 13:14:51.725 | General Service|:: CompanyIndex:1 SpName: spADM_GetDataSet 
 'select * from COM_TokenHistory WITH(NOLOCK) where JwtToken=''eyJhbGciOiJIUzI1NiIsInR5cCI6IkpXVCJ9.eyJ1bmlxdWVfbmFtZSI6ImFkbWluLDEsMSwxIiwibmJmIjoxNzgyOTc3NDQ5LCJleHAiOjE3ODMwMDYyNDksImlhdCI6MTc4Mjk3NzQ0OX0.mWp9cMlgq1SGgCBokxDdv197IyH69_DbQZhVdiK8Dk8'''
 ,1
 ,1
[System: 192.168.1.54] DEBUG | 07/02/2026 13:14:54.210 | General Service|:: CompanyIndex:0 SpName: spADM_Login 
 4
 ,''
 ,''
 ,''
 ,'declare @AllowSession bit,@GUID nvarchar(50)
set @AllowSession=0
set @GUID=''3591c8e2-8abb-4d54-a02b-114497bdbae7''
if exists(select [GUID] from ADM_Login with(nolock) where [GUID]=@GUID)
begin
    update ADM_Login  set LastAccessTime=convert(float,getdate()) where [GUID]=@GUID
    set @AllowSession=1
end
select @AllowSession AllowSession
'
 ,''
 ,0
[System: 192.168.1.54] DEBUG | 07/02/2026 13:14:54.210 | General Service|:: CompanyIndex:1 SpName: spCOM_ConfigValues 
 1
 ,'NotifTime'
 ,''
[System: 192.168.1.54] DEBUG | 07/02/2026 13:14:55.553 | General Service|:: CompanyIndex:1 SpName: spADM_GetDataSet 
 'select * from COM_TokenHistory WITH(NOLOCK) where JwtToken=''eyJhbGciOiJIUzI1NiIsInR5cCI6IkpXVCJ9.eyJ1bmlxdWVfbmFtZSI6ImFkbWluLDEsMSwxIiwibmJmIjoxNzgyOTc2NDkyLCJleHAiOjE3ODMwMDUyOTIsImlhdCI6MTc4Mjk3NjQ5Mn0.UGzeBsXuSi_ASW564ATkMzxiPEfS_S0IdYiI1WXp6f0'''
 ,1
 ,1
[System: 192.168.1.54] DEBUG | 07/02/2026 13:14:55.569 | General Service|:: CompanyIndex:1 SpName: spADM_GetDataSet 
 'select * from COM_TokenHistory WITH(NOLOCK) where JwtToken=''eyJhbGciOiJIUzI1NiIsInR5cCI6IkpXVCJ9.eyJ1bmlxdWVfbmFtZSI6ImFkbWluLDEsMSwxIiwibmJmIjoxNzgyOTc2NDkyLCJleHAiOjE3ODMwMDUyOTIsImlhdCI6MTc4Mjk3NjQ5Mn0.UGzeBsXuSi_ASW564ATkMzxiPEfS_S0IdYiI1WXp6f0'''
 ,1
 ,1
[System: 192.168.1.76] DEBUG | 07/02/2026 13:15:49.603 | General Service|:: CompanyIndex:0 SpName: spADM_Login 
 4
 ,''
 ,''
 ,''
 ,'declare @AllowSession bit,@GUID nvarchar(50)
set @AllowSession=0
set @GUID=''b2c1f78c-ed5d-429c-b67a-0dd85a178c47''
if exists(select [GUID] from ADM_Login with(nolock) where [GUID]=@GUID)
begin
    update ADM_Login  set LastAccessTime=convert(float,getdate()) where [GUID]=@GUID
    set @AllowSession=1
end
select @AllowSession AllowSession
'
 ,''
 ,0
[System: 192.168.1.76] DEBUG | 07/02/2026 13:15:49.619 | General Service|:: CompanyIndex:1 SpName: spADM_GetDataSet 
 'select * from COM_TokenHistory WITH(NOLOCK) where JwtToken=''eyJhbGciOiJIUzI1NiIsInR5cCI6IkpXVCJ9.eyJ1bmlxdWVfbmFtZSI6ImFkbWluLDEsMSwxIiwibmJmIjoxNzgyOTc3NDQ5LCJleHAiOjE3ODMwMDYyNDksImlhdCI6MTc4Mjk3NzQ0OX0.mWp9cMlgq1SGgCBokxDdv197IyH69_DbQZhVdiK8Dk8'''
 ,1
 ,1
[System: 192.168.1.76] DEBUG | 07/02/2026 13:15:49.853 | General Service|:: CompanyIndex:1 SpName: spRPT_GetUnApprovedDocsCount 
 ''
 ,'1'
 ,'1'
 ,1
[System: 192.168.1.76] DEBUG | 07/02/2026 13:15:49.853 | General Service|:: CompanyIndex:1 SpName: spADM_GetDataSet 
 'select * from COM_TokenHistory WITH(NOLOCK) where JwtToken=''eyJhbGciOiJIUzI1NiIsInR5cCI6IkpXVCJ9.eyJ1bmlxdWVfbmFtZSI6ImFkbWluLDEsMSwxIiwibmJmIjoxNzgyOTc3NDQ5LCJleHAiOjE3ODMwMDYyNDksImlhdCI6MTc4Mjk3NzQ0OX0.mWp9cMlgq1SGgCBokxDdv197IyH69_DbQZhVdiK8Dk8'''
 ,1
 ,1
[System: 192.168.1.76] DEBUG | 07/02/2026 13:15:49.947 | General Service|:: CompanyIndex:1 SpName: spCOM_ConfigValues 
 1
 ,'NotifTime'
 ,''
[System: 192.168.1.76] DEBUG | 07/02/2026 13:15:49.963 | General Service|:: CompanyIndex:1 SpName: spADM_GetDataSet 
 'select * from COM_TokenHistory WITH(NOLOCK) where JwtToken=''eyJhbGciOiJIUzI1NiIsInR5cCI6IkpXVCJ9.eyJ1bmlxdWVfbmFtZSI6ImFkbWluLDEsMSwxIiwibmJmIjoxNzgyOTc3NDQ5LCJleHAiOjE3ODMwMDYyNDksImlhdCI6MTc4Mjk3NzQ0OX0.mWp9cMlgq1SGgCBokxDdv197IyH69_DbQZhVdiK8Dk8'''
 ,1
 ,1
[System: 192.168.1.76] DEBUG | 07/02/2026 13:15:51.712 | General Service|:: CompanyIndex:1 SpName: spADM_GetDataSet 
 'declare @UserID int,@RoleID int,@UserName NVARCHAR(100),@where nvarchar(max),@query nvarchar(max)
set @UserID=1
set @RoleID=1-- Employee:-1
SELECT @UserName=UserName From ADM_Users WITH(NOLOCK) WHERE UserID=@UserID
exec [fnGet_GetAssignedDims] @UserID,@RoleID,@where output
 create table #TblUsrWF(WID int,LevelID int,Type int,CtWef float,LvWef int)
EXEC spRPT_GetReportData @Type=8,@Param1=@UserID,@strXML=null,@RoleID=@RoleID set @query=''  SELECT DT.CostCenterID,DT.DocumentName,DT.DocumentType,DT.IsInventory,count(*) CNT
FROM (
 SELECT INV.CostCenterID
FROM INV_DocDetails INV with(nolock)''
if(@where<>'''')
	set @query=@query+'' join com_docccdata d with(nolock) on INV.INVDocDetailsid=d.INVDocDetailsid''	

set @query=@query+'' ,#TblUsrWF WF
WHERE WF.WID=INV.WorkflowID and (WF.LevelID>INV.WorkFlowLevel or (WF.LevelID+1=INV.WorkFlowLevel and INV.StatusID=372)) and (INV.StatusID=371 or INV.StatusID=372 or INV.StatusID=441) AND (WF.Type=1 or (INV.WorkFlowLevel+1=WF.LevelID and INV.StatusID!=372) or (WF.LevelID+1=INV.WorkFlowLevel and INV.StatusID=372) or (WF.CtWef is not null and INV.WorkFlowLevel>=WF.LvWef
    and INV.CreatedDate+WF.CtWef<=convert(float,getdate())))  ''+@where+''
GROUP BY INV.CostCenterID,INV.VoucherNo
UNION ALL
SELECT ACC.CostCenterID
FROM ACC_DocDetails ACC with(nolock)''
if(@where<>'''')
	set @query=@query+'' join com_docccdata d with(nolock) on ACC.ACCDocDetailsid=d.ACCDocDetailsid''	

set @query=@query+'',#TblUsrWF WF
WHERE ACC.LinkedAccDocDetailsID is null and ACC.InvDocDetailsID is null and WF.WID=ACC.WorkflowID and (WF.LevelID>ACC.WorkFlowLevel or (WF.LevelID+1=ACC.WorkFlowLevel and ACC.StatusID=372)) and (ACC.StatusID=371 or ACC.StatusID=372 or ACC.StatusID=441) AND (WF.Type=1 or (ACC.WorkFlowLevel+1=WF.LevelID and ACC.StatusID!=372) or (WF.LevelID+1=ACC.WorkFlowLevel and ACC.StatusID=372) or (WF.CtWef is not null and ACC.WorkFlowLevel>=WF.LvWef
    and ACC.CreatedDate+WF.CtWef<=convert(float,getdate())))   ''+@where+''
GROUP BY ACC.CostCenterID,ACC.VoucherNo  ) AS T
JOIN ADM_DocumentTypes DT with(nolock) ON T.CostCenterID=DT.CostCenterID
GROUP BY DT.CostCenterID,DT.DocumentName,DT.DocumentType,DT.IsInventory  
UNION ALL
SELECT DT.FeatureID CostCenterID,DT.Name DocumentName,-DT.FeatureID DocumentType,0 IsInventory,count(*) CNT
FROM (
SELECT INV.CostCenterID FROM REN_Contract INV WITH(NOLOCK),#TblUsrWF WF
WHERE  WF.WID=INV.WorkflowID and WF.LevelID>INV.WorkFlowLevel and (INV.StatusID=440 or INV.StatusID=470 or INV.StatusID=466) AND (WF.Type=1 or (INV.WorkFlowLevel+1=WF.LevelID and INV.StatusID!=470)  or (WF.CtWef is not null and INV.WorkFlowLevel>=WF.LvWef
 and INV.CreatedDate+WF.CtWef<=convert(float,getdate()))) AND INV.RefContractID=0 ) AS T
JOIN ADM_Features DT with(nolock) ON T.CostCenterID=DT.FeatureID
GROUP BY DT.FeatureID,DT.Name 
ORDER BY DocumentName''
exec(@query)

DROP TABLE #TblUsrWF
'
 ,1
 ,1
[System: 192.168.1.76] DEBUG | 07/02/2026 13:15:52.181 | General Service|:: CompanyIndex:1 SpName: spADM_GetDataSet 
 'select * from COM_TokenHistory WITH(NOLOCK) where JwtToken=''eyJhbGciOiJIUzI1NiIsInR5cCI6IkpXVCJ9.eyJ1bmlxdWVfbmFtZSI6ImFkbWluLDEsMSwxIiwibmJmIjoxNzgyOTc3NDQ5LCJleHAiOjE3ODMwMDYyNDksImlhdCI6MTc4Mjk3NzQ0OX0.mWp9cMlgq1SGgCBokxDdv197IyH69_DbQZhVdiK8Dk8'''
 ,1
 ,1
[System: 192.168.1.76] DEBUG | 07/02/2026 13:16:51.719 | General Service|:: CompanyIndex:1 SpName: spADM_GetDataSet 
 'declare @UserID int,@RoleID int,@UserName NVARCHAR(100),@where nvarchar(max),@query nvarchar(max)
set @UserID=1
set @RoleID=1-- Employee:-1
SELECT @UserName=UserName From ADM_Users WITH(NOLOCK) WHERE UserID=@UserID
exec [fnGet_GetAssignedDims] @UserID,@RoleID,@where output
 create table #TblUsrWF(WID int,LevelID int,Type int,CtWef float,LvWef int)
EXEC spRPT_GetReportData @Type=8,@Param1=@UserID,@strXML=null,@RoleID=@RoleID set @query=''  SELECT DT.CostCenterID,DT.DocumentName,DT.DocumentType,DT.IsInventory,count(*) CNT
FROM (
 SELECT INV.CostCenterID
FROM INV_DocDetails INV with(nolock)''
if(@where<>'''')
	set @query=@query+'' join com_docccdata d with(nolock) on INV.INVDocDetailsid=d.INVDocDetailsid''	

set @query=@query+'' ,#TblUsrWF WF
WHERE WF.WID=INV.WorkflowID and (WF.LevelID>INV.WorkFlowLevel or (WF.LevelID+1=INV.WorkFlowLevel and INV.StatusID=372)) and (INV.StatusID=371 or INV.StatusID=372 or INV.StatusID=441) AND (WF.Type=1 or (INV.WorkFlowLevel+1=WF.LevelID and INV.StatusID!=372) or (WF.LevelID+1=INV.WorkFlowLevel and INV.StatusID=372) or (WF.CtWef is not null and INV.WorkFlowLevel>=WF.LvWef
    and INV.CreatedDate+WF.CtWef<=convert(float,getdate())))  ''+@where+''
GROUP BY INV.CostCenterID,INV.VoucherNo
UNION ALL
SELECT ACC.CostCenterID
FROM ACC_DocDetails ACC with(nolock)''
if(@where<>'''')
	set @query=@query+'' join com_docccdata d with(nolock) on ACC.ACCDocDetailsid=d.ACCDocDetailsid''	

set @query=@query+'',#TblUsrWF WF
WHERE ACC.LinkedAccDocDetailsID is null and ACC.InvDocDetailsID is null and WF.WID=ACC.WorkflowID and (WF.LevelID>ACC.WorkFlowLevel or (WF.LevelID+1=ACC.WorkFlowLevel and ACC.StatusID=372)) and (ACC.StatusID=371 or ACC.StatusID=372 or ACC.StatusID=441) AND (WF.Type=1 or (ACC.WorkFlowLevel+1=WF.LevelID and ACC.StatusID!=372) or (WF.LevelID+1=ACC.WorkFlowLevel and ACC.StatusID=372) or (WF.CtWef is not null and ACC.WorkFlowLevel>=WF.LvWef
    and ACC.CreatedDate+WF.CtWef<=convert(float,getdate())))   ''+@where+''
GROUP BY ACC.CostCenterID,ACC.VoucherNo  ) AS T
JOIN ADM_DocumentTypes DT with(nolock) ON T.CostCenterID=DT.CostCenterID
GROUP BY DT.CostCenterID,DT.DocumentName,DT.DocumentType,DT.IsInventory  
UNION ALL
SELECT DT.FeatureID CostCenterID,DT.Name DocumentName,-DT.FeatureID DocumentType,0 IsInventory,count(*) CNT
FROM (
SELECT INV.CostCenterID FROM REN_Contract INV WITH(NOLOCK),#TblUsrWF WF
WHERE  WF.WID=INV.WorkflowID and WF.LevelID>INV.WorkFlowLevel and (INV.StatusID=440 or INV.StatusID=470 or INV.StatusID=466) AND (WF.Type=1 or (INV.WorkFlowLevel+1=WF.LevelID and INV.StatusID!=470)  or (WF.CtWef is not null and INV.WorkFlowLevel>=WF.LvWef
 and INV.CreatedDate+WF.CtWef<=convert(float,getdate()))) AND INV.RefContractID=0 ) AS T
JOIN ADM_Features DT with(nolock) ON T.CostCenterID=DT.FeatureID
GROUP BY DT.FeatureID,DT.Name 
ORDER BY DocumentName''
exec(@query)

DROP TABLE #TblUsrWF
'
 ,1
 ,1
[System: 192.168.1.76] DEBUG | 07/02/2026 13:16:51.719 | General Service|:: CompanyIndex:1 SpName: spADM_GetDataSet 
 'select * from COM_TokenHistory WITH(NOLOCK) where JwtToken=''eyJhbGciOiJIUzI1NiIsInR5cCI6IkpXVCJ9.eyJ1bmlxdWVfbmFtZSI6ImFkbWluLDEsMSwxIiwibmJmIjoxNzgyOTc3NDQ5LCJleHAiOjE3ODMwMDYyNDksImlhdCI6MTc4Mjk3NzQ0OX0.mWp9cMlgq1SGgCBokxDdv197IyH69_DbQZhVdiK8Dk8'''
 ,1
 ,1
[System: 192.168.1.76] DEBUG | 07/02/2026 13:17:51.772 | General Service|:: CompanyIndex:1 SpName: spADM_GetDataSet 
 'declare @UserID int,@RoleID int,@UserName NVARCHAR(100),@where nvarchar(max),@query nvarchar(max)
set @UserID=1
set @RoleID=1-- Employee:-1
SELECT @UserName=UserName From ADM_Users WITH(NOLOCK) WHERE UserID=@UserID
exec [fnGet_GetAssignedDims] @UserID,@RoleID,@where output
 create table #TblUsrWF(WID int,LevelID int,Type int,CtWef float,LvWef int)
EXEC spRPT_GetReportData @Type=8,@Param1=@UserID,@strXML=null,@RoleID=@RoleID set @query=''  SELECT DT.CostCenterID,DT.DocumentName,DT.DocumentType,DT.IsInventory,count(*) CNT
FROM (
 SELECT INV.CostCenterID
FROM INV_DocDetails INV with(nolock)''
if(@where<>'''')
	set @query=@query+'' join com_docccdata d with(nolock) on INV.INVDocDetailsid=d.INVDocDetailsid''	

set @query=@query+'' ,#TblUsrWF WF
WHERE WF.WID=INV.WorkflowID and (WF.LevelID>INV.WorkFlowLevel or (WF.LevelID+1=INV.WorkFlowLevel and INV.StatusID=372)) and (INV.StatusID=371 or INV.StatusID=372 or INV.StatusID=441) AND (WF.Type=1 or (INV.WorkFlowLevel+1=WF.LevelID and INV.StatusID!=372) or (WF.LevelID+1=INV.WorkFlowLevel and INV.StatusID=372) or (WF.CtWef is not null and INV.WorkFlowLevel>=WF.LvWef
    and INV.CreatedDate+WF.CtWef<=convert(float,getdate())))  ''+@where+''
GROUP BY INV.CostCenterID,INV.VoucherNo
UNION ALL
SELECT ACC.CostCenterID
FROM ACC_DocDetails ACC with(nolock)''
if(@where<>'''')
	set @query=@query+'' join com_docccdata d with(nolock) on ACC.ACCDocDetailsid=d.ACCDocDetailsid''	

set @query=@query+'',#TblUsrWF WF
WHERE ACC.LinkedAccDocDetailsID is null and ACC.InvDocDetailsID is null and WF.WID=ACC.WorkflowID and (WF.LevelID>ACC.WorkFlowLevel or (WF.LevelID+1=ACC.WorkFlowLevel and ACC.StatusID=372)) and (ACC.StatusID=371 or ACC.StatusID=372 or ACC.StatusID=441) AND (WF.Type=1 or (ACC.WorkFlowLevel+1=WF.LevelID and ACC.StatusID!=372) or (WF.LevelID+1=ACC.WorkFlowLevel and ACC.StatusID=372) or (WF.CtWef is not null and ACC.WorkFlowLevel>=WF.LvWef
    and ACC.CreatedDate+WF.CtWef<=convert(float,getdate())))   ''+@where+''
GROUP BY ACC.CostCenterID,ACC.VoucherNo  ) AS T
JOIN ADM_DocumentTypes DT with(nolock) ON T.CostCenterID=DT.CostCenterID
GROUP BY DT.CostCenterID,DT.DocumentName,DT.DocumentType,DT.IsInventory  
UNION ALL
SELECT DT.FeatureID CostCenterID,DT.Name DocumentName,-DT.FeatureID DocumentType,0 IsInventory,count(*) CNT
FROM (
SELECT INV.CostCenterID FROM REN_Contract INV WITH(NOLOCK),#TblUsrWF WF
WHERE  WF.WID=INV.WorkflowID and WF.LevelID>INV.WorkFlowLevel and (INV.StatusID=440 or INV.StatusID=470 or INV.StatusID=466) AND (WF.Type=1 or (INV.WorkFlowLevel+1=WF.LevelID and INV.StatusID!=470)  or (WF.CtWef is not null and INV.WorkFlowLevel>=WF.LvWef
 and INV.CreatedDate+WF.CtWef<=convert(float,getdate()))) AND INV.RefContractID=0 ) AS T
JOIN ADM_Features DT with(nolock) ON T.CostCenterID=DT.FeatureID
GROUP BY DT.FeatureID,DT.Name 
ORDER BY DocumentName''
exec(@query)

DROP TABLE #TblUsrWF
'
 ,1
 ,1
[System: 192.168.1.76] DEBUG | 07/02/2026 13:17:51.772 | General Service|:: CompanyIndex:1 SpName: spADM_GetDataSet 
 'select * from COM_TokenHistory WITH(NOLOCK) where JwtToken=''eyJhbGciOiJIUzI1NiIsInR5cCI6IkpXVCJ9.eyJ1bmlxdWVfbmFtZSI6ImFkbWluLDEsMSwxIiwibmJmIjoxNzgyOTc3NDQ5LCJleHAiOjE3ODMwMDYyNDksImlhdCI6MTc4Mjk3NzQ0OX0.mWp9cMlgq1SGgCBokxDdv197IyH69_DbQZhVdiK8Dk8'''
 ,1
 ,1
[System: 192.168.1.76] DEBUG | 07/02/2026 13:18:51.729 | General Service|:: CompanyIndex:1 SpName: spADM_GetDataSet 
 'declare @UserID int,@RoleID int,@UserName NVARCHAR(100),@where nvarchar(max),@query nvarchar(max)
set @UserID=1
set @RoleID=1-- Employee:-1
SELECT @UserName=UserName From ADM_Users WITH(NOLOCK) WHERE UserID=@UserID
exec [fnGet_GetAssignedDims] @UserID,@RoleID,@where output
 create table #TblUsrWF(WID int,LevelID int,Type int,CtWef float,LvWef int)
EXEC spRPT_GetReportData @Type=8,@Param1=@UserID,@strXML=null,@RoleID=@RoleID set @query=''  SELECT DT.CostCenterID,DT.DocumentName,DT.DocumentType,DT.IsInventory,count(*) CNT
FROM (
 SELECT INV.CostCenterID
FROM INV_DocDetails INV with(nolock)''
if(@where<>'''')
	set @query=@query+'' join com_docccdata d with(nolock) on INV.INVDocDetailsid=d.INVDocDetailsid''	

set @query=@query+'' ,#TblUsrWF WF
WHERE WF.WID=INV.WorkflowID and (WF.LevelID>INV.WorkFlowLevel or (WF.LevelID+1=INV.WorkFlowLevel and INV.StatusID=372)) and (INV.StatusID=371 or INV.StatusID=372 or INV.StatusID=441) AND (WF.Type=1 or (INV.WorkFlowLevel+1=WF.LevelID and INV.StatusID!=372) or (WF.LevelID+1=INV.WorkFlowLevel and INV.StatusID=372) or (WF.CtWef is not null and INV.WorkFlowLevel>=WF.LvWef
    and INV.CreatedDate+WF.CtWef<=convert(float,getdate())))  ''+@where+''
GROUP BY INV.CostCenterID,INV.VoucherNo
UNION ALL
SELECT ACC.CostCenterID
FROM ACC_DocDetails ACC with(nolock)''
if(@where<>'''')
	set @query=@query+'' join com_docccdata d with(nolock) on ACC.ACCDocDetailsid=d.ACCDocDetailsid''	

set @query=@query+'',#TblUsrWF WF
WHERE ACC.LinkedAccDocDetailsID is null and ACC.InvDocDetailsID is null and WF.WID=ACC.WorkflowID and (WF.LevelID>ACC.WorkFlowLevel or (WF.LevelID+1=ACC.WorkFlowLevel and ACC.StatusID=372)) and (ACC.StatusID=371 or ACC.StatusID=372 or ACC.StatusID=441) AND (WF.Type=1 or (ACC.WorkFlowLevel+1=WF.LevelID and ACC.StatusID!=372) or (WF.LevelID+1=ACC.WorkFlowLevel and ACC.StatusID=372) or (WF.CtWef is not null and ACC.WorkFlowLevel>=WF.LvWef
    and ACC.CreatedDate+WF.CtWef<=convert(float,getdate())))   ''+@where+''
GROUP BY ACC.CostCenterID,ACC.VoucherNo  ) AS T
JOIN ADM_DocumentTypes DT with(nolock) ON T.CostCenterID=DT.CostCenterID
GROUP BY DT.CostCenterID,DT.DocumentName,DT.DocumentType,DT.IsInventory  
UNION ALL
SELECT DT.FeatureID CostCenterID,DT.Name DocumentName,-DT.FeatureID DocumentType,0 IsInventory,count(*) CNT
FROM (
SELECT INV.CostCenterID FROM REN_Contract INV WITH(NOLOCK),#TblUsrWF WF
WHERE  WF.WID=INV.WorkflowID and WF.LevelID>INV.WorkFlowLevel and (INV.StatusID=440 or INV.StatusID=470 or INV.StatusID=466) AND (WF.Type=1 or (INV.WorkFlowLevel+1=WF.LevelID and INV.StatusID!=470)  or (WF.CtWef is not null and INV.WorkFlowLevel>=WF.LvWef
 and INV.CreatedDate+WF.CtWef<=convert(float,getdate()))) AND INV.RefContractID=0 ) AS T
JOIN ADM_Features DT with(nolock) ON T.CostCenterID=DT.FeatureID
GROUP BY DT.FeatureID,DT.Name 
ORDER BY DocumentName''
exec(@query)

DROP TABLE #TblUsrWF
'
 ,1
 ,1
[System: 192.168.1.76] DEBUG | 07/02/2026 13:18:51.729 | General Service|:: CompanyIndex:1 SpName: spADM_GetDataSet 
 'select * from COM_TokenHistory WITH(NOLOCK) where JwtToken=''eyJhbGciOiJIUzI1NiIsInR5cCI6IkpXVCJ9.eyJ1bmlxdWVfbmFtZSI6ImFkbWluLDEsMSwxIiwibmJmIjoxNzgyOTc3NDQ5LCJleHAiOjE3ODMwMDYyNDksImlhdCI6MTc4Mjk3NzQ0OX0.mWp9cMlgq1SGgCBokxDdv197IyH69_DbQZhVdiK8Dk8'''
 ,1
 ,1
[System: 192.168.1.76] DEBUG | 07/02/2026 13:19:51.721 | General Service|:: CompanyIndex:1 SpName: spADM_GetDataSet 
 'declare @UserID int,@RoleID int,@UserName NVARCHAR(100),@where nvarchar(max),@query nvarchar(max)
set @UserID=1
set @RoleID=1-- Employee:-1
SELECT @UserName=UserName From ADM_Users WITH(NOLOCK) WHERE UserID=@UserID
exec [fnGet_GetAssignedDims] @UserID,@RoleID,@where output
 create table #TblUsrWF(WID int,LevelID int,Type int,CtWef float,LvWef int)
EXEC spRPT_GetReportData @Type=8,@Param1=@UserID,@strXML=null,@RoleID=@RoleID set @query=''  SELECT DT.CostCenterID,DT.DocumentName,DT.DocumentType,DT.IsInventory,count(*) CNT
FROM (
 SELECT INV.CostCenterID
FROM INV_DocDetails INV with(nolock)''
if(@where<>'''')
	set @query=@query+'' join com_docccdata d with(nolock) on INV.INVDocDetailsid=d.INVDocDetailsid''	

set @query=@query+'' ,#TblUsrWF WF
WHERE WF.WID=INV.WorkflowID and (WF.LevelID>INV.WorkFlowLevel or (WF.LevelID+1=INV.WorkFlowLevel and INV.StatusID=372)) and (INV.StatusID=371 or INV.StatusID=372 or INV.StatusID=441) AND (WF.Type=1 or (INV.WorkFlowLevel+1=WF.LevelID and INV.StatusID!=372) or (WF.LevelID+1=INV.WorkFlowLevel and INV.StatusID=372) or (WF.CtWef is not null and INV.WorkFlowLevel>=WF.LvWef
    and INV.CreatedDate+WF.CtWef<=convert(float,getdate())))  ''+@where+''
GROUP BY INV.CostCenterID,INV.VoucherNo
UNION ALL
SELECT ACC.CostCenterID
FROM ACC_DocDetails ACC with(nolock)''
if(@where<>'''')
	set @query=@query+'' join com_docccdata d with(nolock) on ACC.ACCDocDetailsid=d.ACCDocDetailsid''	

set @query=@query+'',#TblUsrWF WF
WHERE ACC.LinkedAccDocDetailsID is null and ACC.InvDocDetailsID is null and WF.WID=ACC.WorkflowID and (WF.LevelID>ACC.WorkFlowLevel or (WF.LevelID+1=ACC.WorkFlowLevel and ACC.StatusID=372)) and (ACC.StatusID=371 or ACC.StatusID=372 or ACC.StatusID=441) AND (WF.Type=1 or (ACC.WorkFlowLevel+1=WF.LevelID and ACC.StatusID!=372) or (WF.LevelID+1=ACC.WorkFlowLevel and ACC.StatusID=372) or (WF.CtWef is not null and ACC.WorkFlowLevel>=WF.LvWef
    and ACC.CreatedDate+WF.CtWef<=convert(float,getdate())))   ''+@where+''
GROUP BY ACC.CostCenterID,ACC.VoucherNo  ) AS T
JOIN ADM_DocumentTypes DT with(nolock) ON T.CostCenterID=DT.CostCenterID
GROUP BY DT.CostCenterID,DT.DocumentName,DT.DocumentType,DT.IsInventory  
UNION ALL
SELECT DT.FeatureID CostCenterID,DT.Name DocumentName,-DT.FeatureID DocumentType,0 IsInventory,count(*) CNT
FROM (
SELECT INV.CostCenterID FROM REN_Contract INV WITH(NOLOCK),#TblUsrWF WF
WHERE  WF.WID=INV.WorkflowID and WF.LevelID>INV.WorkFlowLevel and (INV.StatusID=440 or INV.StatusID=470 or INV.StatusID=466) AND (WF.Type=1 or (INV.WorkFlowLevel+1=WF.LevelID and INV.StatusID!=470)  or (WF.CtWef is not null and INV.WorkFlowLevel>=WF.LvWef
 and INV.CreatedDate+WF.CtWef<=convert(float,getdate()))) AND INV.RefContractID=0 ) AS T
JOIN ADM_Features DT with(nolock) ON T.CostCenterID=DT.FeatureID
GROUP BY DT.FeatureID,DT.Name 
ORDER BY DocumentName''
exec(@query)

DROP TABLE #TblUsrWF
'
 ,1
 ,1
[System: 192.168.1.76] DEBUG | 07/02/2026 13:19:51.736 | General Service|:: CompanyIndex:1 SpName: spADM_GetDataSet 
 'select * from COM_TokenHistory WITH(NOLOCK) where JwtToken=''eyJhbGciOiJIUzI1NiIsInR5cCI6IkpXVCJ9.eyJ1bmlxdWVfbmFtZSI6ImFkbWluLDEsMSwxIiwibmJmIjoxNzgyOTc3NDQ5LCJleHAiOjE3ODMwMDYyNDksImlhdCI6MTc4Mjk3NzQ0OX0.mWp9cMlgq1SGgCBokxDdv197IyH69_DbQZhVdiK8Dk8'''
 ,1
 ,1
[System: 192.168.1.76] DEBUG | 07/02/2026 13:20:50.603 | General Service|:: CompanyIndex:1 SpName: spRPT_GetUnApprovedDocsCount 
 ''
 ,'1'
 ,'1'
 ,1
[System: 192.168.1.76] DEBUG | 07/02/2026 13:20:50.728 | General Service|:: CompanyIndex:1 SpName: spADM_GetDataSet 
 'select * from COM_TokenHistory WITH(NOLOCK) where JwtToken=''eyJhbGciOiJIUzI1NiIsInR5cCI6IkpXVCJ9.eyJ1bmlxdWVfbmFtZSI6ImFkbWluLDEsMSwxIiwibmJmIjoxNzgyOTc3NDQ5LCJleHAiOjE3ODMwMDYyNDksImlhdCI6MTc4Mjk3NzQ0OX0.mWp9cMlgq1SGgCBokxDdv197IyH69_DbQZhVdiK8Dk8'''
 ,1
 ,1
[System: 192.168.1.76] DEBUG | 07/02/2026 13:20:50.743 | General Service|:: CompanyIndex:1 SpName: spCOM_ConfigValues 
 1
 ,'NotifTime'
 ,''
[System: 192.168.1.76] DEBUG | 07/02/2026 13:20:50.759 | General Service|:: CompanyIndex:1 SpName: spADM_GetDataSet 
 'select * from COM_TokenHistory WITH(NOLOCK) where JwtToken=''eyJhbGciOiJIUzI1NiIsInR5cCI6IkpXVCJ9.eyJ1bmlxdWVfbmFtZSI6ImFkbWluLDEsMSwxIiwibmJmIjoxNzgyOTc3NDQ5LCJleHAiOjE3ODMwMDYyNDksImlhdCI6MTc4Mjk3NzQ0OX0.mWp9cMlgq1SGgCBokxDdv197IyH69_DbQZhVdiK8Dk8'''
 ,1
 ,1
[System: 192.168.1.76] DEBUG | 07/02/2026 13:20:52.275 | General Service|:: CompanyIndex:1 SpName: spADM_GetDataSet 
 'declare @UserID int,@RoleID int,@UserName NVARCHAR(100),@where nvarchar(max),@query nvarchar(max)
set @UserID=1
set @RoleID=1-- Employee:-1
SELECT @UserName=UserName From ADM_Users WITH(NOLOCK) WHERE UserID=@UserID
exec [fnGet_GetAssignedDims] @UserID,@RoleID,@where output
 create table #TblUsrWF(WID int,LevelID int,Type int,CtWef float,LvWef int)
EXEC spRPT_GetReportData @Type=8,@Param1=@UserID,@strXML=null,@RoleID=@RoleID set @query=''  SELECT DT.CostCenterID,DT.DocumentName,DT.DocumentType,DT.IsInventory,count(*) CNT
FROM (
 SELECT INV.CostCenterID
FROM INV_DocDetails INV with(nolock)''
if(@where<>'''')
	set @query=@query+'' join com_docccdata d with(nolock) on INV.INVDocDetailsid=d.INVDocDetailsid''	

set @query=@query+'' ,#TblUsrWF WF
WHERE WF.WID=INV.WorkflowID and (WF.LevelID>INV.WorkFlowLevel or (WF.LevelID+1=INV.WorkFlowLevel and INV.StatusID=372)) and (INV.StatusID=371 or INV.StatusID=372 or INV.StatusID=441) AND (WF.Type=1 or (INV.WorkFlowLevel+1=WF.LevelID and INV.StatusID!=372) or (WF.LevelID+1=INV.WorkFlowLevel and INV.StatusID=372) or (WF.CtWef is not null and INV.WorkFlowLevel>=WF.LvWef
    and INV.CreatedDate+WF.CtWef<=convert(float,getdate())))  ''+@where+''
GROUP BY INV.CostCenterID,INV.VoucherNo
UNION ALL
SELECT ACC.CostCenterID
FROM ACC_DocDetails ACC with(nolock)''
if(@where<>'''')
	set @query=@query+'' join com_docccdata d with(nolock) on ACC.ACCDocDetailsid=d.ACCDocDetailsid''	

set @query=@query+'',#TblUsrWF WF
WHERE ACC.LinkedAccDocDetailsID is null and ACC.InvDocDetailsID is null and WF.WID=ACC.WorkflowID and (WF.LevelID>ACC.WorkFlowLevel or (WF.LevelID+1=ACC.WorkFlowLevel and ACC.StatusID=372)) and (ACC.StatusID=371 or ACC.StatusID=372 or ACC.StatusID=441) AND (WF.Type=1 or (ACC.WorkFlowLevel+1=WF.LevelID and ACC.StatusID!=372) or (WF.LevelID+1=ACC.WorkFlowLevel and ACC.StatusID=372) or (WF.CtWef is not null and ACC.WorkFlowLevel>=WF.LvWef
    and ACC.CreatedDate+WF.CtWef<=convert(float,getdate())))   ''+@where+''
GROUP BY ACC.CostCenterID,ACC.VoucherNo  ) AS T
JOIN ADM_DocumentTypes DT with(nolock) ON T.CostCenterID=DT.CostCenterID
GROUP BY DT.CostCenterID,DT.DocumentName,DT.DocumentType,DT.IsInventory  
UNION ALL
SELECT DT.FeatureID CostCenterID,DT.Name DocumentName,-DT.FeatureID DocumentType,0 IsInventory,count(*) CNT
FROM (
SELECT INV.CostCenterID FROM REN_Contract INV WITH(NOLOCK),#TblUsrWF WF
WHERE  WF.WID=INV.WorkflowID and WF.LevelID>INV.WorkFlowLevel and (INV.StatusID=440 or INV.StatusID=470 or INV.StatusID=466) AND (WF.Type=1 or (INV.WorkFlowLevel+1=WF.LevelID and INV.StatusID!=470)  or (WF.CtWef is not null and INV.WorkFlowLevel>=WF.LvWef
 and INV.CreatedDate+WF.CtWef<=convert(float,getdate()))) AND INV.RefContractID=0 ) AS T
JOIN ADM_Features DT with(nolock) ON T.CostCenterID=DT.FeatureID
GROUP BY DT.FeatureID,DT.Name 
ORDER BY DocumentName''
exec(@query)

DROP TABLE #TblUsrWF
'
 ,1
 ,1
[System: 192.168.1.76] DEBUG | 07/02/2026 13:20:52.275 | General Service|:: CompanyIndex:1 SpName: spADM_GetDataSet 
 'select * from COM_TokenHistory WITH(NOLOCK) where JwtToken=''eyJhbGciOiJIUzI1NiIsInR5cCI6IkpXVCJ9.eyJ1bmlxdWVfbmFtZSI6ImFkbWluLDEsMSwxIiwibmJmIjoxNzgyOTc3NDQ5LCJleHAiOjE3ODMwMDYyNDksImlhdCI6MTc4Mjk3NzQ0OX0.mWp9cMlgq1SGgCBokxDdv197IyH69_DbQZhVdiK8Dk8'''
 ,1
 ,1
[System: 192.168.1.76] DEBUG | 07/02/2026 13:20:57.680 | General Service|:: CompanyIndex:0 SpName: spADM_Login 
 6
 ,'b2c1f78c-ed5d-429c-b67a-0dd85a178c47'
 ,''
 ,''
 ,''
 ,''
 ,1
[System: 192.168.1.76] DEBUG | 07/02/2026 13:20:57.680 | General Service|:: CompanyIndex:1 SpName: spADM_GetDataSet 
 'select * from COM_TokenHistory WITH(NOLOCK) where JwtToken=''eyJhbGciOiJIUzI1NiIsInR5cCI6IkpXVCJ9.eyJ1bmlxdWVfbmFtZSI6ImFkbWluLDEsMSwxIiwibmJmIjoxNzgyOTc3NDQ5LCJleHAiOjE3ODMwMDYyNDksImlhdCI6MTc4Mjk3NzQ0OX0.mWp9cMlgq1SGgCBokxDdv197IyH69_DbQZhVdiK8Dk8'''
 ,1
 ,1
[System: 192.168.1.76] DEBUG | 07/02/2026 13:20:57.711 | General Service|:: CompanyIndex:1 SpName: sp_SetTokenHistory 
 0
 ,'eyJhbGciOiJIUzI1NiIsInR5cCI6IkpXVCJ9.eyJ1bmlxdWVfbmFtZSI6ImFkbWluLDEsMSwxIiwibmJmIjoxNzgyOTc3NDQ5LCJleHAiOjE3ODMwMDYyNDksImlhdCI6MTc4Mjk3NzQ0OX0.mWp9cMlgq1SGgCBokxDdv197IyH69_DbQZhVdiK8Dk8'
 ,''
 ,NULL
 ,1
 ,1
 message=Saved Succesfully
[System: 192.168.1.76] DEBUG | 07/02/2026 13:20:57.711 | General Service|:: CompanyIndex:1 SpName: spADM_GetDataSet 
 'select * from COM_TokenHistory WITH(NOLOCK) where JwtToken=''eyJhbGciOiJIUzI1NiIsInR5cCI6IkpXVCJ9.eyJ1bmlxdWVfbmFtZSI6ImFkbWluLDEsMSwxIiwibmJmIjoxNzgyOTc3NDQ5LCJleHAiOjE3ODMwMDYyNDksImlhdCI6MTc4Mjk3NzQ0OX0.mWp9cMlgq1SGgCBokxDdv197IyH69_DbQZhVdiK8Dk8'''
 ,1
 ,1
[System: 192.168.1.76] DEBUG | 07/02/2026 13:21:37.251 | General Service|:: CompanyIndex:0 SpName: spADM_GetClientUserDetails2C 
 'admin'
 ,1
 ,0
[System: 192.168.1.76] DEBUG | 07/02/2026 13:21:37.298 | General Service|:: CompanyIndex:0 SpName: spADM_UserLoginCheck 
 2
 ,'admin'
 ,0
 ,'192.168.1.76'
 ,'192.168.1.76'
 ,''
 ,'Web'
 ,1
